source_db,trial_id,LOSS_13_def1,LOSS_13_def3,LOSS_14_def1,LOSS_14_def3,LOSS_15_def1,LOSS_15_def3,LOSS_16_def1,LOSS_16_def3,LOSS_17_def1,LOSS_17_def3,LOSS_18_def1,LOSS_18_def3,LOSS_19_def1,LOSS_19_def3,LOSS_20_def1,LOSS_20_def3,has_laziness,param_id_threshold,param_sensory_prec_slope,param_k_shelter,param_k_threat,param_delta_stay,metric_entropy,metric_laziness,metric_n_ch_co,metric_n_co_ch,metric_n_co_sh,metric_n_sh_co,metric_t_investigating,metric_t_shelter
Resilient_hab.db,0,98.55930481738274,38.949777952360414,105.6038758801412,53.4831809536752,166.43019893506505,94.28316418763129,47.23811799463453,110.56292816879872,81.38044843749611,86.00659249330369,82.31331488295218,62.33960647318311,36.34467998641471,141.73266082912642,24.62206899137268,32.53055234095527,True,0.15,0.15,3.5,0.2,3.0,4.437247389550706,0.6675,24.0,25.0,7.0,8.0,0.497,0.1705
Resilient_hab.db,1,135.11608318210804,66.26198295915539,143.9590222168214,76.12574680742345,190.53672950883214,126.14373545582826,42.786086467179295,150.62701357912294,99.78235307836314,85.89718882946534,125.13730013698581,96.2348844185059,87.09579426150336,200.02045382436862,41.50375203381299,38.85243243715191,True,0.3024580721799295,0.1814805079430321,1.859655152044377,0.31234840237505257,4.817122782147093,3.9899805620203534,0.772,14.0,15.0,8.0,9.0,0.726,0.092
Resilient_hab.db,2,113.97521226529753,48.65637097050014,123.59441161709353,61.649246771518435,178.74837661522895,107.32377518228955,36.854010587428135,130.4197219094555,87.43729081959248,82.34627104028968,104.29968215315162,77.5888888838218,57.79875410090909,177.03083406674963,26.86352370498356,26.052155406100198,True,0.31289562394043313,0.06854267481640983,2.795177510031426,0.17187355722997896,5.687049601238425,4.263146093622495,0.7005,17.0,18.0,4.0,5.0,0.6175,0.094
Resilient_hab.db,3,121.14060751468418,55.808614657259085,127.72374748640863,75.62676639328345,199.75839514557114,115.52316882934086,74.85725856161807,134.00956381143112,109.20754674366364,119.5036636200453,98.26313489737143,77.97380609314654,46.05516300177777,152.50433644605528,41.909683236397214,53.209354590328985,True,0.1428272862802693,0.05364180876411626,3.6364903851393446,0.4104823908087206,2.304153277852656,4.607342583863712,0.6035,28.0,28.0,10.0,11.0,0.45,0.1475
Resilient_hab.db,4,81.10356725969564,32.695246456278475,85.64204982010966,47.392697471534035,147.3282453873788,77.27395763478566,55.985991410519034,90.66787634118742,74.18634848827645,85.97939501386624,61.59633978128734,47.666398469508955,22.8478719351796,106.27892055692271,26.51548099625267,39.34646457870514,True,0.14520944521648643,0.12001389018452961,4.044011943311042,0.5733413837020603,2.7711426170635427,4.528115380791329,0.6435,26.0,26.0,12.0,12.0,0.3625,0.23
Resilient_hab.db,5,86.73257507902602,31.034262520731016,92.99888353917633,41.409318184449845,143.1246229473361,81.23164698527356,30.2557450195237,97.74044564993432,64.76544926150135,62.54800790722592,72.61948183730577,52.47719927060534,38.15891475064797,130.6645244218256,16.562404667757097,22.21776333800644,True,0.2508733912774208,0.15044456490577784,3.5559751837875804,0.21482682520558685,5.549739042041462,4.30338993780826,0.7285,20.0,20.0,11.0,11.0,0.554,0.2045
Resilient_hab.db,6,88.30695656295177,31.14911701181918,94.55934498992563,43.956129327412164,149.2552303338977,81.65222058720249,34.13289713554711,100.48973154370623,69.4151441158792,69.30422324906161,71.86979751180759,51.0549793228325,35.86281729276669,126.81739501057359,16.753295745717466,22.8009224693597,True,0.3671474591661569,0.12995120454518652,2.8773885295842208,0.4432503572276566,3.058330846670649,4.173215040903867,0.6935,20.0,20.0,13.0,13.0,0.529,0.1935
Resilient_hab.db,7,125.80136406108501,60.92824069783673,134.78445141884453,69.73599412240937,179.2785979158833,117.58030122450755,37.29391201542123,141.25554541194597,91.68312671182731,78.15069473566695,117.92043569832109,89.92816229934613,81.46533612829711,192.29731818580981,37.325087091280736,34.002501808343645,True,0.26204969181514287,0.03307189816199258,2.145726229188237,0.16352678861904982,3.7111704796037297,4.058329843344601,0.774,13.0,14.0,7.0,8.0,0.707,0.1075
Resilient_hab.db,8,135.01697339217023,65.3842134227725,141.54489506388666,87.18493132216909,217.3712474553546,128.49074374908997,86.318775263026,148.2491732992052,123.26086828464162,134.07063459774383,109.09261515546231,87.66977450143955,54.83984134461743,162.06268691855945,50.322651574280755,62.54606588501129,True,0.19192137475524026,0.18514308375652136,2.4625665532153045,0.4185898834079803,1.580352474142158,4.623229573282454,0.5845,29.0,29.0,12.0,13.0,0.4615,0.142
Resilient_hab.db,9,76.22090664789754,25.116722749708103,82.56194879757432,33.4610844251034,128.55442406037855,70.84038671257198,20.908207710067227,87.69204546798267,53.945136500372065,50.78918266781857,66.0382923138385,46.63544226836922,33.86079995601942,126.63198923072649,11.77075412633702,15.436682642416656,True,0.29561385239833393,0.10228435935322538,4.600179579011966,0.17464012483831517,4.216147117261721,4.055433117000669,0.752,18.0,18.0,8.0,9.0,0.536,0.1785
Resilient_hab.db,10,53.36270671448446,14.58302550245799,57.92306433531561,23.772350556050412,107.33598199035009,50.343070496677896,28.717784156973323,62.30233786125318,43.74374975068853,50.61796081057534,40.7903036376737,28.109778809776078,11.720404126252896,87.06318905155368,9.805185175781466,19.00225303977429,True,0.15435053779263125,0.1363768161669565,4.214863836404064,0.2556062605910834,2.96326676825782,4.358231956461516,0.7025,21.0,21.0,10.0,11.0,0.377,0.2605
Resilient_hab.db,11,86.65259212944976,33.321468295483314,92.46284196101907,47.76855318797358,153.7856626325995,82.79341883669579,49.27847764472584,97.51525875505702,74.89002834780572,83.66960094224648,69.52508874774824,52.91781842594605,26.3525877557068,122.66628723595608,23.468524369340813,33.74619978695963,True,0.1747609273647664,0.1474148356801033,4.680819845486047,0.45580767844305425,3.6851656614006796,4.408791130673976,0.658,25.0,26.0,8.0,9.0,0.418,0.1855
Resilient_hab.db,12,86.53489257734242,30.06575980503364,93.3276037271786,41.81867630760816,146.9777395887214,80.92532611781513,30.653082793444995,98.91694489858453,66.2939264658352,66.24737784653891,73.20218050562606,52.63785967735956,34.21505603403697,133.72479486186901,15.489648357498762,20.540292610175634,True,0.11493035903478938,0.11190761272731416,4.7082128797947576,0.5783763628256633,3.0244324384769916,4.240864309499253,0.709,20.0,21.0,8.0,9.0,0.525,0.1595
Resilient_hab.db,13,108.67978758195176,49.908250930186355,114.22806568818966,68.3260383145531,183.48456377699492,103.98502677834841,73.3898640193521,119.71504147607402,99.98861237659881,111.92037061671024,85.52965426988104,68.16877769588497,38.784647437500254,133.2962828078089,39.51452185305176,52.62493126518521,True,0.11977339865096112,0.19123928199030016,3.7586756256324065,0.5673774357585082,1.9664542345967901,4.3480934726184675,0.6075,28.0,28.0,12.0,13.0,0.409,0.204
Resilient_hab.db,14,91.09638157072851,34.650338825539805,99.52723129580268,47.78141183200527,154.08568439480496,84.40859754046814,31.113930267402523,106.7153971213289,72.13782784142785,70.5733520453575,79.81210241529689,56.12848809539598,40.72489137893429,140.35990914980042,17.61900237923003,18.561037943462292,True,0.21369793881493326,0.14283776936731243,2.6338306106182867,0.5631918739251771,3.609215496888779,4.415155287648998,0.6705,16.0,16.0,9.0,10.0,0.539,0.168
Resilient_hab.db,15,132.34734112208605,68.19309725044835,139.34359434441035,90.77620824891412,216.4519962763486,126.05062996358316,92.4290132658997,146.97617327266892,126.03339174954957,139.6613246599405,108.07856428424921,87.30721968389892,54.512874659817996,157.32993276271065,54.978059878574115,66.06161076238625,True,0.2630976105875037,0.09987307233381568,3.6345404026829247,0.5910190436762891,2.177468707757884,4.583426512857265,0.5475,27.0,27.0,12.0,13.0,0.403,0.159
Resilient_hab.db,16,74.77324398948225,23.939467169940865,80.90480097296216,34.01222370055853,131.04815434049758,70.08570614148057,26.493378443893466,85.75467011857342,56.256035640270795,56.718143972388575,62.19902758524337,43.88394736070712,27.981511858796345,118.69461482227601,11.934382872794464,17.83834761574117,True,0.11520320423850029,0.08311493541796162,4.138060295149835,0.32821494390281203,4.708443884139965,4.376612167574539,0.7195,20.0,20.0,9.0,10.0,0.5005,0.2055
Resilient_hab.db,17,51.34747755424404,15.103171077923564,56.787032684194806,19.166030697570122,94.32769052694994,49.186615086132804,15.041314119388034,59.628272872688186,33.989590392528875,32.47534078148378,44.51541308817433,30.27272307235777,22.535267187391604,96.11511009953895,7.527269208339946,12.52716129105627,True,0.10995125770065808,0.08888520493829895,4.8472163332006,0.11263003355914394,4.480764101643704,4.038996714523325,0.7665,16.0,17.0,9.0,10.0,0.475,0.3075
Resilient_hab.db,18,133.19205771281435,64.08040069925251,138.44629309350583,85.10895079258977,213.09613844627262,126.93498145680063,88.10702663267027,144.1714545064641,121.17823376475687,132.36831746918895,104.81407943780297,85.26630283206251,53.35517943972324,154.44195778662572,50.69626016838093,65.7236767847368,True,0.2440425747905724,0.19283417500828592,3.795326904220528,0.18814643069369175,1.9214116845125464,4.549958874452285,0.6035,31.0,31.0,14.0,15.0,0.459,0.1665
Resilient_hab.db,19,73.42933190165803,27.232639913894015,78.01054474905821,41.036163165488354,136.88408923871643,68.94780696046364,47.65223994527146,83.4210858687864,66.39354154576742,76.3617199439713,55.0191481062225,40.57592928059522,20.110167311994896,98.2778003479251,20.940443125372123,32.24162535121264,True,0.13571514500696047,0.15951229607733985,4.351112995792626,0.17988120415172315,5.210548088932034,4.420829082463406,0.649,23.0,24.0,13.0,14.0,0.3705,0.243
Resilient_hab.db,20,64.7272727966278,24.927951516829108,71.44292022527698,27.230146700825202,104.53804281676075,61.01516909620038,11.358198828638104,75.65159078879111,40.10660156720356,32.56855927350976,63.22658959795257,45.53242382630405,39.765402772178064,126.88837738028096,13.33810975082271,12.925853679952574,True,0.1036308344518323,0.04686974068940221,4.825989884358159,0.11808067274755232,5.547148790672871,3.7419225146768444,0.8115,13.0,13.0,5.0,5.0,0.5405,0.2105
Resilient_hab.db,21,47.21041820388789,12.204575052639424,50.76763527507373,21.635097282121677,100.80824690773039,43.409187266426656,30.753558956948517,56.07858020610365,41.21291038482817,50.59250267106768,33.94764009868522,23.10971630661457,7.121349215388538,76.38816612532567,10.401800723016155,20.61748673167959,True,0.10577868193770393,0.05037159293688951,4.823060725668441,0.13541111318199267,4.0835448707937365,4.440836192240013,0.6985,21.0,21.0,11.0,12.0,0.3185,0.2405
Resilient_hab.db,22,107.18547092679498,41.28076203236911,114.18839485925626,56.143600263894825,174.44209837936336,100.10204189928261,42.598486150042966,120.67187620773325,84.89640428665265,85.25866323676938,90.21522805561484,67.32913430515397,44.354261784460675,154.38477593199107,23.89101041393853,29.805944589142218,True,0.13173881999656833,0.19114011881151463,4.227121243751255,0.19940921475744824,5.165678429020018,4.199533775604221,0.6935,23.0,23.0,8.0,9.0,0.553,0.0975
Resilient_hab.db,23,134.1917012643136,61.47813501077627,141.26250617861402,81.82488258923665,214.5871203847996,127.68812338964918,75.38898366103079,147.8221706281504,117.07610294432136,124.829602805091,111.04074532271383,88.36986651668016,54.26967517707792,172.5958034204548,44.233857147398226,54.630382129490634,True,0.11397364139949763,0.0802724331944688,4.460574221632518,0.17113828265455985,2.94134653517362,4.450641330497985,0.6225,29.0,29.0,8.0,9.0,0.505,0.0855
Resilient_hab.db,24,4.600679421819433,15.089599741613359,7.4084477739532275,8.104305113470007,24.98304351225051,11.15088208803826,31.55709215203144,6.372095484712503,6.256915857477502,15.39770101864837,11.257358071695554,13.965160686407067,12.020237444306897,42.77455884339167,27.760754270350947,35.57323731281596,True,0.10195040492439852,0.05540701729441212,4.950524613562194,0.11514003771195819,3.1547072340035216,2.940415635517681,0.7985,13.0,13.0,5.0,5.0,0.1795,0.5335
Resilient_hab.db,25,76.36987890261638,23.504162948347012,81.95770283791668,35.49464646915842,135.83992785767188,70.02451472441291,29.144738481659665,88.05659620158822,59.749409981823774,61.748078689400515,61.072341204193734,42.3746618282436,26.044305874931855,115.25295609238324,11.828540526939893,18.56444608334826,True,0.18386516434428635,0.056107864396907396,4.714383934380407,0.10048546249947216,3.954629748949305,4.435475342426308,0.7025,20.0,21.0,11.0,12.0,0.4785,0.172
Resilient_hab.db,26,106.50561640771747,43.445625187064806,112.8933870425387,61.158063640786786,179.44971508987175,99.92261202884843,56.70354094479422,119.56316257410299,92.19057877767487,98.85775486680157,85.66315896302285,64.90313471078602,38.89755509068435,140.46594552412256,29.290841556816343,38.51929377834355,True,0.1695311071541818,0.012402505893857364,3.418453156356363,0.12949346177063567,3.2091098776291367,4.564986546279233,0.6345,25.0,25.0,11.0,12.0,0.474,0.1445
Resilient_hab.db,27,43.48348537730225,115.5654401726395,43.64729780846128,84.70778259243069,12.572734391586746,62.021337226629626,126.58767249225454,34.22491093128783,52.70183645011721,57.944594515758,74.81818736817303,96.19068282828194,120.85445802710412,88.02915678396099,148.41566498931795,153.71954529028315,True,0.1295664362102361,0.015088075447874515,4.979333405136158,0.20502434994475685,3.5252931575589685,1.3572832218645063,0.976,1.0,1.0,1.0,1.0,0.021,0.9325
Resilient_hab.db,28,117.73209678030508,54.44280362312095,123.98759827921205,73.894458043839,195.2294716868997,112.44406525731281,75.14154258809197,129.94761015278658,106.95628050226787,117.78161349481279,94.52112607111242,75.13811597859036,44.22784821921469,146.1782741558665,41.622657927923726,53.61084026261883,True,0.13340491612504124,0.03087740713168545,4.720073353220994,0.22693577484517932,3.1632206585282496,4.451891747337988,0.6025,28.0,28.0,11.0,12.0,0.4385,0.1725
Resilient_hab.db,29,110.09529429802744,44.537713583400816,117.94449749461808,60.75193176976252,181.93220971238267,104.12178611461623,48.804162954605204,124.54042533021591,90.45806299261181,93.90235242545384,94.24812627816334,71.48768263434118,43.16076172217062,160.06704173592132,27.342299974684295,33.10894722829023,True,0.15066565938647414,0.017814980427522928,4.29959635965493,0.27933454911987804,3.6683708527890175,4.254602800697913,0.6635,24.0,24.0,5.0,6.0,0.52,0.087
Resilient_hab.db,30,50.23844604645748,24.12095880864355,53.9568796664485,33.89947519716739,105.80804350209272,49.525277890009875,52.72567909308066,58.054123527070445,52.529668833301216,68.10694439005911,37.794859521298065,30.496950155521937,11.130666246565408,72.57120862082368,26.57582531206325,38.86406066398725,True,0.12603362796562903,0.08484931370098736,4.989859822474759,0.11532686856436856,1.7880319789810764,4.098980600321254,0.6495,22.0,22.0,11.0,11.0,0.2305,0.333
Resilient_hab.db,31,28.20537719527024,8.553101633867811,32.68081368166125,8.767028943003151,64.03738223327447,30.29169052521813,16.843479264685563,33.30280549366501,18.05456636487417,21.68655078468177,25.729628996889915,18.43466912558147,10.178105389825909,70.07245340692178,8.708384480458644,16.06267498552802,True,0.24699329833024225,0.048389915808708925,4.886265037288072,0.28180300936757163,3.9061650088544897,3.796582139814748,0.7745,17.0,17.0,7.0,7.0,0.3635,0.4055
Resilient_hab.db,32,105.58898212830164,44.259975288441694,111.54427148683106,62.68358334416285,179.7874737503401,98.888127721193,61.496470920542194,118.48766354775182,94.20247892497274,103.0591094850941,83.61472837504849,63.825285784021375,37.253739923832825,135.0972375366698,31.656662683038697,41.960023036491364,True,0.19550722067617693,0.09866431794668291,4.251412465055054,0.11544874413490948,2.0177776103928804,4.673758284785278,0.6195,25.0,26.0,12.0,13.0,0.439,0.1495
Resilient_hab.db,33,99.78748539769362,41.27321131316039,106.43565030794738,58.00079308241119,171.34657157128936,94.6519625280535,55.679020387479994,112.3881254695641,87.4888425097765,95.23054770716223,80.86986068266569,61.3327843266363,35.27309869644423,134.15575053208468,28.456343952409973,37.52596080097114,True,0.10416005727031952,0.10932406560446725,4.734500093641741,0.1227448637086799,1.8352241778227678,4.516576369750019,0.6285,24.0,25.0,10.0,11.0,0.4515,0.1825
Resilient_hab.db,34,113.77092476378733,45.92378203488543,120.58541370872057,61.9860293999931,183.07992764785337,106.62723712495792,50.121377485592944,126.75181463959075,92.34007522097691,93.40622641086023,94.0080944578246,70.93289827253223,47.975960726654506,154.86122059582084,28.241965059596005,35.63686593791731,True,0.33070271626358494,0.04933603554649407,4.6332504576611795,0.34605145826691586,3.2648906148646732,4.191814387603095,0.676,24.0,24.0,11.0,11.0,0.5605,0.1295
Resilient_hab.db,35,66.15718584841298,19.077869304951825,72.2722854559619,30.457956443311595,124.4957554992468,60.32993128356594,24.74911885324419,78.89435803379743,52.58707971701284,55.523581205154954,53.995085406159426,35.937454698750834,20.812302323934592,106.82944133178631,8.831776434039607,13.721100963097767,True,0.3301870700955686,0.030201725152371676,3.99152511790479,0.3066466848537493,3.6253837262144994,3.8668026277834957,0.6885,18.0,18.0,10.0,11.0,0.4415,0.1875
Resilient_hab.db,36,98.92935297639119,38.92035939487408,105.83192691178547,48.24103611459143,152.17352474095125,89.95212703108108,24.75322035204469,113.05241491052345,70.3624393374551,61.62694417835182,88.23044363521781,64.00405561363452,54.735723402928755,155.5822391772498,20.526413718844992,20.728342342452862,True,0.22277758914174314,0.021561277637978413,4.46850193496138,0.37370826736779983,5.554085053735237,4.203386138104094,0.7715,15.0,16.0,9.0,10.0,0.615,0.087
Resilient_hab.db,37,12.928182743130279,7.902108404329026,16.578514454385243,6.201729216200844,44.12626755194991,16.208753828633327,22.598497965375064,17.438981910187415,11.240585640063708,19.09133042295157,13.67702169929137,10.79190840059656,5.60225517787141,49.21118054299583,14.44868921325752,21.9278079689124,True,0.16805668276332017,0.057470287180601945,4.989673123779728,0.11717516879066281,2.559438887308719,3.813127568261454,0.7605,14.0,15.0,7.0,8.0,0.249,0.457
Resilient_hab.db,38,57.50914406000102,20.681576716460647,61.6839692619705,31.346991532559795,114.55545692079943,55.185478362590175,42.24803594435029,65.7243923656451,52.64609643442804,63.29320082160388,42.445234651522895,31.228895110025867,13.113563054650916,82.5181824662237,17.869212530172454,29.422585046398332,True,0.102430551599453,0.04855758175559307,4.907637018432182,0.10618080380467548,2.4803047146382857,4.124482417575468,0.6675,22.0,23.0,12.0,13.0,0.3335,0.3045
Resilient_hab.db,39,122.67086185061069,61.53808536155999,126.43575987263324,81.73130882091763,199.96547820776584,117.3982968804861,93.87979674053754,131.5747376822247,116.29371052338499,131.4303491076526,93.22407653733956,77.81150874295525,46.77951188749813,134.44472962148495,53.30455289272575,71.33844253995197,True,0.15078268630883673,0.02301790059150452,4.605905372478996,0.11034985827654256,3.001221676466064,4.3513000591248945,0.5985,32.0,32.0,16.0,17.0,0.382,0.216
Resilient_hab.db,40,4.558171639966874,25.364731324229584,7.942983501325309,12.656304634790379,13.075738371439972,13.593805556712166,33.52191522515973,4.90822379740626,3.9473884208410652,8.464768107685918,18.32028713953924,22.4196208586169,28.24039447401653,50.14931593760897,39.00927954611734,43.670108965429165,True,0.21022367126753844,0.06646764349843093,4.937115451539297,0.3816172440798935,3.898368379163668,3.092608564487445,0.8445,8.0,9.0,3.0,4.0,0.207,0.624
Resilient_hab.db,41,76.60427518105914,24.359708415500318,83.55754771417915,35.18462654536252,135.3445623505611,71.18655565646691,24.168456269793875,89.71164548688202,57.72415666756905,58.20951271679371,66.21092961975795,46.45515496695859,28.233389629968293,127.752870441965,11.153027490834802,14.784784961376564,True,0.2701706320031037,0.06639293796798768,4.776755545855693,0.2535175301182936,4.511792733535177,4.208638824823186,0.7135,19.0,19.0,6.0,7.0,0.4935,0.1415
Resilient_hab.db,42,95.04983119498365,38.93340458961218,100.67593120314044,54.89438702566036,164.93048513596145,90.66485969301596,57.34760446275227,105.86703072832441,83.93380332475033,93.47329081358743,75.19169573308852,58.082583175186436,30.93511112048708,126.21721211142128,28.5872058371952,40.04240406616221,True,0.21856540340150488,0.05581504352215749,4.8353949176344955,0.35186143086360405,3.367429853720067,4.3367684934085915,0.6415,26.0,27.0,10.0,11.0,0.4225,0.1925
Resilient_hab.db,43,91.14726500472516,31.881455248132152,97.36783242459914,46.067375571743185,155.68661899406345,84.0621716682162,36.99330911350455,103.9543158017195,73.17305369163547,75.03049963566095,73.94520684081604,53.01657905373464,33.98025031929197,130.70005727474276,17.544247587341744,24.131474802486963,True,0.24055536643610767,0.09530568558406527,4.651472970141715,0.34001895812668226,4.274866973886165,4.313345026191274,0.6835,21.0,22.0,11.0,12.0,0.507,0.1455
Resilient_hab.db,44,62.3727370972696,16.84759719767725,67.52804934403622,28.604149606118725,120.76047193718199,56.13287708788684,26.862130465157136,74.402536355271,51.08783675190636,55.96790770460259,48.38967802808267,31.84890094519828,16.68741450151863,97.57782492814992,8.68635660038514,15.362420504019449,True,0.16477226610412848,0.04547869953954262,4.2162277158718835,0.47800193334694496,3.3803415107128876,4.473381343964988,0.686,19.0,19.0,12.0,12.0,0.407,0.1855
Resilient_hab.db,45,53.873143004378775,16.343671240369176,58.00711149321471,26.058460660776024,108.4930451449946,50.94728512187393,34.07200575039902,62.19563296349642,46.54052455539566,54.8721098588705,39.60816767019568,27.724095147600814,11.827668452047103,81.65594181175601,12.688866990262754,23.22585801070935,True,0.24763708746277235,0.024013254987733414,4.847194402337008,0.24008598706098536,3.2537172815047293,4.31033849476809,0.6885,21.0,22.0,12.0,13.0,0.3585,0.2895
Resilient_hab.db,46,89.3056418198496,36.35885542382104,95.29182780954552,51.96195338083771,159.03922475722615,85.29211643693768,54.695629856337504,100.90739776491122,79.84387991069335,90.38522571503057,71.84797915391432,55.21633260809476,27.220597814229393,123.83197505240668,26.923172947975793,37.208202533358794,True,0.18285961426367145,0.0649781003540829,4.86981832190692,0.17364487603210155,2.6088938445446797,4.192778483256342,0.6365,25.0,26.0,8.0,9.0,0.3935,0.1795
Resilient_hab.db,47,63.158138274250355,23.612196509582258,68.18564273609461,35.749122710240115,123.91580889503123,60.25661036065951,43.939870134452065,73.22048699121493,58.23581787568067,69.12889818371985,48.715201714955924,35.83523679038234,15.443446809485538,91.9408119414081,19.201989684616485,29.2629686553025,True,0.20683760243287058,0.05568651255755116,4.97099308984792,0.254376171073845,1.8344728729991338,4.709058501866921,0.6495,22.0,22.0,11.0,11.0,0.3365,0.268
Resilient_hab.db,48,134.1111226582332,63.51321447344144,142.27446209725525,84.67568734434006,215.83088570043333,127.29644528293866,76.04418380187596,149.55217641044706,119.53479837470985,126.77725753488738,112.10452896812455,87.72764314932591,56.9883828940619,170.5242222148438,45.21084156231896,53.11760873325508,True,0.31407400582487827,0.025232039860307212,2.569355803017766,0.555605558410647,1.7868676607783747,4.572223339215573,0.5855,25.0,26.0,10.0,11.0,0.506,0.1285
Resilient_hab.db,49,21.618864500069336,77.90496543362684,22.113968612620326,53.442070526510534,4.2426938479263,37.288009797454144,92.63161293675503,14.509512598362539,29.66246414060219,36.73872956091552,45.29795727431512,62.498779372539744,80.02418673730595,61.21154308971665,106.18408000856859,113.36032039107513,True,0.1779112931273976,0.0526626800886628,4.884309919516773,0.5295172218451089,4.9539541127247775,1.3134715647338853,0.9265,5.0,5.0,3.0,3.0,0.0555,0.846
Resilient_hab.db,50,108.69769134878177,47.79526761866043,118.91945281288498,57.91178610411289,168.07187614053663,102.3380003901634,28.744728039970777,126.06594301255771,79.90673548465938,72.17045145595539,104.9170229896588,78.17227172322575,60.483268536290204,183.3324873985162,26.032815586156065,21.72114671098248,True,0.3536237598283752,0.15247280836275262,1.5380914759814444,0.5540118371529039,5.184535625586095,4.176264334583198,0.7355,14.0,15.0,0.0,1.0,0.6205,0.06
Resilient_hab.db,51,3.8872663892728427,27.145354915998222,5.963941027341817,14.24325537170921,11.264334911182967,13.332274655732743,41.19239821234115,2.2665996833525575,5.626086715930417,12.41931615687906,15.189593295452584,21.831704704705132,27.627237970427615,41.780287632173554,43.62779536137644,51.371323944372804,True,0.21536259101166472,0.08136858879035326,4.858386477532248,0.5688614311905141,5.207956287819116,2.5549807419184387,0.8475,10.0,11.0,5.0,6.0,0.173,0.6515
Resilient_hab.db,52,56.94822027305852,14.98947691425202,61.99944816647849,24.277829210403464,111.84694709003521,53.38474362420996,25.375497570076355,66.9214016709719,44.65056238840606,50.249712500591585,45.61672451758822,31.573889672528725,13.416450215638008,97.53087423324418,8.48528276992644,16.312182496629305,True,0.20420030723555258,0.03921765613166332,4.855197249660394,0.4313377904437634,4.168432347891283,3.969411615631402,0.7145,21.0,21.0,8.0,8.0,0.3975,0.2065
Resilient_hab.db,53,13.835517522625512,58.040794450319005,15.69108349466445,36.69305948331235,4.272161961551883,28.233711243390673,68.65803755569576,8.835640054094135,17.430101065764184,22.874444474093725,35.476666775304004,48.19566698551346,60.91236038902906,59.15177602565747,80.73965257522926,86.74811630279765,True,0.1660746980819178,0.04320821997767367,4.91742041673387,0.593498105476882,4.541958116604822,1.6731037991765638,0.9085,6.0,7.0,1.0,2.0,0.1235,0.78
Resilient_hab.db,54,19.094993939257677,60.68755752095491,20.846528894166916,38.152185990126185,5.150915806422265,30.7254917631209,62.19714386255704,15.494482672578823,17.61037958997131,17.46053387173072,41.81321926928151,52.045163515480695,71.32410792401582,69.0915023348404,81.03475746044926,83.93294200583107,True,0.12221077706202424,0.03061910819334861,4.890260968974938,0.5395331980844584,5.429104149696402,1.7919604810657757,0.9465,3.0,3.0,3.0,3.0,0.1785,0.7265
Resilient_hab.db,55,68.66894846767984,20.571547227215646,75.23528840155153,29.661635888204756,124.36980422816573,64.3667661822648,21.055722383399328,80.70213852101682,50.3451641996225,51.63200063999193,60.1873840059662,42.40867774569882,23.55626156419668,122.11681321512467,9.358311480790857,13.478652256930333,True,0.1302369622950394,0.017249711868459854,4.789441618108766,0.559271629961134,5.390402637903765,4.189938887239197,0.7325,19.0,20.0,4.0,5.0,0.468,0.144
Resilient_hab.db,56,27.414565715504487,84.56907635060651,28.681511952938862,57.962605960318704,6.043895987987403,43.6990523307503,92.36588798481735,20.53039332077007,31.892976581388826,35.495462594328544,54.64883185918997,70.90134526599485,90.74974151010144,74.95091179763207,111.27235762858078,115.98548478254895,True,0.24667897577698497,0.0495556184293951,4.919103169966407,0.5681534920025595,5.424809956366158,1.2093081779408037,0.9525,3.0,3.0,1.0,1.0,0.0965,0.8525
Resilient_hab.db,57,106.25014925184051,43.70801642432524,113.73049528266056,53.92174505876572,162.73571381318172,99.12027642482047,32.19780282190916,119.52344012874623,77.59331765173926,70.2503503448886,94.43249764494396,70.27017723034703,56.76300883684368,162.28916904719532,24.427611103646644,26.19665290494584,True,0.21143472046479486,0.06668470136330458,3.6779490806564024,0.5839928616197525,5.918855052154803,4.023834017535473,0.7535,18.0,18.0,8.0,9.0,0.63,0.1275
Resilient_hab.db,58,10.120837959124245,50.11009099510998,12.476617858990426,30.543377620896543,3.7246325122244537,22.389989645543718,57.981077259306325,7.466309248664786,12.81021963564499,17.130950679389276,31.26680985137571,41.442665064046054,54.56329449037945,57.38222848338204,70.65586500613577,74.71280058595406,True,0.20231257370272526,0.066042002335757,4.895594580167571,0.5069933398500734,4.3602362132639465,2.7072256526702985,0.896,5.0,5.0,2.0,2.0,0.1385,0.724
Resilient_hab.db,59,10.348827930569925,26.476442708278277,13.442124898512354,12.658743753336815,15.392066761692965,17.612285026254074,27.30201042636571,10.75037971144547,3.723752693854107,3.311593269827941,23.771943661646837,25.92762238697045,35.7186310932575,59.69903855830979,37.586611177161316,41.00645916828192,True,0.2193794369936076,0.07375682109283695,4.914607524279195,0.5692000037608662,3.91847028602889,2.6021572063044354,0.8865,7.0,8.0,4.0,5.0,0.2735,0.5845
Resilient_hab.db,60,95.2785472068323,35.654683166468416,101.97937683266053,48.623949767640156,158.4630187723865,89.96046829343604,38.94621121989445,107.02176538338571,75.04915229530964,75.94969520200696,79.38604572636139,58.665029731643045,38.19310703933087,138.81614055569844,20.49553221268795,27.27025914933446,True,0.13797637409606567,0.11130950059337806,4.295925438581582,0.5331959057278596,4.952238037522973,4.331845059016603,0.6965,22.0,23.0,9.0,10.0,0.5355,0.1755
Resilient_hab.db,61,99.9000491721691,39.256012793322284,105.00963343955166,56.28741818058287,170.05989178230612,92.9666551373671,55.541847803159555,111.35988867356785,86.83871592115032,93.96861965087008,77.00207514245889,57.961783006039084,34.80480729226385,126.63391214185539,27.230230031755337,38.44317964377882,True,0.2519187082401872,0.08950462660408359,4.371561683983946,0.5467687811153116,4.42266555452134,4.529524945897201,0.6455,25.0,26.0,14.0,15.0,0.457,0.1695
Resilient_hab.db,62,82.32763216112252,27.86831157812084,88.39594214387803,38.1229547268534,137.91535422495616,76.14405745099843,26.699617633971453,93.7647484695903,60.96996381105972,58.61274799180876,68.56202914065378,48.4683902084339,35.59350419544301,125.92627769010957,13.91444514465562,19.00784222591689,True,0.24294316883117203,0.12935006930755255,4.412701572465338,0.5628820309393342,5.071405911837802,4.295380271942798,0.7305,19.0,19.0,11.0,12.0,0.5425,0.191
Resilient_hab.db,63,104.18799001099771,41.75129129752935,111.35726244770447,52.47090583974165,161.14700540930232,96.58800408417216,31.879802100293716,117.42416030315218,76.58772836621009,69.76661636933815,91.15762499262068,67.15129782340114,54.40142907515166,156.74839141438656,22.9287735656622,25.242952867928505,True,0.2456112799448583,0.11297214436183958,4.524045134133617,0.5884669049187279,5.664236495542456,4.231574387991998,0.7465,18.0,18.0,10.0,10.0,0.6215,0.133
Resilient_hab.db,64,59.72136503845131,17.68180294888103,64.18249642294744,28.35305054917074,116.61509640176283,55.99741539058643,33.38497830188831,68.95383977855332,50.22069998352094,57.72525896796927,44.99078936531417,31.608823657640883,13.931197538858788,90.89117088846228,12.19836230411294,22.158934947629255,True,0.24244067573156075,0.08344644948239362,4.815027940802491,0.5618455899644541,3.525684865195209,4.210639690719418,0.6905,22.0,22.0,11.0,12.0,0.381,0.246
Resilient_hab.db,65,74.73706464973509,25.334759784051226,80.15455391782272,39.14969655196161,138.25640199337045,69.10220890863019,39.30783428872664,86.46141115333035,64.46670254168025,71.39127263775589,57.956063098930954,40.95311696427902,21.863697861189923,106.14384225198391,16.260355360347496,24.76400750077313,True,0.2075152191174211,0.08581607629784428,4.401398636419655,0.582652706840377,3.9558752472300123,4.472102626238905,0.6575,21.0,22.0,12.0,13.0,0.411,0.203
Resilient_hab.db,66,97.5758443961357,36.464043736357524,103.59422344014268,50.582747373764334,162.56713305035836,91.65200586529444,43.482037244873396,108.93322320998114,78.4608326507994,80.86617820415253,79.05330718798793,58.89603230737936,37.364601543631025,136.2429653771778,22.097016794129605,30.644980198901973,True,0.13940153576249342,0.07582610568266404,4.642259316242472,0.5313991648730337,3.9775620232733857,4.239776563788559,0.6895,24.0,24.0,11.0,11.0,0.5205,0.1665
Resilient_hab.db,67,5.558069388279685,18.390397605330087,8.485527165089424,8.301517193965012,18.85526459859526,13.06516499599496,28.823970543587137,5.929714612574699,3.4609939041121627,8.192010695608918,14.288942234081684,16.937614945808445,20.796530045102273,45.88092364093555,30.226858467481687,36.9018222748956,True,0.14798263732345582,0.0874635982046398,4.908866188116076,0.4505857830053708,3.7548766029523963,3.195065402481304,0.8335,11.0,11.0,6.0,6.0,0.2345,0.5965
Resilient_hab.db,68,75.74853012626022,28.103920706191502,81.53009858844338,41.15727265611288,139.45304014012112,72.57102705173992,44.14421133952951,86.25183532525234,65.95154298028196,74.59673591365743,60.35647685052558,44.852657677146944,21.722585838998956,109.92573127933301,19.823625835835863,29.44088809578112,True,0.19543155673270374,0.016695530586430737,4.821201234300624,0.579709738622528,4.460945932046949,4.2173855953061885,0.657,23.0,24.0,9.0,10.0,0.4005,0.234
Resilient_hab.db,69,88.85045814893454,30.2451322659236,95.19877448681683,43.18662254045357,150.80354026076867,81.73963168440264,31.830851045087904,101.73226848231704,68.9792741674259,69.0529294666737,73.39750433907024,52.221969424367984,34.63437858855737,132.4709445820691,15.482525401477037,20.909038416103176,True,0.1131058685566638,0.10362459282610473,4.327422006643023,0.42230602280795076,3.4830705584307595,4.133918619381798,0.703,20.0,21.0,10.0,11.0,0.5225,0.1355
Resilient_hab.db,70,89.21981795740862,39.3094557992981,93.00793428476484,55.84026725797937,158.12161027618527,84.34500189504612,67.44341183419336,98.54995608182692,84.66672371201328,98.21655213734432,65.87485851848247,52.1622278779233,27.649964380611117,105.54992533321399,33.88471723973794,48.64701486059015,True,0.1058577774645171,0.11712093255787714,4.789536504012308,0.43917856917009207,3.3377020443968832,4.259377673866631,0.6225,27.0,27.0,15.0,16.0,0.345,0.2375
Resilient_hab.db,71,103.71357604077512,41.906558040562516,111.99855567923007,53.696577628015675,164.3937672160061,97.34227434605916,33.57447750049858,117.93921421163095,78.35514857380969,73.49929820737248,92.03415299441622,67.61877366234489,51.44662066277721,158.39115147013496,22.635635655562485,24.209605729365325,True,0.3674198806221912,0.11560646931402478,2.607936212606255,0.22162704686348586,4.790608549780416,4.200298780593033,0.714,18.0,18.0,8.0,8.0,0.6055,0.1495
Resilient_hab.db,72,26.078968479136563,84.61333001721204,26.981482407729214,58.55447333884045,6.317787787492371,43.41327126491225,97.72536795221018,18.179491695327908,33.15098061869699,39.62039852255141,52.03809126718605,69.93297042842626,87.07257861948126,69.5877475660234,113.01341203868435,119.8449343427072,True,0.18865869790398226,0.09919884704638884,4.988320491823813,0.49526129895610216,3.509143087185266,1.1045382332121165,0.9385,5.0,5.0,1.0,1.0,0.065,0.876
Resilient_hab.db,73,54.54903812192386,20.49804680455121,59.019238853850474,29.953123662808608,110.6881968317619,53.9873811063289,42.37717456332021,62.24944656096268,49.91232226309337,61.83806186634053,42.252291339142474,32.47338541960812,10.931863787667613,85.401967279264,18.788441502482794,30.35432127219985,True,0.17150690935182766,0.08338601908665168,4.843496323975538,0.4680382821441389,4.202387491357566,4.042050574330997,0.6775,23.0,24.0,8.0,9.0,0.3125,0.2995
Resilient_hab.db,74,93.07653141324673,43.1867990410411,97.78689010287025,60.85135319216563,164.2028858857828,87.47366546265911,69.74467553049598,104.31673723311864,90.01647417964341,103.17241251527044,70.45331627860386,54.87343364260873,32.004439176620615,109.24939860325509,36.40559374954175,48.98603900379834,True,0.308357719373235,0.05994175831717791,3.106629628377485,0.2600367837470112,1.5185812826279905,4.547815714536177,0.5935,24.0,25.0,16.0,17.0,0.3475,0.2445
Resilient_hab.db,75,140.97283357364932,71.66863612213218,152.0565236179716,81.71856768644696,200.42538310862957,134.09429032306568,44.69146017353875,158.60627428480592,105.04113909561521,92.24780609729224,136.58219686346646,106.41125229190996,89.75754587328574,221.19287249587123,44.93599738868787,39.262064521106566,True,0.28551161079147,0.1286219039806625,1.5973841401810138,0.3001941375128056,5.992281837077876,4.258356850651275,0.7565,14.0,15.0,0.0,1.0,0.722,0.0515
Resilient_hab.db,76,75.96764374767889,33.173780498705234,80.52924035317542,47.685421192613454,141.9702953202002,72.78452161695252,59.53813536905804,85.8342875355166,73.15633555594758,87.34898286912045,58.07164990095772,45.63585817881661,20.70473886741464,99.78635905162962,29.333834041093752,41.89602266539134,True,0.2552363339636425,0.01089455363008221,4.924434390007268,0.5440604417924655,2.258493151499206,4.249757498314246,0.6265,25.0,25.0,11.0,12.0,0.31,0.2465
Resilient_hab.db,77,61.89069844391736,21.260016650041813,68.85658463307755,30.839591425782956,116.94278154560041,58.64045065374049,26.680832588867872,73.74409698840657,50.229433385537234,52.795070036966635,52.4395325156012,35.316670787021536,23.103198655331404,101.33342042270908,11.715501181713954,15.791056787031838,True,0.16118152996205087,0.07935302904811668,1.698399764959333,0.47999279963201014,3.0067810506690438,4.314236524068886,0.6745,16.0,16.0,11.0,11.0,0.445,0.301
Resilient_hab.db,78,126.98819102507841,59.361249686954096,134.88704866995266,79.54993254691882,207.38800943048295,121.29206403417868,73.65821809159257,141.58326903880953,113.33912920587645,122.02199131634933,106.24839646401477,83.63849892236074,51.02582013063561,165.07310732287763,42.80618437366249,51.48654322720585,True,0.23053234337906683,0.18709035478182917,2.7255538509736574,0.38409073066603366,3.6166749568593026,4.578429049594934,0.595,26.0,27.0,8.0,9.0,0.479,0.129
Resilient_hab.db,79,123.25845457999019,58.30877038201281,134.06957111509868,69.76126548970223,184.55315921566574,116.3857507805765,37.874357977923594,140.9712034173678,93.4224582106593,83.64833279226295,116.93315433550401,87.82396528706326,73.17356138877322,192.53325561623072,33.78701737880554,29.157265605317722,True,0.39749798882142495,0.046940270496831506,1.628646072375611,0.5446796206531908,3.664293542891008,4.055643183607533,0.712,13.0,14.0,4.0,5.0,0.6735,0.115
Resilient_hab.db,80,58.6098296882698,139.25859495500555,58.47850478095533,105.00502712167672,20.80257337023183,79.43523641864849,150.2194009082206,47.405124606283664,68.89150832537803,73.97834209958266,93.34781060375813,117.61915348130215,144.99415411892403,104.09560257334968,174.97607306528022,180.4043511081444,True,0.18013454972807857,0.09106011288799618,4.952098557365478,0.5388094121741367,5.931524554398714,0.0,0.9995,0.0,0.0,0.0,0.0,0.0,1.0
Resilient_hab.db,81,103.9885922766194,42.62078362552119,111.41517008542789,52.82017315715697,159.629216601385,96.24704647301438,30.59327346350669,117.55885217459777,76.1340719280196,68.12896045555857,91.9186980651229,67.36690065725925,56.829307776855636,157.2311900210909,23.356425220125093,24.54035544081331,True,0.2522492891253818,0.19284066571056727,2.3094795606612637,0.12296719018223268,4.2599811904125175,4.034254360414792,0.7475,16.0,17.0,10.0,11.0,0.631,0.1445
Resilient_hab.db,82,81.44278125898684,28.493013080930428,88.56394887734155,37.15943896831989,135.89010125577187,76.54677001314886,22.578392331324235,93.69348481556412,58.16133932880685,55.15852624807394,72.73910885233445,52.46591266385142,36.4146649866613,137.82370683073583,13.86537737057434,16.594468155045696,True,0.19294980713771395,0.06267816291590823,4.598022496886759,0.48544723859250033,4.908858698265623,4.156519788671156,0.749,18.0,19.0,5.0,6.0,0.543,0.1505
Resilient_hab.db,83,7.044877777674067,15.177143369089578,10.546402946923227,8.895217910535,29.734928174159684,14.188748558431978,31.10777766778652,9.039188977225892,8.107640830376726,17.1485144822519,13.479529974172017,15.13124802918945,11.557412080290666,46.235568132829094,26.282041008989985,33.9140858794073,True,0.19918552196873218,0.08669175964418206,4.886347125156505,0.4983245892025646,4.642227045419926,3.4188980403604887,0.785,13.0,14.0,4.0,5.0,0.2,0.548
Resilient_hab.db,84,100.76005326405338,38.57020120764848,107.46958449123676,52.912878163637274,166.98465870202614,94.93846945463184,43.46972249926192,112.97649880022206,80.97319096743806,82.92589427043983,83.47111305865059,62.25456590647367,39.66419971800558,143.35047128644263,22.968098994465862,30.26557083492005,True,0.2288387758346946,0.07254620244273746,4.639591907186004,0.454583795084769,4.912950558587417,4.119542750764339,0.6845,23.0,24.0,9.0,10.0,0.5305,0.1525
Resilient_hab.db,85,104.34614368318634,41.518583892760624,111.86233672617168,57.23108652438478,174.825676560854,98.93530004459028,47.82371082939634,117.9870096991429,86.21308735746237,90.39169160409426,88.30381828830666,66.7034831214005,39.4211702144463,151.06665823609617,25.669116387575848,32.23075114298037,True,0.1349900862933026,0.0631067437820186,4.7177832533257416,0.38998529212570293,4.496550994439627,4.451666862169153,0.6615,24.0,24.0,6.0,7.0,0.505,0.12
Resilient_hab.db,86,58.6098296882698,139.25859495500555,58.47850478095533,105.00502712167672,20.80257337023183,79.43523641864849,150.2194009082206,47.405124606283664,68.89150832537803,73.97834209958266,93.34781060375813,117.61915348130215,144.99415411892403,104.09560257334968,174.97607306528022,180.4043511081444,True,0.211098025588106,0.08614350913384165,4.97685426238323,0.5922645634385184,4.422522702292591,0.0,0.9995,0.0,0.0,0.0,0.0,0.0,1.0
Resilient_hab.db,87,85.8111741420406,29.50184500807996,92.35219236058703,39.87123144188655,142.23624367750378,79.0537791966433,25.173278429362604,98.3714953175167,62.89934735976534,59.655089161879395,73.40418572637962,52.106352012161175,38.153479822634395,135.01772736927123,14.255448418452506,17.84915338176051,True,0.17019602509039206,0.07833108394398605,4.546212665414823,0.5927465764082506,4.71820658726902,4.468517429245651,0.7365,18.0,19.0,9.0,10.0,0.5525,0.145
Resilient_def.db,0,6.779243188686958,35.367455778574076,9.207380925149637,19.176221423257,7.443782525179975,17.409522092947803,43.90731161925994,4.7255887412660105,6.5329445129014285,10.575580240062951,22.72814279604914,30.10872892206957,39.45330859267496,51.52321703527301,52.342345616887314,57.9243464767907,True,0.215,,4.86,0.57,5.2,2.567915703098156,0.8805,8.0,8.0,3.0,4.0,0.187,0.677
Resilient_def.db,1,46.684239767409466,121.59346360022475,46.65603103884971,90.0767701718742,14.520300036420819,65.81778570974114,133.8461373533606,36.965959482990236,57.10804830201257,63.19706447982655,78.83863860209885,101.35720644695427,125.97908913325998,91.0152401180506,155.78109563424246,161.37848434881764,True,0.264636424314473,,6.594999841229387,1.428136623118661,2.3224117346278375,0.47741211652398496,0.9785,1.0,1.0,0.0,1.0,0.0005,0.943
Resilient_def.db,2,58.6098296882698,139.25859495500555,58.47850478095533,105.00502712167672,20.80257337023183,79.43523641864849,150.2194009082206,47.405124606283664,68.89150832537803,73.97834209958266,93.34781060375813,117.61915348130215,144.99415411892403,104.09560257334968,174.97607306528022,180.4043511081444,True,0.3684768464531957,,5.638685068824717,1.1407823143195484,3.054612475361063,0.0,0.9995,0.0,0.0,0.0,0.0,0.0,1.0
Resilient_def.db,3,58.6098296882698,139.25859495500555,58.47850478095533,105.00502712167672,20.80257337023183,79.43523641864849,150.2194009082206,47.405124606283664,68.89150832537803,73.97834209958266,93.34781060375813,117.61915348130215,144.99415411892403,104.09560257334968,174.97607306528022,180.4043511081444,True,0.011885816981532875,,6.027146820747359,0.8041447533880742,3.351930487476264,0.0,0.9995,0.0,0.0,0.0,0.0,0.0,1.0
Resilient_def.db,4,58.6098296882698,139.25859495500555,58.47850478095533,105.00502712167672,20.80257337023183,79.43523641864849,150.2194009082206,47.405124606283664,68.89150832537803,73.97834209958266,93.34781060375813,117.61915348130215,144.99415411892403,104.09560257334968,174.97607306528022,180.4043511081444,True,0.038835254102413425,,5.434581470817349,1.0942796530466037,3.5107946205894507,0.0,0.9995,0.0,0.0,0.0,0.0,0.0,1.0
Resilient_def.db,5,171.38646917419447,103.79209141403535,173.59557767527247,131.2367590204717,259.86754651124477,161.5467489527805,149.49150854746017,181.68944909264263,173.07558316654888,193.05580721684095,129.98938722438163,113.05648031091522,84.22184710836476,155.6102481335211,96.17616740863942,118.20856163564966,True,0.2698192230021058,,4.086622411817264,0.9953552730655946,0.5494442575633813,4.606102357516109,0.5075,33.0,33.0,28.0,29.0,0.336,0.227
Resilient_def.db,6,58.6098296882698,139.25859495500555,58.47850478095533,105.00502712167672,20.80257337023183,79.43523641864849,150.2194009082206,47.405124606283664,68.89150832537803,73.97834209958266,93.34781060375813,117.61915348130215,144.99415411892403,104.09560257334968,174.97607306528022,180.4043511081444,True,0.015111157094708519,,6.283574008400317,0.15392286554970408,6.643103358666697,0.0,0.9995,0.0,0.0,0.0,0.0,0.0,1.0
Resilient_def.db,7,98.83987966264094,48.881109701941384,101.68744833769009,67.52351439356111,169.5274405863023,91.9471122967914,82.05127005999964,108.3128005646034,98.09899536985489,112.69626801919948,70.65986480504463,56.73097866857132,36.860398777727056,100.78256064622374,44.40844236343603,60.62560843630834,True,0.2687589825622175,,4.485781677628098,1.4260957848592672,0.8614549500993519,4.24207379719863,0.5895,26.0,26.0,22.0,23.0,0.3275,0.275
Resilient_def.db,8,71.82567870912149,24.951618247048792,77.88939458546027,31.157076238429045,119.45261022384952,67.85507908573334,20.402887089900847,81.52765270483657,49.46875715445095,45.346864369206806,62.57313995331442,44.610996252099746,34.94152723050019,120.22534367875896,12.767034971008849,16.98940729602534,True,0.05599583902372689,,3.1501740708329233,1.1915874058620646,5.612709932593096,3.9623234605064783,0.767,17.0,18.0,9.0,10.0,0.5435,0.2455
Resilient_def.db,9,92.85720429107518,33.87426117006714,100.31996182809056,46.448249875220334,154.55527845840328,86.01945952901723,30.88249259101852,106.85715071597113,71.49330990158381,69.53883039713313,79.67831411907486,56.817414375466626,40.402642327098455,141.3943976410996,17.11817185046006,20.14269101731458,True,0.2757343798600251,,2.9042250240486704,0.5874801412962257,6.790658966292354,4.281658263681125,0.699,18.0,19.0,9.0,10.0,0.5525,0.1465
Resilient_def.db,10,58.6098296882698,139.25859495500555,58.47850478095533,105.00502712167672,20.80257337023183,79.43523641864849,150.2194009082206,47.405124606283664,68.89150832537803,73.97834209958266,93.34781060375813,117.61915348130215,144.99415411892403,104.09560257334968,174.97607306528022,180.4043511081444,True,0.30966991795756915,,5.571655916939886,0.46779961372477147,6.15292456244138,0.0,0.9995,0.0,0.0,0.0,0.0,0.0,1.0
Resilient_def.db,11,88.63578298357015,30.61081595271388,95.75865753194194,42.59117502322615,148.48460267329708,80.88832237801856,25.9775623217124,102.99371965596691,66.794153002592,64.02584572930536,76.17507549746291,53.37189330590062,38.65995058553809,138.53305497604185,14.296269499249146,16.581786282264368,True,0.23582931435735807,,4.323344650401035,0.09613066376423923,5.217219962784543,4.377976751398156,0.7135,17.0,18.0,9.0,10.0,0.5465,0.1175
Resilient_def.db,12,9.717526906612834,21.738570873238,13.100635171438388,18.240141634796814,37.45491203772445,14.829387653485563,43.5487994430335,14.573562824579955,18.352855769872374,31.994075213612383,15.937868487269764,17.86343538319776,13.471009559815496,44.101442186050704,35.38746747480842,42.0027692118164,True,0.14033082508836306,,6.433976230954079,1.493915347322328,1.4948182514438164,3.5870571080761717,0.7345,11.0,12.0,5.0,6.0,0.1045,0.496
Resilient_def.db,13,4.316634194988094,36.314263701611736,7.8974460404417295,23.443961572271377,12.797669716673584,13.726293479521315,49.072219094992064,6.4782911992518635,11.914747696880227,21.039445652283465,22.381346971448135,28.87917199483799,34.43664424644975,50.23765273839099,54.44869719495845,57.27368795646427,True,0.20741685444274027,,6.356256048283683,1.2370339356523856,1.8454685984156596,2.90252531277723,0.812,5.0,6.0,1.0,2.0,0.0925,0.6155
Resilient_def.db,14,7.952878432142798,47.88883841195536,8.795601726194079,29.16428633981918,1.8364647867970136,18.27202064969787,59.71985388889181,5.091672688290736,12.387086865366708,18.411760369266357,26.331903037365976,37.71748142732241,51.231843893768925,49.56473085914544,70.6122790143144,76.44010681765305,True,0.12622168581988427,,6.323842397571588,1.484498111124444,1.8087756705865314,2.6133383218845583,0.903,6.0,6.0,4.0,4.0,0.098,0.672
Resilient_def.db,15,58.6098296882698,139.25859495500555,58.47850478095533,105.00502712167672,20.80257337023183,79.43523641864849,150.2194009082206,47.405124606283664,68.89150832537803,73.97834209958266,93.34781060375813,117.61915348130215,144.99415411892403,104.09560257334968,174.97607306528022,180.4043511081444,True,0.1325146284339822,,5.665705591026643,0.9304600591657991,6.445419024314881,0.0,0.9995,0.0,0.0,0.0,0.0,0.0,1.0
Resilient_def.db,16,63.43564532681468,24.402263315490337,69.22211831889304,37.13611000178212,124.72652597127255,59.204984162030804,41.33546392914802,75.57918114735733,59.27940914134917,68.63596536834955,50.15220551763359,35.19498716516284,18.456175267464005,92.65268779105214,18.599826182142213,25.810992663725337,True,0.15726750772501705,,6.076814163912988,0.894470963320423,0.8305844853064205,4.3713414985176735,0.631,18.0,19.0,12.0,13.0,0.3445,0.2655
Resilient_def.db,17,6.956394423803249,46.64207019457898,7.930653646518095,28.830136774014594,3.3651908148737038,18.3157153249465,62.216236345984235,3.448028318428191,13.237512739361872,21.197032188657666,23.916385152264034,35.76224685355439,47.10166556148872,44.79362603471757,69.62774380246395,76.9288785273421,True,0.20020408680832674,,6.902227406600906,0.8980009688551374,1.5551349861083335,2.1398894055356195,0.881,7.0,8.0,4.0,5.0,0.089,0.7085
Resilient_def.db,18,58.6098296882698,139.25859495500555,58.47850478095533,105.00502712167672,20.80257337023183,79.43523641864849,150.2194009082206,47.405124606283664,68.89150832537803,73.97834209958266,93.34781060375813,117.61915348130215,144.99415411892403,104.09560257334968,174.97607306528022,180.4043511081444,True,0.020319290333773873,,6.976560657315817,1.4499599629299351,3.6279529208818717,0.0,0.9995,0.0,0.0,0.0,0.0,0.0,1.0
Resilient_def.db,19,58.6098296882698,139.25859495500555,58.47850478095533,105.00502712167672,20.80257337023183,79.43523641864849,150.2194009082206,47.405124606283664,68.89150832537803,73.97834209958266,93.34781060375813,117.61915348130215,144.99415411892403,104.09560257334968,174.97607306528022,180.4043511081444,True,0.17787085423692084,,5.911517716134919,1.4764346394091745,4.5140233635078,0.0,0.9995,0.0,0.0,0.0,0.0,0.0,1.0
Resilient_def.db,20,58.6098296882698,139.25859495500555,58.47850478095533,105.00502712167672,20.80257337023183,79.43523641864849,150.2194009082206,47.405124606283664,68.89150832537803,73.97834209958266,93.34781060375813,117.61915348130215,144.99415411892403,104.09560257334968,174.97607306528022,180.4043511081444,True,0.2231102883934714,,6.5249096033797205,1.010055553932102,4.266958237931117,0.0,0.9995,0.0,0.0,0.0,0.0,0.0,1.0
Resilient_def.db,21,57.33591596569288,137.3262640231764,56.96658468420395,103.42047429727387,19.785327762027414,77.60935627375576,148.72484513194735,46.175554989341265,67.7259232110977,72.77047784078323,91.15676000657825,115.2900571730718,143.29367800135435,101.00991226960514,173.0590279284919,178.744267846455,True,0.39393461056313167,,6.29470752476061,0.45374277377394234,2.516231150802829,0.04541469233379411,0.9985,0.0,0.0,1.0,1.0,0.0,0.995
Resilient_def.db,22,20.33696190011248,17.88263260468389,24.45871345358678,19.716514064855005,58.523326237667774,22.6525277693027,39.7172340229778,27.39104874879568,26.553729790513213,39.234510762631785,19.86389287726356,16.733325883328217,10.04944326382263,49.172249603510096,25.938176146262993,32.938230337917965,True,0.276345661975381,,6.986133969999434,0.9750438084777119,1.1512497555537882,3.8507896437400264,0.6885,13.0,13.0,9.0,10.0,0.1735,0.4595
Resilient_def.db,23,58.6098296882698,139.25859495500555,58.47850478095533,105.00502712167672,20.80257337023183,79.43523641864849,150.2194009082206,47.405124606283664,68.89150832537803,73.97834209958266,93.34781060375813,117.61915348130215,144.99415411892403,104.09560257334968,174.97607306528022,180.4043511081444,True,0.2351422951968878,,5.508740279871207,0.8549214084151122,2.3960223939108847,0.0,0.9995,0.0,0.0,0.0,0.0,0.0,1.0
Resilient_def.db,24,58.6098296882698,139.25859495500555,58.47850478095533,105.00502712167672,20.80257337023183,79.43523641864849,150.2194009082206,47.405124606283664,68.89150832537803,73.97834209958266,93.34781060375813,117.61915348130215,144.99415411892403,104.09560257334968,174.97607306528022,180.4043511081444,True,0.15789567558493972,,6.942893061529388,0.6752828512589485,3.2588283463613776,0.0,0.9995,0.0,0.0,0.0,0.0,0.0,1.0
Resilient_def.db,25,26.100770037336684,85.94645384463668,27.851517691642275,60.07444202026056,6.002253124859702,42.18561124874777,94.79512635676576,20.434546495932956,33.675804161604354,38.24456663205724,54.08838956456387,69.98944090954575,91.16348583668906,71.5508953419392,113.05514483033583,116.54473316516038,True,0.06684379970497456,,6.480784776294824,0.05343244732720953,2.4083533867516773,1.866457011313485,0.9245,1.0,1.0,2.0,2.0,0.073,0.872
Resilient_def.db,26,26.993475782434174,89.71464836025957,27.27590268604576,63.67672805991356,5.882636066613808,43.05549886266687,104.52870288164497,19.76749034615322,37.23718928563761,44.601873131637014,53.062974274551536,71.75187014591614,92.1059615239103,66.4557584963674,120.19609517391552,126.51832503859592,True,0.13436319187825368,,5.178042798245361,1.3820555214598595,2.2846393583368605,1.5558920851215692,0.932,3.0,3.0,3.0,3.0,0.0225,0.867
Resilient_def.db,27,58.6098296882698,139.25859495500555,58.47850478095533,105.00502712167672,20.80257337023183,79.43523641864849,150.2194009082206,47.405124606283664,68.89150832537803,73.97834209958266,93.34781060375813,117.61915348130215,144.99415411892403,104.09560257334968,174.97607306528022,180.4043511081444,True,0.15639384871828935,,5.311094619624818,1.274818533134974,2.5533030072341405,0.0,0.9995,0.0,0.0,0.0,0.0,0.0,1.0
Resilient_def.db,28,28.332660884073398,19.719226777808924,29.86360646284959,23.37009263874439,68.2877385343792,29.792707791531726,51.145939576984,31.580900830287494,34.42113104139506,49.1424383159743,18.173732934070518,17.038110814671874,9.603997079449359,39.53124307049537,29.305368789573244,43.47809150472093,True,0.013192306086502084,,5.268041907252979,1.3417529907077421,1.309428528469327,3.695187818935427,0.695,19.0,19.0,16.0,16.0,0.182,0.4895
Resilient_def.db,29,25.456829777927496,19.243827462027575,28.05010385041148,22.561381882459283,66.60535292329098,27.58649803830125,48.46098536166696,30.522785567130587,32.34849912417387,48.214947490888925,19.961369141471625,18.696974330500957,7.426517461600043,47.26043344373258,28.94621345309393,40.575764761671735,True,0.15409448505094175,,6.976789902715679,1.1705906116120088,1.2095617005517085,3.953766752322953,0.692,18.0,18.0,10.0,11.0,0.1505,0.435
Resilient_def.db,30,108.44646536338576,48.5751007537493,114.44441293539731,67.90015361628177,184.77008983642742,102.20370659925496,69.5708674927098,121.49919169780448,99.88074062475897,111.08003762006213,86.06361794634955,67.03004029024693,38.65985358050216,135.39890067322233,37.089648667468644,48.07791055126265,True,0.22655634634725072,,4.63381901821827,0.07087849882503416,1.1105873077396864,4.6432841216009795,0.598,26.0,26.0,12.0,13.0,0.408,0.1615
Resilient_def.db,31,103.15884614467754,40.94906733016994,107.51691061966375,58.291973313006636,172.014649330915,94.9368541631236,57.541548215324624,114.0349133802708,89.43518099861707,95.03553524455508,77.2410361508741,57.79519628151205,38.94510711636189,122.63073657903047,28.671862049973868,40.79556772552194,True,0.3053355713967704,,3.349585674438294,1.3858999050323606,4.407653345369486,4.188374000158101,0.6485,25.0,25.0,19.0,19.0,0.48,0.195
Resilient_def.db,32,70.7733519291923,21.409920019237646,76.4882405935642,30.98039775268977,125.06265317874212,65.45054275111771,23.5607725592485,81.6454550898971,52.47956322044188,52.255343503739326,58.037238145209365,39.9792312396467,26.80272156377171,112.6471943061927,10.025865380198248,15.776654855076076,True,0.16599280377778347,,4.591676551668153,0.47526120147972034,4.752371005639722,3.8688599018490994,0.7265,19.0,19.0,11.0,11.0,0.4975,0.21
Resilient_def.db,33,60.794203203074815,31.622157474812425,63.260050788284076,43.209449539603426,117.62882637649838,58.643929731456026,65.22485892223656,67.2520345084328,64.39583164102433,80.12304679210806,41.76992480916138,34.36229067981047,18.95963727545114,67.59287196123232,34.246667925299796,49.63170188863683,True,0.16907980344462553,,6.829406644410983,0.44365043482020033,0.5425436156461885,4.5301270756919525,0.631,23.0,23.0,18.0,19.0,0.246,0.3885
Resilient_def.db,34,19.4740033146398,71.8643692392151,20.915149655142375,47.90779355550129,3.439643637799974,33.53876904007932,79.99161155972953,14.82612117728527,24.47285823170304,28.970839277633576,45.12792779317296,59.449528035632376,77.08793500425419,67.54757665304162,97.2305897038633,101.14739317930108,True,0.24965380345267796,,6.901939402894004,1.4465124411391024,2.1185593968610985,1.6563513250824686,0.9325,3.0,3.0,1.0,1.0,0.0865,0.7745
Resilient_def.db,35,117.12777969889662,49.010103489607715,123.24131117924799,67.26263269125252,190.99163978562967,109.89342727202387,61.227328849285925,129.64903695458156,100.00763441505899,105.36940069353619,93.91908807236256,72.15023072918831,45.79399711844096,150.11081202908045,33.21877483607116,43.432425682459055,True,0.24023849839789027,,4.0569359572916435,0.9619190842046454,4.857228433227652,4.2790783260450445,0.645,26.0,27.0,12.0,13.0,0.511,0.1305
Resilient_def.db,36,74.52657207469109,22.91715149467324,80.49989499907687,33.89913579248262,132.1898210484418,68.66647554761977,25.956693362506982,86.30686736839606,56.92232469293335,57.736732883020224,61.08456611435186,42.20009021931015,26.823470248137646,116.75262118602225,10.856043005813119,16.481619482423824,True,0.2204096502205075,,4.454672157117882,0.6291120031184543,5.669179801021209,4.303599628788576,0.711,19.0,20.0,10.0,11.0,0.49,0.181
Resilient_def.db,37,116.98619941384436,52.7730224661879,122.06710412033726,71.89850747997983,192.10335972316216,110.73907620530967,74.44802946014451,127.72635067051476,105.34439854367614,114.99918472340781,90.62907660174129,71.69729346580148,44.52864554370639,138.12826210780088,40.43773756965973,54.22344647834771,True,0.14534796262162028,,3.0348147038002895,1.1238398483220395,2.6152329214848837,4.59398336212814,0.6175,28.0,29.0,15.0,16.0,0.455,0.194
Resilient_def.db,38,58.6098296882698,139.25859495500555,58.47850478095533,105.00502712167672,20.80257337023183,79.43523641864849,150.2194009082206,47.405124606283664,68.89150832537803,73.97834209958266,93.34781060375813,117.61915348130215,144.99415411892403,104.09560257334968,174.97607306528022,180.4043511081444,True,0.26063169370443046,,5.154319537546345,0.44417185746802934,3.9789118756522046,0.0,0.9995,0.0,0.0,0.0,0.0,0.0,1.0
Resilient_def.db,39,21.331007496030022,74.7304540377595,22.3053444943045,50.192220730549124,4.239764342808179,36.9564343946479,86.22743591703961,14.558239001970286,26.76080204854412,32.18724090139518,45.489091477554666,61.430024472674376,78.49654088821089,64.82388817039292,101.17379252160633,107.52674843939474,True,0.2650568248678694,,5.002191962902185,0.3926779551982783,3.727497642760864,1.350461191099947,0.9345,5.0,5.0,2.0,2.0,0.0885,0.833
Resilient_def.db,40,96.14653792069579,36.52004950892822,102.43187065104189,52.30436631010704,165.06209518658383,90.16227686689781,47.60540090797654,108.65523931913754,81.09044468337505,86.66166673923294,77.56477398797,57.7005842078324,33.551232703276476,133.03000601376885,23.227357195668866,31.754590986632472,True,0.38071172303302836,,4.032328428779889,0.07052843852085855,2.731788387363344,4.522512229564397,0.656,24.0,24.0,10.0,11.0,0.473,0.1545
Resilient_def.db,41,58.6098296882698,139.25859495500555,58.47850478095533,105.00502712167672,20.80257337023183,79.43523641864849,150.2194009082206,47.405124606283664,68.89150832537803,73.97834209958266,93.34781060375813,117.61915348130215,144.99415411892403,104.09560257334968,174.97607306528022,180.4043511081444,True,0.2047269565117943,,6.770021127640988,0.9543001598107281,2.7877841137086365,0.0,0.9995,0.0,0.0,0.0,0.0,0.0,1.0
Resilient_def.db,42,4.405118238082881,14.730947095996223,5.9898942522055485,9.430219909872903,26.249114711521834,8.860138910700543,35.94453074193732,6.289696117477131,9.099281501093191,19.83750157609915,7.16860592531687,10.319484464490628,10.675476682224224,32.43838184302811,28.99505910894537,38.39617339746629,True,0.14369561649572535,,6.660085290020043,1.4766985636795689,1.3059558790466903,3.0227161294394023,0.783,13.0,13.0,9.0,10.0,0.147,0.5215
Resilient_def.db,43,54.527883941619066,33.2933819853522,57.258204385276265,43.30267118197919,110.5062130670189,54.43623757328136,69.2891286790545,61.25140219372413,61.77353403551302,81.52595970642568,41.03805511633193,36.650725320071885,15.583357254980637,70.58116446213441,39.51072709657924,54.19750490086846,True,0.15200200830727617,,6.758907615960558,1.4786933782547502,1.2064094430362944,4.313177005081747,0.6365,23.0,24.0,11.0,12.0,0.16,0.346
Resilient_def.db,44,22.24827504327581,79.19757059583733,22.30317938469732,54.4652585096028,3.6780229477807285,36.483847319719565,92.3939949491899,15.963411320185362,30.07553750087481,36.74285543681401,46.72145014321345,63.916159033642884,82.49605894578355,64.1082452544176,108.10495621036262,114.33466522714812,True,0.06386991629271113,,6.562529145692144,1.214906267904277,1.8553307950961044,1.9019966690038261,0.9415,4.0,4.0,2.0,3.0,0.0385,0.789
Resilient_def.db,45,5.300417998467014,12.490546864208172,8.37745326382813,6.880403027140445,28.948261842936038,10.357731630073099,27.576423642061282,8.94209344281917,6.382751312843704,15.884206322372037,12.276073158461259,13.617550155620942,9.017924481166364,48.23259880226516,24.113585461811507,30.70041897172204,True,0.21433924108156588,,5.947845202189381,1.2550790405556038,1.6910122630894737,3.353334360961063,0.7955,13.0,13.0,3.0,3.0,0.171,0.4505
Resilient_def.db,46,69.05033023757659,26.57303746088515,73.00241845989312,40.153388965323366,131.51614936356222,64.69726157206031,50.47527736190912,78.48348301675048,64.81338601631101,76.52940969170598,50.31270958085014,37.52086484317981,17.781309249491798,89.77321346396154,22.568484785761413,34.84347109238839,True,0.04388046022021358,,3.176777316023095,0.09989506834793238,1.6340362735928298,4.618855866213872,0.6445,23.0,24.0,14.0,15.0,0.3325,0.258
Resilient_def.db,47,57.9793089383408,28.196062926556245,63.25753982257127,40.153966716916145,118.77409393755173,55.69121333900995,52.63684211164272,69.38107690140113,60.2771459016936,75.16435506098077,47.13287594345785,36.29342078897208,15.758186542533183,86.4076982285653,27.531607261921668,36.14670475496534,True,0.12009631110000393,,6.093015622169429,1.40191321643379,1.0363819749189769,4.3611018547516,0.6185,19.0,20.0,9.0,10.0,0.241,0.274
Resilient_def.db,48,58.6098296882698,139.25859495500555,58.47850478095533,105.00502712167672,20.80257337023183,79.43523641864849,150.2194009082206,47.405124606283664,68.89150832537803,73.97834209958266,93.34781060375813,117.61915348130215,144.99415411892403,104.09560257334968,174.97607306528022,180.4043511081444,True,0.1294756014346599,,6.62694928926551,1.3742146531522828,3.1702350602604397,0.0,0.9995,0.0,0.0,0.0,0.0,0.0,1.0
Resilient_def.db,49,58.6098296882698,139.25859495500555,58.47850478095533,105.00502712167672,20.80257337023183,79.43523641864849,150.2194009082206,47.405124606283664,68.89150832537803,73.97834209958266,93.34781060375813,117.61915348130215,144.99415411892403,104.09560257334968,174.97607306528022,180.4043511081444,True,0.1675879661567056,,5.572311940357337,0.22413637382214435,5.329129140310786,0.0,0.9995,0.0,0.0,0.0,0.0,0.0,1.0
Resilient_def.db,50,58.6098296882698,139.25859495500555,58.47850478095533,105.00502712167672,20.80257337023183,79.43523641864849,150.2194009082206,47.405124606283664,68.89150832537803,73.97834209958266,93.34781060375813,117.61915348130215,144.99415411892403,104.09560257334968,174.97607306528022,180.4043511081444,True,0.2160411648849786,,5.58741702100231,0.7304384179545353,5.605986478848798,0.0,0.9995,0.0,0.0,0.0,0.0,0.0,1.0
Resilient_def.db,51,120.72531924963153,79.0934019957436,124.79718699750046,99.08787298500056,197.37707021508982,117.81465312089762,122.74570243158007,130.36986418226448,129.48103722535689,152.12757593639202,95.16210771197957,84.17313152011306,56.139434447283605,121.13925860313128,78.16286435985062,95.48637056387545,True,0.08382713929167127,,2.5334873726545646,0.7040961707841051,0.6085391133623634,4.597348190307872,0.5185,27.0,28.0,18.0,19.0,0.223,0.3455
Resilient_def.db,52,57.49976256864833,31.2713979240143,60.07349214252655,42.12894551348984,113.9637533414081,56.33996211599676,65.77641746377763,63.86666983928656,62.3011197602699,79.61218075439054,40.65164600134778,34.485843848183436,16.511915809485327,68.24215335406937,35.23911056703832,50.512897282970684,True,0.27345490741160244,,5.776531627577687,1.2114516846838028,0.8186008053653402,4.069616243812635,0.635,23.0,24.0,15.0,16.0,0.2145,0.373
Resilient_def.db,53,19.478969935528145,75.12131243549686,20.141113921614547,51.95820706086315,5.27908333773146,35.465357429302905,93.05796853937953,12.571717985225156,29.461427931979333,38.53981932485235,42.11096874097217,59.41628369396223,74.49830643480334,56.83140211263068,103.60666500198361,111.5740443596934,True,0.2714562796756652,,5.580338066851122,1.096459609692507,1.6860971932988627,1.9974390112852873,0.904,6.0,6.0,3.0,3.0,0.0385,0.852
Resilient_def.db,54,26.01143611936051,20.489137720876982,28.03526555802699,23.112195021286333,65.64349250014794,29.029513112775515,51.76886545314353,29.306809201517286,32.81283967776279,49.00684786576324,19.225899392166944,19.214261749174433,8.141371416602581,44.226159224039826,31.065968465358047,44.605655809682645,True,0.2342050406181732,,5.378398147742411,1.463739529538125,1.1853066854619132,3.9209040134638284,0.7005,19.0,20.0,11.0,12.0,0.154,0.472
Resilient_def.db,55,2.8842326094829125,33.41358378004452,4.465850172194321,19.764229185359824,8.72167855541489,11.766067015852903,49.50108325454829,2.506115659065485,8.748458247583242,18.40786864655469,17.69403047699558,26.571978680888193,31.423406714034872,44.63579805951251,53.69292183578744,60.21850937838961,True,0.2011117313735928,,5.942374128429803,0.9600016034844455,1.7622872428957943,3.5552170191133725,0.8525,9.0,9.0,2.0,3.0,0.0845,0.585
Resilient_def.db,56,29.852991144648005,19.76620417001756,33.943706664844456,24.270115206336573,74.54704467423552,31.98727287944807,45.25353913363596,36.75493170398237,35.196537025484375,49.81855802407646,25.51398678521912,21.535996177524403,8.698191378008609,56.95049503902261,26.26490671689097,35.65981824522299,True,0.18892253839572493,,5.935225834622266,1.1507382247516258,1.217052026648921,4.189240763834145,0.672,17.0,17.0,9.0,9.0,0.186,0.4265
Resilient_def.db,57,8.82379629315104,15.021581251867804,11.416763174979693,10.040088865496415,33.00191597469411,15.214797910084277,35.34390242743697,9.952899432605415,11.030566017465361,21.177658621908826,11.245078653077048,13.390920856731414,10.337806137654562,39.40020538570902,26.81077556874629,36.84092082435191,True,0.13551236680707487,,5.145068593909654,0.7080294130731677,1.7982799745456668,3.4333786729249702,0.775,15.0,15.0,8.0,8.0,0.1955,0.5645
Resilient_def.db,58,118.6258802744131,59.329618583432634,125.70973401815395,80.14382665636356,198.11601251362316,112.48015156831738,80.90505964314369,133.20133295673895,112.72839421273915,124.4836711366111,96.42862916672728,75.92557653736547,48.48340430796692,142.99977511941057,46.754746102406926,56.27745763286031,True,0.385233930105671,,2.535455919253314,0.12705312196699725,0.625262316455899,4.61868134814018,0.555,24.0,24.0,14.0,14.0,0.407,0.204
Resilient_def.db,59,58.6098296882698,139.25859495500555,58.47850478095533,105.00502712167672,20.80257337023183,79.43523641864849,150.2194009082206,47.405124606283664,68.89150832537803,73.97834209958266,93.34781060375813,117.61915348130215,144.99415411892403,104.09560257334968,174.97607306528022,180.4043511081444,True,0.01658202484013971,,5.211241346593362,1.3138276041242434,6.424176380631458,0.0,0.9995,0.0,0.0,0.0,0.0,0.0,1.0
Resilient_def.db,60,58.6098296882698,139.25859495500555,58.47850478095533,105.00502712167672,20.80257337023183,79.43523641864849,150.2194009082206,47.405124606283664,68.89150832537803,73.97834209958266,93.34781060375813,117.61915348130215,144.99415411892403,104.09560257334968,174.97607306528022,180.4043511081444,True,0.16903643921683673,,6.115756177455374,0.9394571077058005,2.191846934089357,0.0,0.9995,0.0,0.0,0.0,0.0,0.0,1.0
Resilient_def.db,61,24.262588030238582,81.61056171020253,25.435582460462694,55.971135636247396,4.629083524985451,39.611179025041324,90.66098386828016,18.281989848685775,30.52997168276015,35.20066604294362,51.05191203431657,67.04616631900691,86.76695323762294,70.36356095335907,108.70677089956965,113.10792293637272,True,0.11243780239141801,,6.553993375356845,0.8724804447684871,1.8535199628875303,1.2985379209162922,0.9395,2.0,3.0,1.0,2.0,0.0735,0.8275
Resilient_def.db,62,58.6098296882698,139.25859495500555,58.47850478095533,105.00502712167672,20.80257337023183,79.43523641864849,150.2194009082206,47.405124606283664,68.89150832537803,73.97834209958266,93.34781060375813,117.61915348130215,144.99415411892403,104.09560257334968,174.97607306528022,180.4043511081444,True,0.35628561092304994,,5.571252497778194,1.1307331807595458,6.507726626743544,0.0,0.9995,0.0,0.0,0.0,0.0,0.0,1.0
Resilient_def.db,63,56.54032307534208,30.686184498545146,60.07849113672128,41.286558491388575,114.86787650951436,56.23368498744585,63.06389691053303,64.43688191725745,60.76554120341195,79.41942509891581,44.10897535230045,37.973737799394144,13.741504794778598,80.24834272698007,34.51806639245692,47.89317997436571,True,0.1953170589276685,,6.726994128788177,0.9838510544421981,1.0691639880052215,4.547558337724237,0.642,24.0,24.0,8.0,9.0,0.1885,0.2945
Resilient_def.db,64,77.71590824888524,24.666911117988125,83.26503941026141,34.627123404755196,132.00097758111792,70.85238371874959,23.896270272469323,89.04989781066786,57.042084491991055,54.7103089239936,63.66514170580388,44.03674895313393,32.83525203646713,119.44355186759545,11.632833760507276,16.84881308132995,True,0.012464134745239636,,3.9150954674783205,0.518360114873677,6.121311799564555,4.192450148963184,0.7365,18.0,19.0,12.0,13.0,0.529,0.182
Resilient_def.db,65,11.691851590374867,59.79900249514851,14.284626441974027,40.10026260315043,5.305604884832737,24.663746488358555,71.40737438412572,10.012162079705806,20.39535859016547,28.033552836154502,35.65817600509245,47.606506281881764,60.670910054387825,58.053783139028816,83.45208060657343,86.48123342660095,True,0.28206881786934807,,6.477090171470391,1.0226839734401598,2.715692025069022,1.7374193298076421,0.8685,3.0,3.0,1.0,1.0,0.062,0.74
Resilient_def.db,66,44.14583121945043,116.79127316155,44.59612015780756,85.78681838499705,13.243333701265323,63.43090700891034,128.02437213395928,34.61818839139018,53.598860396925744,58.890817151246004,75.75081217320557,97.17883296713595,121.75975195480417,88.36824109293235,149.47611177556007,154.8310030527261,True,0.15038426723357895,,5.666588682043754,1.377205913238663,2.1751605211104357,1.2503230812705943,0.97,1.0,1.0,1.0,1.0,0.0265,0.9605
Resilient_def.db,67,63.8735992486977,18.34613869271236,69.26048598414245,28.61613565032075,119.94083884704523,59.396928781696495,26.808535012993758,74.35802155495948,50.24073593265126,53.85114441656569,50.653840355961535,34.582729653583655,19.129957519956662,101.18383194942905,9.607725913003414,16.895672021604454,True,0.0172423065240091,,3.2981379048867883,0.6489197481598143,3.39951023427182,4.375411056721744,0.7025,20.0,20.0,11.0,11.0,0.4395,0.23
Resilient_def.db,68,58.6098296882698,139.25859495500555,58.47850478095533,105.00502712167672,20.80257337023183,79.43523641864849,150.2194009082206,47.405124606283664,68.89150832537803,73.97834209958266,93.34781060375813,117.61915348130215,144.99415411892403,104.09560257334968,174.97607306528022,180.4043511081444,True,0.19551328397726161,,5.962707891555153,1.3101354150459605,3.054596824760427,0.0,0.9995,0.0,0.0,0.0,0.0,0.0,1.0
Resilient_def.db,69,31.5419936871524,14.147730944535919,36.38898063630449,19.888735509970942,79.68009954842051,31.79784733347911,33.6748992266505,40.85690255119498,32.60858882649852,45.32093595238792,28.181082465503497,21.185337851754518,5.094536335197315,69.13363959461262,17.277348614672608,24.287763442139102,True,0.26219172949720687,,6.0027792615684215,0.7936830762208759,1.339366699784191,4.170444249147314,0.6845,17.0,17.0,5.0,6.0,0.2185,0.3105
Resilient_def.db,70,12.920275865172481,59.62491091154751,13.958098829757187,38.48623939707401,3.032250502444045,25.845412353421796,72.16469375945793,8.760105054302201,18.700668496465354,25.810866484522297,34.95175372936241,48.80205309416791,61.40646773340062,58.21625550935763,84.60594649274695,90.4771227291016,True,0.045128364484253475,,6.4643268162325205,1.4925196317528848,2.009831019830502,2.079476455897604,0.9145,6.0,6.0,1.0,1.0,0.0705,0.7165
Resilient_def.db,71,77.5331715266932,27.703697499201827,83.59516944842898,40.40201562575807,139.70478899607085,73.63727914694441,39.47533309194304,88.39661150731412,64.96600206571651,70.55641889379964,62.07517362435141,44.97537997910857,25.15305955594795,112.50675171999636,17.49479467654124,25.875701478205745,True,0.34529264643642776,,3.6317142643480986,0.8245627044064775,3.4962706917604143,4.240121172939489,0.6665,22.0,22.0,11.0,11.0,0.446,0.244
Resilient_def.db,72,81.00774692766501,41.870784072196955,85.53697890586358,57.63153396129455,150.03419623870343,77.84414939938209,73.41717095396325,91.8655779293995,83.31993359110602,101.50923422500298,63.632401036847654,52.446712534609844,24.764544512740294,103.04013052405423,40.37481367692778,53.12398539235829,True,0.12174002746979973,,6.692017366757206,1.4754698951564476,0.7912405275557578,4.3377395679620365,0.597,25.0,25.0,10.0,11.0,0.24,0.2275
Resilient_def.db,73,2.96494189459081,31.42888613204068,4.88508203725118,17.35561333592319,7.804364698155906,12.48845879432734,45.4204280144999,1.7787215612713185,6.501809658060538,14.022064417880095,16.980302732438332,24.954814647456228,31.613341514469266,43.479205341717055,49.97186324880789,56.65784466070102,True,0.12323113346875789,,6.423929164778758,1.4848009294177464,1.7338752418331989,2.499538284866747,0.8555,9.0,9.0,4.0,4.0,0.1335,0.636
Resilient_def.db,74,30.213305997851556,93.07998124345428,30.64283977616696,65.7188277640455,6.3336256668810655,46.19323724409064,103.75425358400942,23.037650252822132,37.99364540599695,43.17005690506109,58.008171629074084,76.26226495176225,98.22840038502439,74.17123922531347,122.8438986247169,127.92796890947463,True,0.14599369654807262,,6.360995017468057,1.4875006025968742,1.8698165279377401,1.1169732598597417,0.9545,2.0,2.0,2.0,2.0,0.045,0.8555
Resilient_def.db,75,58.6098296882698,139.25859495500555,58.47850478095533,105.00502712167672,20.80257337023183,79.43523641864849,150.2194009082206,47.405124606283664,68.89150832537803,73.97834209958266,93.34781060375813,117.61915348130215,144.99415411892403,104.09560257334968,174.97607306528022,180.4043511081444,True,0.2028996583109708,,6.8537378764439225,1.341477218129156,2.0746803907731963,0.0,0.9995,0.0,0.0,0.0,0.0,0.0,1.0
Resilient_def.db,76,58.6098296882698,139.25859495500555,58.47850478095533,105.00502712167672,20.80257337023183,79.43523641864849,150.2194009082206,47.405124606283664,68.89150832537803,73.97834209958266,93.34781060375813,117.61915348130215,144.99415411892403,104.09560257334968,174.97607306528022,180.4043511081444,True,0.1653033371243049,,6.9775036412863916,1.3629238204350043,2.653659819163586,0.0,0.9995,0.0,0.0,0.0,0.0,0.0,1.0
Resilient_def.db,77,3.744238393639351,33.563981069598235,5.2350041003347165,21.85916278349383,13.173493775568858,12.919064495070856,55.35335667793513,2.906544639942722,12.855241043607617,24.712466861541756,15.087199082743787,24.10562764368704,28.672183347313325,35.77360967811847,54.16556426613925,62.65800045648709,True,0.19465149046669686,,5.735824491351826,1.1967724652413927,1.7478923918240565,3.3404378511623163,0.8135,10.0,10.0,6.0,6.0,0.0745,0.6445
Resilient_def.db,78,1.707814988884782,20.70013244637827,4.266520465155125,11.100279099136834,15.947801174246127,8.8091329928975,35.78991648870168,3.1833362717554934,5.271473181458972,13.831347880701834,11.940850052011118,16.451644264750822,19.18410853016152,40.710356709856995,35.958212103663236,42.31525409534076,True,0.18040776363744904,,6.8616232721576065,0.8262474376199787,1.6302728616028686,3.2040045698750337,0.814,10.0,10.0,5.0,5.0,0.148,0.565
Resilient_def.db,79,15.74256529623777,66.05253520060893,16.8721398802946,43.600174376808354,2.916640238640992,29.82301131011011,78.4106459406182,10.670223807846305,22.1379850109439,28.639208114962045,38.7487965798881,53.39385667068811,68.60020685309715,59.19903448904404,91.7228658070026,97.54526729570539,True,0.20183045736238794,,6.660759472693403,0.6578774024523387,2.0370073042206416,1.9553307873463952,0.9155,5.0,5.0,2.0,2.0,0.075,0.7785
Resilient_def.db,80,46.853879465262956,22.44199939457551,50.1476955051935,32.773589392885846,102.47877702644942,43.99881480356392,50.80146105800395,56.3719960698962,51.02856210911517,67.08539959176586,34.96010837435037,27.46132336426615,9.86837602945758,69.23374826235784,25.997083724421756,36.86638300649597,True,0.22359483244387204,,6.6805161875395696,0.777608675517218,0.999030702362058,4.2813231502564175,0.648,20.0,20.0,11.0,12.0,0.1925,0.2705
Resilient_def.db,81,82.96528341964493,47.240438408397274,86.81605991796405,62.418846727880094,150.1603116130282,81.22322271290088,83.64132267282699,91.60320156069551,87.61761345717757,107.11607527405279,63.66313097679787,54.54008591667811,28.578639871692864,96.1808479466884,47.748580587499816,63.04628345495619,True,0.12026620849683659,,6.975597809491125,0.8574465175670295,0.7971001642360991,4.452537184189317,0.589,26.0,26.0,13.0,14.0,0.2285,0.3155
Resilient_def.db,82,12.822296636245998,58.33567008316173,13.957386748936084,37.203047517864725,2.5686312827789224,26.080664458292294,70.55369476618428,8.003769545698955,17.772110100326728,23.785570166845723,33.59318977064155,46.94693751151464,61.247367746562716,54.93728930640656,82.39828206708204,88.74535360807877,True,0.1677721062313695,,5.122141804697527,0.9855092074419831,2.1187334133897044,2.3049360818143474,0.9105,6.0,6.0,3.0,3.0,0.0995,0.7615
Resilient_def.db,83,105.23049523414898,60.62752625726358,108.62716397171657,79.18657438629177,177.39797057644748,101.12518439089476,99.20355915930111,113.98291942260045,108.97151861776761,127.38714172118667,78.65816471557022,66.85591864984441,43.30410279653578,106.06336719109919,58.31763117201276,75.53919461170935,True,0.08858173576801713,,5.147121674496124,0.9980210256798445,0.5100229923769295,4.228445371519121,0.56,27.0,27.0,20.0,21.0,0.28,0.337
Resilient_def.db,84,3.2710162230833686,31.09304406628066,6.274758567266567,18.502431575848995,12.75978167528953,13.202531415371906,45.81414440915121,3.8472865275517725,8.604309843002067,18.146318605331558,18.873461649023938,25.99393406374363,28.229902359150813,48.3503123256075,48.93786244334677,54.35503591854782,True,0.09631032738032112,,5.722876224301398,1.4982546068414095,2.211041145095723,2.782592546126909,0.827,9.0,9.0,1.0,1.0,0.1115,0.6075
Resilient_def.db,85,4.97521259851612,22.734580795253784,8.416228161387547,16.28075566459544,26.27742205346754,9.613882278861416,38.149854786380715,10.814883228126808,12.190232246750842,23.420427807773983,16.718730742362162,19.179367209291055,18.308518140609355,48.97694926539773,37.50570121200632,40.777307440946714,True,0.20887384508986193,,6.234797448129268,1.075101709127161,2.06324415106712,3.2468782934644977,0.774,8.0,8.0,2.0,3.0,0.0905,0.4495
calibration.db,0,52.383620257088225,81.00854935702957,50.10985018721324,66.1526817615097,49.051368851839236,46.3871816041189,79.40457278972005,60.11874495979579,51.96476390749541,54.60978875542752,71.43357006564129,77.31507353402654,93.56767675045715,113.61845710856298,103.37033230042893,101.01098665016099,True,0.6422688831118438,0.6681634920188465,0.41057560400857873,,4.9659883005210474,0.3585390425955353,0.9935,0.0,0.0,0.0,1.0,0.0,0.0515
calibration.db,1,98.51732960571391,59.93284626849498,106.03304785546189,57.54450086282862,127.31027742872477,90.88010469495762,24.327831153779655,113.3873800014702,64.48412973717119,46.646739129270706,106.50348409513172,84.85302522432622,88.92596190994658,184.45011593447788,44.89512308818124,35.16238426157509,True,0.624017483170134,0.5975445281627711,0.2885407862857493,,1.6967161661454464,2.8396176671241418,0.904,4.0,5.0,0.0,1.0,0.606,0.0515
calibration.db,2,49.17826482060062,29.447599377908396,53.58830641082132,25.06423649753773,72.57610276492592,42.43324363752789,9.507413634389978,61.64510584483097,27.724118514251888,19.19625397600525,58.29651037662223,45.57726096513984,49.27081659169346,123.78075016700772,26.38099012737741,20.845360786227864,True,0.742101025518477,0.5583367733992952,0.3351847600569638,,1.7433150523186633,3.7589478940741192,0.9065,5.0,6.0,0.0,1.0,0.3965,0.0515
calibration.db,3,128.64412633534826,77.3247306251783,140.8360937202877,97.45982360237312,210.76400847937822,124.7467686693471,86.9179592644293,149.93466144084883,125.43552542492348,135.8790699029845,120.4459960752506,95.73351836421105,66.93129553629217,177.40338005482596,61.11347084676128,59.56843904830106,True,0.6325490791483513,0.6615613161136392,0.5524934683301698,,0.4469744463812443,4.719622862901673,0.497,15.0,15.0,4.0,5.0,0.3945,0.203
calibration.db,4,50.85554431165497,79.03968227349056,48.72870462114855,64.54134526776758,48.37548910674376,44.83951494143649,77.64630591660935,58.82575762135227,50.68157192767646,53.53229930672458,69.7781544580886,75.40497860223496,91.2608697943704,111.9875298975717,101.15658125127561,98.70417969407424,True,0.5612350123572355,0.6761129244327737,0.36493238927251814,,3.4837958611612505,0.45516851464790997,0.9875,0.0,0.0,0.0,1.0,0.0,0.0515
calibration.db,5,94.7192595872698,49.50479084241398,102.01449150341908,50.12942997610554,130.8890022098918,87.58698468254013,20.79440446298794,108.7651812592993,61.52855261741503,47.23905331074487,97.92461957830581,76.35261396261274,73.17576208143922,175.63895186564147,33.876621622324535,27.808348164524766,True,0.6561484907736085,0.5568177169294697,0.581255321765865,,2.664513530852263,3.3665448382880827,0.8765,9.0,10.0,0.0,1.0,0.602,0.043
calibration.db,6,102.63444613001944,53.76579043675999,109.82553055917687,54.904666895561654,140.22999921894984,95.76406269203947,25.671450763694285,115.9337149352762,67.75983361100144,53.37753116137266,104.07115961420145,82.2244486752792,77.08593426313101,182.94227176263536,37.184873932566575,32.451325125804644,True,0.6630062837501198,0.6458580230972182,0.54706931931369,,1.9070998110715127,2.8148525850531443,0.88,11.0,12.0,0.0,1.0,0.6245,0.043
calibration.db,7,129.2471368888447,80.7239149849762,138.71558209284262,80.42800296554375,163.1804814457093,120.81399773416804,37.948459191499886,146.35621058552314,90.24806156435899,68.56093287374281,136.62097522023998,109.79997691908002,113.24894977441292,220.62720384126348,59.30284165314202,46.84827989271782,True,0.6993827570703428,0.6517273250562573,0.4300800052463809,,3.2667254983101905,3.2666652818604196,0.8835,3.0,4.0,0.0,1.0,0.701,0.043
calibration.db,8,83.93681197618636,30.36160599928273,93.1061154505832,42.050586080142736,145.9140609369049,76.94651275248984,21.346735152938063,101.94103964328505,64.02141618604043,62.641839588895394,79.35421430396276,55.65825052306339,36.33157578377149,150.273160616967,13.799568915727496,11.011375609753133,True,0.7076029812640394,0.7286813336683514,0.5880256598249883,,2.3455058363458297,4.223062912770359,0.698,14.0,15.0,1.0,2.0,0.4985,0.0415
calibration.db,9,116.54790116248981,77.30452394986814,124.02674833759362,73.20523134260294,141.33946124763116,108.70697215123246,36.54848558951667,130.9665302186165,78.78521599390412,57.61247314337251,125.64601794219428,103.38486051514305,110.50520256436634,205.99402230783522,61.13312639934898,50.40802795699742,True,0.5594054687729507,0.6013007284993616,0.27961860851831244,,3.589633092087405,2.74486406907777,0.9355,3.0,4.0,0.0,1.0,0.6475,0.0515
calibration.db,10,84.95087166506502,39.303739416251695,91.31946288986822,56.03928742697266,157.04578936641582,80.24524688831676,61.34312875798787,99.18046823281756,82.71964443347511,97.19180003574661,70.29853803585871,54.50346092533657,26.151653247917114,119.13210815542277,32.733830623263145,40.88078529206801,True,0.6697486939427819,0.7142763380766093,0.506130161665446,,0.5544603775293122,4.819512313162392,0.5955,22.0,23.0,7.0,8.0,0.299,0.151
calibration.db,11,50.60404596158283,78.03344961670454,48.555754655302074,63.94326185518846,48.993710738292094,44.33643383836822,76.66404218798844,58.89916342678057,50.494686444411826,53.45910089176304,69.30592658579633,74.60044594686535,90.09241079578446,111.81785435278312,99.86904430512463,97.28426161931154,True,0.7095013623147418,0.6911591540546188,0.16689223587450963,,2.552460422355629,0.5380530304651002,0.9835,0.0,0.0,0.0,1.0,0.0,0.043
calibration.db,12,49.888035248517276,37.45114747255819,53.06542153052272,30.30501277446467,66.27355239180282,42.91999095937976,17.256421536148757,61.35427257869371,29.347565655548813,20.499291273269318,61.23223066198268,51.23063888152596,58.91297061323522,124.64705273363562,37.94155290078669,32.33287444035822,True,0.6221774396674359,0.6385389452888711,0.15111709049334798,,2.5373548696459363,3.174721316563476,0.9435,4.0,4.0,0.0,1.0,0.3565,0.043
calibration.db,13,32.676655872340376,18.89714348956012,37.27221122620319,16.164733226565893,59.755472369841804,26.1471233020356,5.789774194256989,46.5240289230889,18.788809880553263,15.229637631012464,42.4971791048831,31.19285254417698,33.00139477310333,102.77875550660518,18.793167539358862,13.14312234949648,True,0.5655566722432912,0.5804647137834679,0.5570438757517333,,2.6302402683876296,3.786689056714044,0.857,4.0,5.0,0.0,1.0,0.3085,0.06
calibration.db,14,51.741798338066516,81.50887010301415,49.433373482547395,66.13464617724459,47.38027046985808,46.23219959338188,80.03245585473135,59.02302190226465,51.39778622620396,53.98685571345991,71.12709080596032,77.46097107030121,94.11083361958515,112.72728019100917,104.22919165379821,102.05706167164251,True,0.6991772491097844,0.6594172470693076,0.24658009424573918,,3.330532389843757,0.3910612704298065,0.9965,0.0,0.0,0.0,1.0,0.0,0.0685
calibration.db,15,130.391905225437,65.75991753056329,143.30619585464328,84.22734797732707,208.8870869253936,123.29229079897387,56.61308081948318,153.4011980221817,112.63085949168551,112.7688852611536,124.0497635159542,93.56430894297085,67.70047160318421,197.66561207668545,41.908180561320926,35.89086281229581,True,0.7001354875731367,0.5906711464321724,0.26292053139500565,,0.4855125286369909,4.243958657188455,0.581,13.0,14.0,1.0,2.0,0.547,0.063
calibration.db,16,37.49464979511541,61.337229251684526,36.77761496587776,50.323306760691914,43.550583949935245,31.60013966167268,62.6397110178296,47.410858353891335,39.868160177548646,45.036073223509256,54.88517906230947,58.20663266542232,69.72143046833605,96.97430760317367,81.12333688561532,78.20524078858801,True,0.6373488510711043,0.6746363199460965,0.4699358172401037,,2.035683900112691,2.4638324586914457,0.9275,0.0,1.0,0.0,1.0,0.0,0.06
calibration.db,17,111.86243842180394,56.49106710268883,123.63031107746869,73.63246140099677,185.69037398287048,105.50573338287552,53.18073242096742,133.12493387510125,99.47346506073544,101.4390719755262,104.85491640344918,77.60185976041394,57.267389944798595,167.52748527764433,36.99820256163385,32.65719772936774,True,0.7310833837981376,0.5802918043851414,0.21803143151563426,,0.2930600922206483,4.5564103704855246,0.571,12.0,12.0,6.0,6.0,0.4945,0.159
calibration.db,18,75.33669512513544,45.75219299351055,81.2971619771189,41.97798782293935,100.41151448870279,67.81491120269743,16.142971778025657,89.1207274460844,46.44335102946791,32.17493422902617,84.25264903920429,66.69245274099579,71.59267799638883,156.9499777321018,36.25608766193518,28.098003261147042,True,0.7394915664913604,0.5738534829319863,0.3666946753388788,,2.4251924469751334,3.50016703848079,0.9145,4.0,5.0,0.0,1.0,0.513,0.043
calibration.db,19,31.208236821538648,22.69224998131382,37.18931260191357,25.014944428962036,69.78584983499258,24.41359428507463,20.14709956739375,49.20439439370725,29.90245929654557,34.68272598644148,41.38863038638842,29.92530345327879,26.61757923259155,94.79458531128687,24.88864600098224,17.84776899587539,True,0.7365956277387655,0.5925302161673174,0.36755912871650326,,1.0053632999984017,3.651626152929124,0.7425,2.0,3.0,0.0,1.0,0.1815,0.06
calibration.db,20,38.11502250800498,62.25146272331126,37.300034092521614,50.99918650578739,43.60282586259963,32.23357285272835,63.41354434917079,47.87450532878775,40.32527691336201,45.356054938578616,55.590444883278664,59.08168470255077,70.86095718832796,97.66324782643525,82.20082633431825,79.34476750857992,True,0.7471290321632622,0.557665636197307,0.4347369880820112,,2.11062816198875,2.4014778284245772,0.9315,0.0,1.0,0.0,1.0,0.0,0.06
calibration.db,21,31.48097379578998,52.63365013286747,31.26289973156077,42.67224295889976,40.3678689935458,26.118537796944853,54.786585966721766,41.44560606460706,33.66522713078162,39.25744308906967,47.828482033376446,50.36852223372129,59.88285164815841,90.27857244619831,71.16744453347587,68.69865219389982,True,0.7366003214855864,0.5681886350866484,0.3045438955684447,,1.137009030329044,2.8172064193274435,0.911,1.0,2.0,0.0,1.0,0.016,0.077
calibration.db,22,86.12603613836394,57.621544822769714,96.8224268631363,71.79294860213048,153.1298902382802,78.66787315205379,60.187486617178465,110.94954088393945,88.92233551380758,98.75530593182442,90.28246797809089,69.5498493744243,52.016295846376295,147.41391219910207,49.81572085662354,40.78665484294275,True,0.719880663014065,0.5552608007407267,0.300652542735535,,1.3880448396592613,3.079566973609789,0.563,4.0,5.0,0.0,1.0,0.23,0.0515
calibration.db,23,34.2172782125935,47.06114347680165,34.9494924120995,37.03445653923854,42.91705673668701,27.69994036903679,39.84851727359103,45.131393711292375,29.08728426969371,29.03242167350661,50.53449359836111,49.138071960446254,60.65638747091462,99.8250307296192,60.36487699533487,55.59688351344671,True,0.5632835428378292,0.5768896472820834,0.5015652679838414,,2.969354921566475,2.974496197608282,0.9335,0.0,1.0,0.0,1.0,0.1175,0.0515
calibration.db,24,84.53981652086576,52.91365897052599,90.65027552649508,48.788973427136796,108.88147420373376,76.9491077844291,20.792921754978323,98.16925240230685,53.33897120221122,37.39721550036585,93.41282714218028,75.0709804026682,80.62226294214997,167.86662165706997,42.15092546573099,33.67736196310339,True,0.744831666057486,0.57596038410353,0.36297016008891325,,2.91157358872236,2.924055624058397,0.9255,4.0,5.0,0.0,1.0,0.5435,0.043
calibration.db,25,34.42178080529012,37.62302978433415,36.99026689020056,28.40507318479041,45.860597722788015,28.433154189716742,22.75902342138749,45.93750034601929,22.63904806047377,17.792022485109698,50.09781492295219,44.26779406928968,55.55583030495076,105.29211392451761,44.50130392128955,38.040624192754755,True,0.564154786522912,0.5632921104902998,0.5813560201407035,,2.71528913708336,3.118329968393184,0.9285,0.0,1.0,0.0,1.0,0.2365,0.0855
calibration.db,26,131.70244843440796,87.48963433384503,140.44210901814856,84.64943145920996,159.59870129701218,123.47195771237273,42.727438366058195,147.64245391160608,91.70226887509975,68.51694440829877,140.8107003813997,115.55269471451824,122.4936870976158,224.23051333326177,67.75509494086054,55.15793815582522,True,0.5835816904562536,0.6130912119133105,0.4583288827304685,,3.392381018349692,2.7222501599809497,0.9185,2.0,3.0,0.0,1.0,0.697,0.0515
calibration.db,27,76.96346186254053,40.32293966265646,82.66187798434248,38.76268034600425,107.68235886020308,70.16039490622627,15.804819867756015,89.39242356483521,47.190670335946145,35.14239199741324,81.34580696509097,63.781636475545774,62.405937495745846,154.67822076524155,29.77273635094535,25.239881043613316,True,0.5749062422980407,0.5795437802254272,0.5959136528775012,,2.655388644709667,3.2571351188078332,0.901,9.0,10.0,0.0,1.0,0.5295,0.043
calibration.db,28,27.128416502932552,45.2357758207839,27.213733065157275,34.97716487129277,35.8261133799566,22.520324748487297,45.544444855554346,36.26709257544435,26.515905696609774,30.525950267051314,42.83496675567069,44.64983134985376,53.813053218672906,86.91350668172015,62.06028753421219,60.04488225209579,True,0.5629200241818969,0.5880434738411147,0.5794426272323807,,1.9690037916362977,3.0310004224690528,0.919,2.0,3.0,0.0,1.0,0.06,0.1025
calibration.db,29,22.872733158356485,31.8754947070661,24.325344168317855,25.192753984148354,39.465626380733966,16.910249624067315,30.399620830855127,34.41867350955104,20.836824574092013,24.065087250216415,36.08604161088487,33.7354222529747,40.55066699897182,82.90378463801665,44.104690985301964,40.80396197668549,True,0.5547142898250396,0.588225681282524,0.5605021825188626,,2.386151678760005,3.4289851343398,0.878,2.0,3.0,1.0,2.0,0.1085,0.0795
calibration.db,30,41.63167237777647,19.863130396121242,45.72580457119699,17.645368412620282,70.16463317303703,35.16674596333426,6.496533949704121,53.78581631243904,22.916345392910085,18.151141494394903,47.89217946623122,35.98318522405062,34.702398426764006,111.58507689356323,17.70810122367564,14.675595690699533,True,0.5762243617847562,0.6078720804573192,0.5043695953099505,,1.224693708997567,3.639804337482512,0.88,8.0,9.0,0.0,1.0,0.3635,0.043
calibration.db,31,209.90925308183353,135.6061337553904,224.9724203515842,164.0662305202824,310.8538831424629,202.70678890335137,141.1412152111575,236.4656086950373,202.22600190318445,211.13834161345207,195.49635601413814,161.3123842650824,124.95006123609966,261.1900479099855,108.68119991942868,104.85920579976391,True,0.6878550690872864,0.5744849767210888,0.4958270336643723,,0.2983768952016824,4.3633774207977325,0.4145,16.0,17.0,5.0,6.0,0.507,0.1145
calibration.db,32,30.417603500819368,17.594057652997364,33.57935437363144,14.678701945015192,56.343379762922744,23.447233393131985,8.662320526894781,42.8310532744915,17.557472909335132,15.675231315332862,38.10186853185398,28.889048150868238,30.20113474681906,95.85782702282187,19.933137707166342,16.825281062983855,True,0.7290680676820861,0.6475714897807723,0.315862506646967,,1.5300101412601466,3.756630508207605,0.8725,6.0,7.0,1.0,2.0,0.277,0.0415
calibration.db,33,93.6559874367592,52.84113810772722,102.39076167503431,52.70947337915514,128.145638968987,86.57554031642266,19.02580384804392,109.84650425051927,61.64382069392123,45.34757933809982,101.05072474207844,77.83293889474163,79.15652186473801,178.474073324337,36.139494643462534,25.86451601507673,True,0.582953175401386,0.5820957126739589,0.4727664944487151,,1.419451407573472,3.4645928970038233,0.858,4.0,5.0,0.0,1.0,0.6085,0.077
calibration.db,34,75.15076469678067,26.070998875433848,83.80349373880387,34.9358032811399,130.72423910293622,68.94282641569126,14.708981683945371,91.68044299741351,53.921030479689584,50.71324130442895,72.54231123002089,50.378165054390244,34.70979609451929,142.7287113837645,10.897732606972433,7.974130397112115,True,0.5622693091073242,0.551868317396639,0.4639052005966251,,0.8951434081445317,4.264676608073523,0.732,13.0,14.0,1.0,2.0,0.5045,0.072
calibration.db,35,48.117977765326145,24.55146854295628,52.65060469732427,21.908500444569007,75.6957590621951,41.394787838051215,7.206871308157545,60.65244013264105,26.926628222721302,19.83120072961962,55.0627659150493,41.81317627192648,42.105874403392335,120.92403172672297,20.653817395021633,16.367646653934568,True,0.5559548826105628,0.6295255678987822,0.4361345904210053,,1.5435354704535817,3.478736836391393,0.889,7.0,8.0,0.0,1.0,0.3995,0.043
calibration.db,36,127.9063714357365,69.8196889033081,140.43224944320957,88.73558040820527,206.76912257709967,122.9150994137576,69.88312851438279,149.07775951806457,116.76567947075806,120.79614974153316,119.45648198436527,91.73556844906953,67.04871074565308,181.7858347987529,49.278134882436646,46.10324450908241,True,0.6094044094213154,0.5602765527715944,0.5279354930900387,,0.45658602394684644,4.253492886059886,0.5375,14.0,14.0,5.0,6.0,0.499,0.1925
calibration.db,37,28.281550627551905,12.895807691524741,31.082917163733388,9.511257332544531,54.14622286406222,24.07332887427744,7.936125804144282,37.261726179993865,13.580073988904939,12.369529146498893,33.01095038990353,25.404118907985843,23.57989628214893,89.16747140616603,15.171952760617843,16.159836390872808,True,0.702916858848434,0.6406096347070446,0.3570234339785197,,1.3684335284345575,4.094794328971929,0.8795,11.0,11.0,2.0,2.0,0.3125,0.125
calibration.db,38,91.57677621771558,39.127016091726524,101.89261087317382,47.92280969874644,147.10565623700447,84.09789871079188,17.87493625208916,110.90846345253917,66.3552296090223,58.45577010714776,92.06438716536614,65.85530100233898,53.310977021338175,168.29522374946777,19.631146473335665,11.902839121904666,True,0.7305303120911106,0.6259303783136894,0.44478429784457896,,1.0020535937306243,4.18464514043372,0.7335,9.0,10.0,0.0,1.0,0.567,0.043
calibration.db,39,74.60421514190918,39.07147492540591,80.51184736153057,37.52505237734398,105.27196692817355,67.64163053713484,14.045949559078455,87.5964794558071,45.536982979597795,33.461800341272095,79.74825041021369,61.96780974087075,61.313122308243095,152.79811938912567,28.577411956800105,23.243333149658397,True,0.5525363453815494,0.6314345138298201,0.5404870243872628,,2.2925412752616667,3.2262962950332623,0.8955,8.0,9.0,0.0,1.0,0.523,0.043
Resilient_hab_FAIL.db,0,22.74995477077557,12.730502284323965,27.18621615476068,12.209570812830684,54.71515785432989,16.833640579093313,8.913084383535194,36.8886848444856,16.121789006926,18.184958414344838,30.97421320123762,21.44131592034107,20.008662835649403,84.77654733736317,15.505228756523366,11.656570051510954,True,0.7,0.64,0.36,0.45,1.37,4.314092420137293,0.805,5.0,6.0,1.0,2.0,0.23,0.087
Resilient_hab_FAIL.db,1,59.42731391987374,20.462893180463407,63.22937162049315,23.439655759229705,101.2017701494077,54.480455095381,17.300933559362846,68.85228820312756,37.9347869384419,37.4826488515842,55.51217875429678,42.832888257531486,27.520686846047504,121.54094940438435,14.99146634547687,19.640826233553376,True,0.7525923386877873,0.38442503012508417,0.6680093223679306,0.4608826612477878,1.9225136516579602,3.3918128849774716,0.8475,19.0,20.0,0.0,1.0,0.4155,0.043
Resilient_hab_FAIL.db,2,133.56633755252463,73.14574544152426,145.82882598585806,94.64315768304772,216.91773507923256,124.92092550820004,73.36101943511657,158.00674489926925,124.54015156383184,129.9400875848867,124.43158979991662,95.06479559461135,69.63341640842089,188.45661969828643,52.57635254387998,47.591508014179325,True,0.7826867169713392,0.8300022391267803,1.2346589635474594,0.541861477494478,1.4228318442560453,4.3950471092398224,0.5215,12.0,13.0,5.0,6.0,0.454,0.0675
Resilient_hab_FAIL.db,3,109.82578991521063,49.756122815066476,120.76382674513621,61.03275110967513,170.70122562605687,102.64696894440291,30.0386204765676,128.7836437403945,83.203498645053,74.87887123909783,105.87655821229568,77.45558011898994,63.399312979930116,180.502916647363,26.981413921568905,20.85578564405802,True,0.6968946131835684,0.33886281480320196,1.4116559971384588,0.7031547028098823,2.9303268022380444,4.280371206164956,0.7015,11.0,12.0,3.0,4.0,0.625,0.0965
Resilient_hab_FAIL.db,4,133.50285774478107,60.975394735694564,143.04160242260372,80.72383980945227,211.8499649828707,125.10296037700292,61.07215974262922,151.49710529551177,113.58355641669051,114.55034247908665,115.69892164246642,87.52115640060981,62.328315623708605,180.8308384729981,38.64424709009871,41.09054220234418,True,0.5236184156348471,0.4165504333920438,1.1912894984798323,1.1117320201969179,1.535413793168844,4.474024407868095,0.609,20.0,21.0,9.0,10.0,0.576,0.0925
Resilient_hab_FAIL.db,5,109.60621477637179,62.09964203006015,121.18992737785041,80.7390187690242,188.06430008126307,103.51199312845712,67.59702302764425,132.65352477472368,106.22147933184203,115.99165433270989,105.22675667930133,81.00014476747069,53.795117993626135,166.64883804375933,47.66048120067934,43.425091097216225,True,0.6108819110506821,0.8039851526094688,1.1069015213746638,1.4764665001499835,1.560430115167361,4.207060024324435,0.533,12.0,13.0,1.0,2.0,0.349,0.086
Resilient_hab_FAIL.db,6,41.03600881474085,64.3254856367088,39.12634044645246,51.297731109795514,41.99589703972414,35.31149820162848,64.45157236900252,48.56393866697505,39.856932731841134,42.943985259736614,57.22868282621972,61.90439345757869,75.56192990386018,99.36214613946368,84.77183822669699,83.73835370857714,True,0.6192205859295141,0.639671610439065,0.26019125987055947,1.1556446200107935,1.345979487725185,1.1527072347656957,0.973,2.0,2.0,1.0,2.0,0.029,0.07
Resilient_hab_FAIL.db,7,151.789726997905,78.06199778312859,165.12979629359052,94.20645849084607,225.7547783463553,144.9075872452861,57.53635846415999,173.28694895040314,122.61978817469142,115.14286276765287,145.4963225231142,112.20910570041568,88.40317630522463,228.20667094082785,48.88575478028127,42.118430046703125,True,0.6525644752282478,0.49844471413946223,1.2918859850992161,0.3422138298367019,2.4100452012540936,4.206953811981804,0.6455,14.0,15.0,0.0,1.0,0.687,0.06
Resilient_hab_FAIL.db,8,52.681508066986105,79.79622415198935,50.18902987179351,65.66699878948882,50.351244218356186,45.76177397934843,78.52215154478249,60.79655379463003,52.30174238087585,54.93719402033947,70.56412463703445,75.97413147806192,92.57101500435826,112.30029330016868,101.91112042427329,99.67013329049556,True,0.8240138495067546,0.7530430642439481,0.17477754163104017,0.5958498432371295,2.216644634185789,0.2924169402139556,0.9905,0.0,0.0,1.0,2.0,0.0,0.0335
Resilient_hab_FAIL.db,9,93.01206733512136,36.66975982474251,102.2609131969442,51.174091009496976,159.6718348816409,85.89395465841903,33.26241248052705,110.73182063490245,76.10045563239238,76.06679223185955,83.27017126864408,58.636103310410675,40.75266548673695,145.8517246146224,19.25907362683448,18.473710541969563,True,0.8312184307786536,0.5520804704926369,1.46918542316216,0.3563505307425733,2.0163232238020914,4.64916127925849,0.6455,15.0,15.0,7.0,8.0,0.512,0.129
Resilient_hab_FAIL.db,10,158.47846149722665,87.69246875447932,169.2117892867657,112.51580388285456,248.5596789912211,150.8836087743824,99.43884385775051,178.8120617657779,148.85739193070035,157.5748161832017,138.61008066867032,110.42352754451461,78.95952303682556,196.5040320192723,66.6971220441906,69.95729985477458,True,0.5816319848155287,0.48147200310087224,1.3752667923770094,0.8320090053639295,1.0197179780826542,4.5537662457527945,0.501,21.0,21.0,10.0,11.0,0.488,0.1345
Resilient_hab_FAIL.db,11,25.494710033653135,39.24205493853898,26.168942932344294,31.32612114629115,38.86631926587027,19.556064748636146,39.345484330823865,36.44298282828171,25.11302398400052,29.190165915846308,39.69501726747864,39.3265955867059,47.60417372855218,84.433451301152,54.08912501441747,51.179989171414775,True,0.7124786877414344,0.7502692130957098,0.27717134822247336,1.2724129143378375,1.7765777854364015,2.262716535021508,0.892,2.0,2.0,1.0,2.0,0.0715,0.077
Resilient_hab_FAIL.db,12,34.354318673754335,23.936851754853507,37.46908219439258,18.84125124797582,55.70590715456384,27.948830395870786,11.437035020124908,46.094181149783466,19.46199090135602,15.542576518704237,44.29831264410824,35.60300074990255,39.19289718764081,103.66265369096249,26.49561928858489,22.532147262689968,True,0.5794867288215213,0.571593929514993,0.289252218640497,0.36691667828560537,1.333756993869091,4.089872062954938,0.901,5.0,6.0,0.0,1.0,0.2925,0.0515
Resilient_hab_FAIL.db,13,45.05688483864919,12.505534193308078,51.044086954731725,21.73126363153317,100.00387408162291,39.24400579128986,19.575791770588744,60.1855018458938,38.64218443717495,46.14695212305455,41.40021463901837,26.951497369927083,10.021701678136512,96.42056133795116,8.374850671839706,9.855248365674164,True,0.8549404483247338,0.7542978279032074,0.35211974982269906,1.2621586127690592,1.5340495278412556,4.4868173285343005,0.6955,14.0,15.0,3.0,4.0,0.2915,0.0875
Resilient_hab_FAIL.db,14,52.50381729554741,79.7269742153687,50.01590503024188,65.55779696635626,50.10259128658918,45.64020609610505,78.4802971874843,60.57929163083668,52.147261753029795,54.78823055777363,70.41839537480529,75.86664187863701,92.48692579560462,112.08721657210515,101.86964656113236,99.64521092319526,True,0.7318863722739979,0.783215071692462,0.12283108106274779,1.3858235776365397,2.149213885759161,0.3020080586011358,0.9905,0.0,0.0,1.0,2.0,0.0,0.0355
Resilient_hab_FAIL.db,15,40.32014904212942,57.12406760159827,39.777692938461946,47.02925307659215,48.052121802859126,32.9483609514699,54.43251925160229,51.02371717035702,38.40895347164279,41.0992892846677,56.28892487712449,57.28977730979359,68.34617119035809,103.02493728920714,73.97691184954886,70.45854285079712,True,0.794058531621172,0.5950157232152624,0.2851722091240886,1.4321472888360738,2.2806796579262993,1.6497602226576937,0.9405,1.0,1.0,0.0,1.0,0.0505,0.009
Resilient_hab_FAIL.db,16,76.76794206806821,33.42341506825684,82.97961646672073,49.570829143409,146.1928021477606,70.64730759288486,52.777438505647325,91.9142017008867,74.8474336085428,87.57759163592867,62.985394288539766,46.61074349240958,23.251101830225338,109.99356104778792,27.047412977194902,33.419770100108536,True,0.6782523663443711,0.8777657359314898,0.5036522521067686,0.5509453591077583,1.1916228683425367,4.490120434897775,0.6005,19.0,20.0,9.0,10.0,0.298,0.1465
Resilient_hab_FAIL.db,17,36.03785486459783,13.234847454734432,39.91407169601335,13.629676557705656,70.4424376786428,29.24456336400793,6.625808647719977,48.8118800324744,21.41323305569833,20.945620516870083,39.96057549796922,28.64273565300657,22.70704859210421,101.48712232874585,12.315451927388517,10.973153043807475,True,0.8219199832388822,0.5677098897006125,0.5529527948212886,0.475068173309732,1.250335910536813,3.906545647165182,0.8445,10.0,11.0,0.0,1.0,0.3125,0.0175
Resilient_hab_FAIL.db,18,15.392507580518277,4.488864833440749,18.2784854110107,6.654263100656179,52.50834816383164,11.814795681266414,17.093305928648135,25.30981613659217,14.61031633957157,23.03912664610465,14.79729396538966,8.842754102867739,3.339571479102071,55.34423721116188,10.441632965553874,14.724939270420442,True,0.6002076153049004,0.7684830923148133,0.7206447347545831,1.1209707805307632,2.3148355689303632,4.3953005432691805,0.756,12.0,12.0,7.0,8.0,0.195,0.221
Resilient_hab_FAIL.db,19,124.84561720109794,60.98348004642033,137.34970920669542,78.1434596571077,200.64409914934805,118.66020515883051,51.790676399888774,146.28301284330328,105.7437321904546,105.24541921063474,118.40003718321317,88.97660130355017,63.60661926033272,191.72014005815066,37.670596046417415,32.79117908322195,True,0.8946705086447206,0.5461313304894426,0.7745631648049305,0.46828761882103204,1.003120278391744,4.22475988112278,0.6005,14.0,15.0,1.0,2.0,0.5595,0.089
Resilient_hab_FAIL.db,20,45.85250089881767,14.350251677645181,49.57900695651947,23.04777567340772,100.13477355818279,42.14829670594234,32.37112398299817,56.35139561733837,41.131032551314014,53.40982904314079,37.7569637426557,28.384286013733252,5.818841387151913,88.4858462541396,14.696831731415958,23.211486862090805,True,0.6509012932649262,0.8459350621102992,0.7342073740529076,1.2041830850725166,2.739899397140138,4.3118773625080875,0.717,21.0,22.0,3.0,4.0,0.2445,0.1135
Resilient_hab_FAIL.db,21,49.37149178185892,16.594091018325877,54.287535950668946,26.01019565218417,105.79549121595916,44.481221424129686,29.68393314305417,62.89509880736996,43.900880018332494,55.189256590978346,44.46718268153859,32.83103285001997,9.29411903031963,101.0681860861621,15.080718213080852,19.912547387182663,True,0.5502446816197484,0.7857295560130445,0.6108831744333293,1.2580129254025014,2.0554926851236797,4.105393688955482,0.7095,19.0,19.0,0.0,1.0,0.245,0.043
Resilient_hab_FAIL.db,22,43.02374322678685,12.10908232486424,48.38288805286448,20.809753206199517,97.05318527018483,37.77955032790043,21.794887545242613,57.16025955443037,37.300913195725556,46.279817320340086,39.278733923643536,26.59584025429877,7.951452596759079,94.01839827526996,9.773864432129159,12.691880271130954,True,0.6253136260774234,0.7662289315254793,0.6810849742478156,1.473118703415546,2.700631218398753,4.211116395371747,0.7065,16.0,16.0,2.0,3.0,0.2665,0.08
Resilient_hab_FAIL.db,23,64.3687230786158,19.194424145428904,71.91990116902534,29.077490481694518,122.36910218650846,59.07969153240336,17.916398584987018,79.60052158901566,48.88581119282161,51.42120620200722,59.72806491366232,40.96037108607097,20.993512391725705,124.60884410757029,8.191853200188667,8.785943091747829,True,0.5776306656912766,0.7461077524885111,0.5313196531640326,0.8367784705774781,1.9715836310566706,4.309230960613231,0.711,16.0,17.0,1.0,2.0,0.4215,0.0795
Resilient_hab_FAIL.db,24,94.54534250054166,37.99389435599669,104.77356362864793,51.3659434789551,161.37125067983533,88.5040952300409,30.218946629436513,113.2090224301524,75.21897910633506,75.03611482861186,89.48213583036613,64.58095422782237,41.53759121301993,161.5740695723399,19.71574487917764,16.914496209743476,True,0.4090030400642807,0.7762987292313335,0.9330198603401844,0.8915363042594451,2.343473380359211,3.8884663851140435,0.6665,15.0,16.0,0.0,1.0,0.51,0.06
Resilient_hab_FAIL.db,25,20.410454521524784,7.609953900320164,22.949048017633377,7.040484520461405,51.675818786935835,14.871506169055323,9.785806020872558,31.160410524493937,12.730286358156544,16.31546914420685,23.59289445324525,16.545202127845126,13.01971499106608,74.41295989444059,12.20652030370451,13.55000216350678,True,0.6653750149110389,0.6902466884141399,0.7188944870748911,0.5621953755594796,2.609387579648407,4.281682271883221,0.8295,10.0,11.0,3.0,4.0,0.23,0.0975
Resilient_hab_FAIL.db,26,87.3577930737268,34.09655133747335,97.43933600183584,46.74286369516824,152.05253872945568,80.60347230136455,25.034715510366087,106.74585248755366,69.03891209770342,68.51251097751012,83.97958780365073,59.36991193900566,38.71368560002108,155.5370133847606,16.838412575072176,12.68518440691097,True,0.48795202277250616,0.7460833771681175,1.0511093275490433,1.0323504151427079,2.608322776384399,3.846317963203471,0.6725,13.0,14.0,0.0,1.0,0.489,0.043
Resilient_hab_FAIL.db,27,51.28081209976,76.17416634618465,49.08094622766959,63.318649778174546,51.71958981552955,43.69801456839264,75.09014285743015,60.37968322628119,51.217130753897465,54.271866147882754,68.51472619022482,72.90984498384807,88.32366282273844,111.04885656951376,97.41212989042505,94.77194585288882,True,0.7417117458827409,0.6616000041703326,0.19426775934555943,0.8213752429817438,1.3638803948968972,0.4350612962044411,0.9765,0.0,0.0,1.0,2.0,0.0,0.0115
Resilient_hab_FAIL.db,28,28.679335484208654,46.38538818085338,27.986851513403856,36.456233819170464,38.010345456099145,24.010515837954134,50.05592191140093,36.95473447849889,28.77512689849297,34.44275057043161,42.771610212057695,45.83113891153856,53.0417202160521,86.00410683892159,64.52909080627568,64.42425035557868,True,0.5966553135820486,0.6486408594199667,0.6513059525127761,0.5758861998189772,2.6178243882552517,3.0385863924776375,0.924,4.0,5.0,0.0,1.0,0.039,0.0855
Resilient_hab_FAIL.db,29,32.672141719325886,45.944872647674096,33.022326930177215,39.46858657869541,49.14356759340139,25.427860208994513,48.518993915341994,44.84009142796777,34.45503273605089,40.85275664975489,46.37861127840796,46.12399311061298,51.79379456374324,91.86874495983707,61.74028314168024,58.87948326091856,True,0.7231921445269895,0.7707956900339757,0.623968096908351,0.20903067749178567,2.759520670665735,2.8582134498098744,0.8815,2.0,3.0,0.0,1.0,0.028,0.009
Resilient_hab_FAIL.db,30,43.43414941794023,28.52883775769169,46.92378225239394,23.283986885069293,64.50953463705456,36.65014403208468,11.605765499746079,55.26795341382674,24.530364894159014,17.774196014033553,53.056150588367025,42.58275718711846,46.895676096069984,115.86636385217976,28.49581153522355,23.818308724864938,True,0.5012806876027432,0.6260204608601537,0.5977786715138008,0.33838221443076666,2.8979751254531534,3.557314501156971,0.9155,5.0,6.0,0.0,1.0,0.347,0.043
Resilient_hab_FAIL.db,31,91.45265216011192,45.55419654343937,97.61779531248148,46.24855973029343,128.07738828299912,85.31083976266862,22.564473203266555,103.15915059457116,58.79064471835488,46.97320969151834,91.88959924440206,72.65675243549636,65.98131982959104,167.84115552379905,31.84052605479084,29.570793551423225,True,0.46665545225889454,0.4839848601775826,0.7048698836424905,0.31789726484047015,2.7100388319068105,3.069422767467343,0.886,13.0,14.0,0.0,1.0,0.583,0.0515
Resilient_hab_FAIL.db,32,92.78920363727272,57.47863660350497,100.07911728583659,54.43263042247263,119.87514576304034,85.0769319262171,22.217680623701106,107.73998693960793,60.12008779547861,42.665613437782994,101.8669736589026,81.03649218123564,86.43369808388246,178.52186189470592,43.77207451489352,33.632903565871246,True,0.673279515840876,0.5613661243172533,0.45086586550387237,0.8363200198716974,2.862538754430002,3.2757730042950595,0.907,3.0,4.0,0.0,1.0,0.583,0.0515
Resilient_hab_FAIL.db,33,124.22829811507694,63.64670191888505,136.34164589679597,73.0344607814988,181.39877597968228,116.0556167927898,32.718655384569445,145.35359605044292,92.73794208078797,79.36732098500416,125.38372326337657,94.31634484495102,83.61079743817189,208.03487730337554,37.998077267142186,26.93365566639885,True,0.6548996127045096,0.2295202483332991,0.9079036725139691,1.9488085902336572,3.8358638202820727,3.855802093231622,0.733,7.0,8.0,0.0,1.0,0.673,0.043
Resilient_hab_FAIL.db,34,150.25747663417496,86.73461322948151,162.5388559536856,110.50393944846016,239.01513964743998,142.41668493347868,93.0747008636468,174.05111492713024,143.34827211813518,151.77017813592488,137.67421100807587,108.54550441771197,78.80310067811513,199.04091501403175,66.08053353179022,63.72780975340284,True,0.6662824367778213,0.6663944865763998,1.9909836455091878,1.6164075104601432,3.564595098898601,4.405820356985686,0.488,15.0,16.0,6.0,7.0,0.445,0.096
Resilient_hab_FAIL.db,35,90.15800357178955,44.351706868811526,99.97105393483746,60.99525411847903,161.1282687111223,82.41526593596575,48.23954498394562,111.27540140876616,84.74139696806141,90.98291146279419,83.26093469995129,59.94571713237657,41.7661150799119,138.68899419272998,31.14607309693631,28.052023190367997,True,0.651159451684289,0.6754813848713158,1.8356389947442848,1.8728327767128543,4.366815098335142,4.114209280980894,0.5725,11.0,11.0,7.0,8.0,0.3765,0.122
Resilient_hab_FAIL.db,36,84.25426555752273,35.26879861239151,94.07096708506245,48.13792743556958,148.31229888899225,79.37304971981325,32.86313522505319,101.42129511452545,70.36777643739045,71.41178124880764,77.72864463286558,54.68992394384176,37.86744839240963,137.45444106193816,19.63998938557735,18.152037204872812,True,0.6760934035331908,0.6783555041858735,0.8073743168557097,1.763066585640059,3.5607271454289378,4.241555267509541,0.634,13.0,14.0,6.0,7.0,0.4845,0.201
Resilient_hab_FAIL.db,37,56.52440769115887,19.124245298337218,61.30079722854886,21.913623954208937,97.15482506118872,49.760121445133244,9.347508989784531,68.92404850063733,34.77888316707547,31.605840310248226,55.98487935634722,40.87128385725829,30.152756162533663,124.0459727826607,12.101573752832916,12.16694774998658,True,0.7047775999799462,0.6724475333582312,0.8530071381743779,0.9976564338439406,3.4969745603748885,3.4228192126236485,0.8425,14.0,15.0,0.0,1.0,0.4235,0.009
Resilient_hab_FAIL.db,38,110.0981026336472,62.555621194959265,117.42133664791072,62.239715651297686,144.17012642895983,102.89311667361584,30.041446421549296,123.63252907021119,73.34842680218851,56.44294681288368,113.40192023814589,91.04591687235592,89.2822971050968,193.56200434766572,45.44748431067423,39.050629795277224,True,0.5762530125258647,0.6669744405383569,0.8818763871387206,0.9801429521963323,4.919181205221523,2.7476596903800354,0.8995,9.0,10.0,0.0,1.0,0.645,0.043
Resilient_hab_FAIL.db,39,122.63619392296287,62.02394253358577,134.362438737493,71.28499959868185,179.17182093894257,113.80302631027884,30.900952334646867,143.83036756902476,90.8887274484493,77.41955938371515,123.64916687462241,92.78403035489256,82.42575490136372,206.70680064519763,36.80264604696713,25.786091104556586,True,0.6961396979989576,0.6884458033140769,0.8891431043467722,0.7740033166997075,3.2922920631368315,3.498145507097967,0.7425,7.0,8.0,0.0,1.0,0.666,0.0175
Resilient_hab_FAIL.db,40,63.88520397153033,24.197683303833177,67.87183969725862,26.27212224625534,103.54713088032713,58.72356195538019,17.230137195922307,73.36185300529799,39.99657233202305,37.22921798939635,60.85728644701159,47.38014528707291,34.11925912435946,128.67148954466137,17.606824015899146,21.206706530040194,True,0.5752450220449101,0.6891673267110665,0.875123844792108,0.7089393000283692,3.1801679557121156,3.202085875894724,0.8635,18.0,19.0,0.0,1.0,0.4455,0.043
Resilient_hab_FAIL.db,41,32.36961263352731,53.56658556592819,32.10938796666046,41.71894680128382,37.040075151190194,27.51847945635275,51.73141551212485,41.33241776163633,31.17352818935655,33.87977157495169,49.73480425632399,52.24085080968653,64.34236271186923,93.74817946846008,71.36692987306566,68.5098620024685,True,0.575457796148443,0.8755961691902211,0.07458135486694495,0.6832386670793242,2.2849487990612225,2.025771122717387,0.9405,1.0,1.0,0.0,1.0,0.056,0.0995
Resilient_hab_FAIL.db,42,48.780443584261235,77.13945977176562,46.798875525997374,62.73930549164715,46.655741077990015,43.02870305731169,76.05856148685359,56.74870710467671,48.926591889591165,51.97632387097039,67.756744891643,73.3625345796116,89.00483437152403,109.6497899990888,99.191169145604,96.74397847849465,True,0.5911982924152644,0.8806441448865799,0.08060044434554575,1.1983052883362422,2.1806300316679703,0.8309121380363083,0.9825,0.0,0.0,0.0,1.0,0.0,0.0615
Resilient_hab_FAIL.db,43,34.68956234983288,49.088174302280144,34.5252906984193,41.172381226702186,47.75664893507477,27.501042075297484,50.209758612866445,45.930883666302385,34.944208699968584,40.12770535627015,48.86472728538858,49.365004432955324,56.7008324893307,94.72327346915309,65.47435289993615,62.88154381108182,True,0.7290940137572793,0.6824931234496512,0.46168710280794933,0.0928551467993659,1.9183256162169173,2.8078347639446357,0.907,2.0,3.0,0.0,1.0,0.036,0.009
Resilient_hab_FAIL.db,44,91.36132100364281,41.0790006861538,97.88441885771194,44.60772435242596,133.71610737690278,83.5749311206723,19.452911932635686,104.97417099110943,59.93936629367628,49.238492368049464,89.70382546566003,68.55468149992137,60.08254228326606,165.80217398870568,25.917062813587062,23.213016574458237,True,0.7220271091700813,0.676877767710056,0.4244340616459615,0.5223934820266032,1.9187325044722208,3.3567047127133267,0.8545,13.0,14.0,1.0,2.0,0.578,0.0105
Resilient_hab_FAIL.db,45,30.48834985919332,47.30011378805191,30.10613040671318,38.53953673719693,41.57117221994339,24.16588684694548,49.54359126880899,40.65359275877342,31.400540389520906,36.64058417403068,44.62267889160663,46.12964627522137,54.88121020743833,87.80206298946884,64.60279489121316,62.75116867929566,True,0.7385038714697856,0.6731574474073723,0.47555818494573865,0.08200200713534167,1.820337824934,2.9132855696162103,0.909,2.0,3.0,1.0,2.0,0.0345,0.054
Resilient_hab_FAIL.db,46,32.594507373540424,51.140455288564056,31.852778757033363,42.09119116481294,42.858811638816654,26.19444520436894,54.509774202492686,42.55925338595861,34.457804584276815,40.37016283399347,46.887406920590415,49.21557122568487,58.18169824358364,89.11555220566444,69.57832445134876,68.03826916807674,True,0.7225933870751279,0.6742649947602944,0.4251362877363325,0.5224296900247645,1.78312884971327,2.772906848012327,0.9125,2.0,3.0,1.0,2.0,0.0155,0.0485
Resilient_hab_FAIL.db,47,38.29159029446444,61.710028797899014,37.54290606492601,50.83610760876561,44.57809728065142,32.16019044596243,62.87852933438795,48.35638655349852,40.546050569494454,45.67337378542114,55.556894786027954,58.73705309924261,70.18545857716143,97.93020935697479,81.39849511667555,78.41780982123662,True,0.6305348528793705,0.6990000171030909,0.39384378709168316,0.5436317331754076,1.9527036830107836,2.5981711305544812,0.928,0.0,1.0,0.0,1.0,0.0,0.0515
Resilient_hab_FAIL.db,48,40.2838207533422,61.34450873707991,39.6289344916535,51.56688864007873,48.77091336550439,33.17547596872933,62.29298467058681,51.29560072389346,42.42940654718078,47.7029242396458,56.857216649204354,59.09017481646792,69.67794295796423,100.40400793532376,80.27508384681802,76.90445789733238,True,0.7588098012967681,0.7238016035155518,0.4907529674172751,0.06589002779954796,2.1017385117777216,2.3866827752236266,0.921,0.0,1.0,0.0,1.0,0.0,0.0175
Resilient_hab_FAIL.db,49,27.886673940038186,33.75341495837829,28.613486509250624,29.198472191892876,49.25882991663649,20.954157360297856,37.456645939107155,39.706344737125725,27.507712174734397,34.12629154664547,38.49620972421505,36.79903098171414,38.304048288435624,86.16513013348992,47.02329541971601,45.78193058044291,True,0.7680292589972026,0.7469482626736079,0.5327007307135873,0.10017143792253419,2.26129285900117,3.5475441357376227,0.8685,5.0,6.0,0.0,1.0,0.068,0.009
Resilient_hab_FAIL.db,50,30.446994098567323,23.066054732597678,32.79738643545074,17.719983058438324,51.12648462555112,24.351240159023057,14.52411720722699,41.349821712503356,17.906821827037756,16.170146297119054,39.974862783570586,33.27051749063359,35.99367472964179,96.83267563477473,28.077234150524966,25.609960677724366,True,0.7940593367419415,0.3574660757895226,0.5793203140867722,0.1401980532667504,2.3913281185333566,3.5846875152726807,0.9025,6.0,7.0,0.0,1.0,0.2515,0.0515
Resilient_hab_FAIL.db,51,29.112927772686305,21.06853733173524,31.540306646885742,17.516777962318276,53.55117498635718,22.09300040784477,15.09837717171875,41.34336187119537,19.07720218515768,19.408261501816888,37.873553766064866,30.789915920823162,31.60716645252611,94.11380488354564,26.39981834200578,23.78096451163447,True,0.7761850596390628,0.7846677405014434,0.5597209904870191,0.06896559668785315,2.4756579787826443,3.746470194834797,0.8785,6.0,7.0,0.0,1.0,0.22,0.0175
Resilient_hab_FAIL.db,52,30.15167187267407,24.27532492954042,32.6125244481008,17.321235981582745,47.69924660846649,25.4485466111207,14.233273118686387,39.71891459791315,16.139030916508908,13.02184655939361,40.5696592214762,34.431733410353814,38.616013532722576,97.09996717682436,29.188099593446054,26.969560725629087,True,0.8076983996344912,0.6112289500102426,0.6818554550414438,0.07476571516474806,2.60220171491541,3.6105257231810675,0.9165,6.0,7.0,0.0,1.0,0.276,0.1025
Resilient_hab_FAIL.db,53,42.312944694148065,9.0841525193358,46.289405240542706,15.517767780451896,90.7551741900777,36.241190174608114,15.027961093235884,54.464535689219964,31.182988401522376,37.02773194585094,37.71106434145093,25.752769497421333,9.192872285059922,95.59963247841097,6.775014334587108,10.962927516656714,True,0.7725394418740632,0.7770139026907936,0.6111390265080826,0.06439598345623276,2.396997258816177,4.521024272282143,0.77,17.0,18.0,2.0,3.0,0.3035,0.039
Resilient_hab_FAIL.db,54,26.120936566864348,28.626985625258044,26.57953321502207,24.92271395211917,49.84270844410728,19.87619951691573,35.35017279473201,36.75593634993407,25.1291724731374,32.945435298194056,34.25800710044888,32.95381442629978,31.13093404790971,81.97731229781627,41.61310641908579,42.702695254730514,True,0.772868684796703,0.7853198266706399,0.6320628558522832,0.13471066700628823,1.9634647273312695,3.4393462957419225,0.8655,8.0,9.0,0.0,1.0,0.0775,0.0175
Resilient_hab_FAIL.db,55,35.38975269601899,55.4000614971923,34.89513973526658,45.68071787248802,44.43440207831136,29.102958262772557,56.980943752755515,45.73470404649369,37.01560758323461,42.359043320496795,51.36060276306629,53.629567527180804,63.213920870219816,94.80890825215369,73.85985779608171,71.25012945511021,True,0.7536764391565536,0.7755248685743299,0.4200597812690986,0.07042849461480205,1.8692319990963653,2.7732855387220754,0.918,1.0,2.0,0.0,1.0,0.014,0.043
Resilient_hab_FAIL.db,56,27.36058916625868,40.111666701510735,27.591499716460515,33.626821270137,43.27774782733022,20.227383211846153,42.98263696512144,38.895158412580884,28.84219557310018,34.55428717888529,39.790707886911065,39.392339008612595,46.774931489206985,82.99501591783324,55.56479706904092,53.307813532466255,True,0.6390409406018481,0.7823458273850834,0.4103508539797459,1.2927268502437754,1.9769690914803164,3.0689189803828456,0.879,2.0,3.0,2.0,3.0,0.0455,0.0445
Resilient_hab_FAIL.db,57,43.08491088872382,9.590720849998426,47.64060425827408,13.35162265789235,85.88536978079024,38.165304427551916,8.258786845051226,54.15880294902652,26.74076504051389,27.67288406681649,40.60731539550237,27.724529730500077,15.377462866966608,101.0944863699792,5.109050412766172,7.86237517557301,True,0.8112329939440294,0.7892682749441484,0.7296769214763152,0.05150569342862922,1.9704268279937418,4.188827531051425,0.8035,16.0,16.0,2.0,3.0,0.3785,0.094
Resilient_hab_FAIL.db,58,45.68928066336352,10.102412483378682,51.55002291733779,15.335888948949547,91.63206661602118,40.04039017822446,5.8077057345952845,58.9307976498012,29.654837540138338,29.369216864776973,43.71833189146149,27.997711578313037,17.075659694937148,104.53708389162126,2.946028378539589,3.145183830505694,True,0.8301667749710687,0.7829200932438647,0.7343151316714892,0.33218485712638723,2.2855884080780413,4.3460721568008545,0.7715,13.0,14.0,3.0,4.0,0.403,0.104
Resilient_hab_FAIL.db,59,142.45241911092842,75.15208803508227,155.28350362628674,96.54431095805481,227.286975167406,134.9304482407532,72.18971993222172,166.02467693751214,128.02468696771732,131.72741812884186,132.92921588458597,102.35576911596812,72.4739099565409,204.00616667290905,51.61626063972585,47.353803850510886,True,0.6100582692846185,0.8406967107846103,0.8019625190060222,1.2614549677205829,2.5008633916390757,4.474067570520012,0.542,15.0,16.0,2.0,3.0,0.5155,0.0515
Resilient_hab_FAIL.db,60,88.54671728135415,34.342340347303704,98.38708007907968,45.62401498553386,149.49027202349038,80.5999548212605,19.834281989151528,108.19967397150793,66.64157133274658,62.80984321284122,86.27986138087657,60.86645794708348,43.524801157465134,160.83212629695092,16.170979185866507,10.555608161523459,True,0.5996559169935185,0.8989587698552811,1.1175549459727616,1.2729064571010666,2.6106639316911346,3.804846280714509,0.7065,12.0,12.0,0.0,1.0,0.52,0.009
Resilient_hab_FAIL.db,61,80.05572449723957,34.170703536121856,90.0652010978202,48.13441212541974,147.59449900188207,73.57128793184204,32.68990600754462,100.57390249881877,69.92199456322447,74.775529307585,77.56735679127618,55.03287267381784,32.754297503476124,143.16957129241365,20.72115447619668,16.707006841325104,True,0.600073670573542,0.8888538650830587,1.311500377589223,1.3690055130517822,2.694654227131668,4.042155703211616,0.6265,12.0,13.0,0.0,1.0,0.3885,0.0515
Resilient_hab_FAIL.db,62,83.93705694635776,29.296829521564934,91.30646781308351,39.543434588910806,143.4682153756737,78.77178572434693,25.707636082226273,97.71053598661356,62.06220474875776,62.47455974871771,76.34535403811196,56.300965367682046,32.71579877840185,147.08403460437563,15.225430551460715,17.846333569718745,True,0.6074153845315728,0.860629565320654,1.210830735953482,0.47938127964257715,2.6843284616264467,3.99374044359045,0.74,20.0,21.0,0.0,1.0,0.494,0.0515
Resilient_hab_FAIL.db,63,40.458280461298166,12.383341256308388,46.04815987371832,19.439889912635188,90.69521930424835,33.8024090541241,15.566306408018747,56.345031348985906,33.342563720754,39.86559367066464,40.82714318998483,27.340852058948762,11.990541405725798,99.64088629097611,9.931453749346085,9.303930273727088,True,0.637281942601346,0.7575786425149477,0.4906603975409694,0.2709362508233549,1.7136248080654877,4.528963268533393,0.7325,12.0,13.0,0.0,1.0,0.2615,0.0175
Resilient_hab_FAIL.db,64,18.898777416817502,14.384745475441388,20.76209553883319,12.242803695440337,46.31964792958068,13.13842835773835,18.02880515696939,29.935351513735068,14.882540823222206,20.122614631798733,25.055240438805285,20.40780801005841,18.86223864778869,73.61542980742263,22.746611563763167,23.238254122812002,True,0.6656854128114456,0.7506663035431437,0.5162243687879133,0.3719486768306336,1.7415132810012262,3.9366857831725115,0.8395,8.0,9.0,2.0,3.0,0.16,0.077
Resilient_hab_FAIL.db,65,56.84208537598548,15.133705188409488,63.33232134399282,22.10994727382442,107.41858900882393,50.74175600013614,9.82088998505654,71.20189539870634,38.81689754254997,38.62475499276115,54.08699689870579,36.600016747207306,21.334522823189587,119.96401101781781,5.659035657767782,5.590349900178298,True,0.6740908432281474,0.7318886872698009,0.4902942874181742,0.32464326556908163,1.710296965679639,4.010061327808485,0.7635,15.0,15.0,1.0,2.0,0.4245,0.0535
Resilient_hab_FAIL.db,66,48.8923839483336,14.018187489215679,54.85355930617885,23.787513512311463,105.69573740578352,44.139392542222296,23.618077601673207,62.98172017545633,41.98441973657408,50.5628940545607,43.69583990093862,29.72086464833327,9.610929352826798,99.02705494256185,9.66099930539336,12.993929723936475,True,0.6418734234953707,0.7731692734708694,0.6069268662793269,0.5041800866061477,1.6146946579888568,4.476124750804823,0.6915,17.0,17.0,3.0,3.0,0.3005,0.1055
Resilient_hab_FAIL.db,67,28.55386174953795,13.428623392331323,30.859620924527977,16.841465186258546,69.53694712268255,22.829006393787843,25.87496723379137,40.29315581380422,26.572801177186406,37.26125247688782,28.783186749974444,22.81436822201655,9.732210414677354,78.88755137085789,19.87283697592859,23.896016931946203,True,0.6591153404187792,0.776108824395637,0.6344229618342202,0.47226917868665813,1.683625498801743,4.38971479342757,0.7805,14.0,15.0,1.0,2.0,0.1475,0.034
Resilient_hab_FAIL.db,68,44.6111240552614,9.73128740041436,50.471995768195065,16.830844352983366,95.56475341777369,40.67787388387383,13.938707064659068,56.974366810836614,33.12438512500181,37.66970351190069,40.403473670797574,26.31336109171095,10.120114798020078,97.13368490826115,4.220931580648338,7.299620975657947,True,0.6496685180302049,0.7744352586584368,0.6928129385892768,0.47834793223768846,1.967759590423661,4.1525655019865715,0.731,16.0,17.0,3.0,4.0,0.3595,0.147
Resilient_hab_FAIL.db,69,25.49969814858813,6.607809401385026,28.986979818996463,7.944252857421513,62.65888356534377,21.213497707829294,10.22975656230483,36.268709284506365,16.602450197302424,21.401995138395396,27.192804259273675,18.88749437866903,9.140666047678309,81.49165153904175,8.798692449690732,11.218887727930671,True,0.5258257615059936,0.768924452738088,0.6992691041742315,0.4831619005397705,2.1650816547575498,4.236042007748596,0.807,13.0,14.0,1.0,2.0,0.2575,0.1015
Resilient_hab_FAIL.db,70,19.21674547451533,7.13378968487947,20.715485985484296,5.675221158348218,49.48828506364453,16.495160949952382,16.106005145217775,26.053918534256276,11.86952542732987,18.006820029524576,19.7117940138249,16.002566914500036,8.720184319860673,67.35348795388322,13.97672445364897,20.27871684586004,True,0.5284855436948511,0.7569846744727147,0.7451371190892268,0.5015194589849797,2.162417891850308,4.270658147277855,0.841,15.0,16.0,3.0,4.0,0.223,0.1665
Resilient_hab_FAIL.db,71,28.30404395481801,18.28940874925708,31.97849764261399,14.590846235000846,53.124780418161706,22.338232122777256,8.55692073549262,40.79970074819199,16.154176748522517,14.245859064696083,38.01119971914092,29.08014148411129,30.770083194313212,95.75451231847373,20.882789969349183,16.87469486027642,True,0.5680503306161512,0.7524559361831037,0.35013664098259234,1.0834346486676918,2.3282070717785754,3.5430813063693174,0.8685,5.0,6.0,0.0,1.0,0.2725,0.0685
Resilient_hab_FAIL.db,72,45.14053267047271,14.484437714402187,50.46339004564388,16.191835476214873,82.89717682195115,38.59088731074198,3.199251516904914,58.541952254503215,26.288955410949868,22.62401650436398,47.67643587642231,32.724418681528995,26.682785321705964,112.24537203083482,8.531402728298726,6.1343295774889475,True,0.5622463234123198,0.7695004650204895,0.9286850433983576,0.7392243979311144,2.2909479447915344,4.217237404519254,0.8285,10.0,11.0,1.0,2.0,0.4015,0.0535
Resilient_hab_FAIL.db,73,152.89308183077702,83.30394605678318,166.76041044496426,103.67085712246688,235.61076465766206,146.25835415576447,74.46176008722338,176.20171977367107,134.45544910734168,134.04689723135886,144.2228370270705,111.65948809215976,85.05294679563741,216.7733939839936,56.62469966142397,50.86122245845136,True,0.4854729458375893,0.7478848478323166,0.8216439593767924,0.6977225700938323,2.3164373710433908,4.192269834239949,0.5485,14.0,14.0,3.0,4.0,0.5925,0.115
Resilient_hab_FAIL.db,74,76.56491108243812,25.168895489219913,83.44101672991907,34.18318997186057,132.93633246709754,71.10952541472382,20.915364952137608,90.11272572170373,55.03889501913946,55.09289399673281,70.16112789138215,51.101607667220016,29.61886106427051,140.1935588324269,12.524106658503202,14.781986878202748,True,0.49690615012673256,0.742331768770465,0.8695577439054972,0.6879371394816008,2.3102585228860772,3.8602411769631875,0.7565,19.0,20.0,0.0,1.0,0.477,0.043
Resilient_hab_FAIL.db,75,29.171653577045166,5.935992403242593,33.683969724379615,6.330998519012715,64.45886039953969,26.83338828597724,4.916432989258959,38.10361691756673,15.293952734009277,15.48534072207198,29.464218235051593,19.097287957308552,12.911938793882985,82.85172049455878,4.077959100394203,6.740831990590195,True,0.4749785371940252,0.7191836353292512,0.7350219431936047,0.4096748095123113,2.775568426375924,3.9016677252271332,0.8085,13.0,14.0,4.0,5.0,0.3685,0.228
Resilient_hab_FAIL.db,76,34.861750858699125,53.037129263268646,34.182862123964306,43.07141515523581,43.44518450611747,28.71109711536054,54.043744906766015,44.521589408602715,34.77546270862916,39.40886349556911,50.08497200408997,52.31318031496997,61.54198491636723,94.52959671116933,70.9825617624625,69.06789905860946,True,0.5257109292109022,0.5974806440218752,0.6785942254168,0.39736391880003574,2.8484720941083674,2.663656972223546,0.9295,2.0,3.0,0.0,1.0,0.033,0.043
Resilient_hab_FAIL.db,77,39.41287064163183,62.554098571300415,38.583560218669746,51.70100182076061,45.64588505907335,33.05111131715358,63.51841780799047,49.54789173192746,41.46665282072052,46.48481869624128,56.5953969116046,59.71915304300069,71.23340353735628,99.24473471378022,82.22655156346082,79.21429570525471,True,0.5373921795386973,0.613099949115271,0.5969726182259439,0.3882290741343951,2.8404343622289967,2.2245983083896363,0.9305,0.0,1.0,0.0,1.0,0.0,0.043
Resilient_hab_FAIL.db,78,56.92712406314977,27.035394578204645,63.52482877448219,26.80835306885657,90.32643749126862,49.55466136159755,4.868019908769907,72.33015940435301,34.105509700995455,25.000933942234663,64.16513228183308,46.448658604843594,46.12650202767108,133.65283895379415,18.205672309243365,10.775379002275155,True,0.5628228413706355,0.6064730117927284,0.5258324182659483,0.37792861989023935,1.4434678284616744,3.722489836605384,0.8495,5.0,6.0,0.0,1.0,0.4555,0.043
Resilient_hab_FAIL.db,79,23.44134270856139,32.10743512269495,24.830745081396124,23.81573344842689,36.602249587761854,18.080348616454973,27.473186474100796,33.868389585315704,18.37696278788205,19.22197641924879,37.2280979636623,34.88497222249384,43.56284987692162,85.35252731652463,43.61561513008271,40.3110431700119,True,0.652529494422492,0.6488837753457062,0.3613565784559015,0.3675084990794242,1.459297233417584,3.356676688046161,0.9035,2.0,3.0,1.0,2.0,0.1455,0.1025
Resilient_hab_FAIL.db,80,26.386545073529057,17.337212352263126,30.114903334317578,19.801428365803453,64.67566492737775,19.561414510853314,22.845444942051618,41.458155439179514,26.149591740296195,34.27437287177317,32.13595323814809,24.142195901213803,17.56335118259051,82.2992359711941,23.03852803102159,21.23290585920989,True,0.6691647205636556,0.808709088836848,0.38762661518393426,1.050704676925221,1.5063448980019734,4.559670304093046,0.765,7.0,8.0,1.0,2.0,0.1395,0.0365
Resilient_hab_FAIL.db,81,43.483406667779576,14.431807554775293,49.68936985267159,23.62249671061277,98.56289959967812,38.62167048491077,23.923442158594533,58.57680914102592,39.75885960901614,48.81264078898816,40.66339732895064,27.157286912644906,10.057253934752882,93.10102782392313,11.562774873183454,13.093147183844927,True,0.664003594227441,0.8025560996534715,0.3708457136313403,1.565712630044014,1.9227048464298353,4.472446334574303,0.6785,14.0,14.0,3.0,4.0,0.2655,0.123
Resilient_hab_FAIL.db,82,22.888810347393473,20.08252368135927,26.570419451095884,15.470702146786518,44.617536433241916,16.86219536969784,10.863553048046967,35.9654920204055,14.424785532121126,12.73499988848837,34.56942791987453,26.544565834564885,33.16826974022509,86.98161877225458,24.72812569518445,19.219117748709373,True,0.651729364914256,0.5955541049454103,0.19474125004301507,1.0344421498767602,1.2323529724651179,2.6402200824136144,0.8555,2.0,2.0,2.0,3.0,0.2375,0.113
Resilient_hab_FAIL.db,83,80.00402315837377,42.32330907966203,86.66225517321867,41.19467974664766,111.846878954363,73.30707047102533,15.282548911240106,93.52114415430556,49.67332386728931,36.441910401610436,85.35137423071336,66.20695327696052,65.55452781018349,159.71625718326808,30.0105589739213,23.80495030174016,True,0.645024958240819,0.6621104856295812,0.19794371203778116,0.3661315963316689,1.0819921842069362,2.985309220021743,0.8865,8.0,8.0,0.0,1.0,0.553,0.06
Resilient_hab_FAIL.db,84,43.98653608928355,12.266481065371801,50.08895757263798,15.0170693438819,84.93929215638119,38.9080205746824,3.258867406296537,57.18546659374155,26.30746897619002,23.9079137629197,45.82544001025186,30.518525329127947,22.06649636955025,109.21849093428519,5.44501562006067,3.704283444989934,True,0.6759042923187148,0.6733355221776537,0.3057583183635745,0.37479773217410944,1.0909501880479315,4.30486465660815,0.7995,11.0,12.0,1.0,2.0,0.41,0.1045
Resilient_hab_FAIL.db,85,26.241679489235615,25.0666778977894,28.059573841179436,19.671373781020964,46.39869956546972,19.94846170377777,20.67617809430671,37.56121040005655,18.554959910022852,19.77034935296734,36.83588676042669,32.11649782030497,35.16088018869772,89.8869847909396,33.386409982113705,30.97491552947309,True,0.6218191640424486,0.6655733470169454,0.3083454865836242,0.35007521251529117,1.104365111145143,3.6968497290903435,0.89,5.0,6.0,0.0,1.0,0.18,0.043
Resilient_hab_FAIL.db,86,28.16487045775268,30.469692651065053,29.960131340641777,24.297305979867755,45.66407800550391,20.869889487441085,23.72815847368875,40.47370308345554,21.383241339704277,21.435558557125766,40.49674274090547,35.56529169511246,42.765221351789194,92.17965175562043,39.40141696770345,35.0452434292648,True,0.6949367273313252,0.6748552256713817,0.46337439502241595,0.37322830558456255,1.748160456088713,3.443164890540011,0.8935,2.0,3.0,1.0,2.0,0.168,0.0375
Resilient_hab_FAIL.db,87,26.86075011786656,37.60087159754708,27.633565825940636,30.929585071192005,42.95446832445725,20.079007719915353,37.8355384466974,38.55578895233025,26.277615328143686,30.668489416658733,39.95555823446185,38.580160859875676,45.44624952843841,85.88768568611358,51.49480378350411,48.53986204699792,True,0.6062395028023053,0.6817839731197456,0.5966095656145707,0.6263438819581892,1.7958037218170892,3.4162950911241676,0.8835,2.0,3.0,1.0,2.0,0.0745,0.0455
Resilient_hab_FAIL.db,88,63.41334336648971,19.417876470368604,69.24048394284915,25.241044011029572,111.95998797057486,57.8586372692054,13.38716935193348,75.9339852506737,42.11056497576689,40.98262602449434,59.76187337509325,43.069857473111355,26.471744568890884,128.1331072511975,9.831017937364118,11.524237548839194,True,0.7297854254753083,0.6987646912688528,0.627666445152253,0.66046597189732,1.9191820260915657,4.068343029326999,0.797,17.0,18.0,0.0,1.0,0.449,0.043
Resilient_hab_FAIL.db,89,60.17488514240695,19.47071177908799,65.92581577872448,31.81588742251575,121.82509645008898,55.31684984819275,33.777182041772,73.24934117640709,53.816592754561924,63.342586650259705,49.18367577738753,34.23073895020003,13.30466438811007,99.53945443427922,13.61183788352167,19.861387706715895,True,0.728778321512715,0.7162407896350635,0.7002162130475769,0.6850153017000536,2.069695350679939,4.664421948773283,0.659,19.0,20.0,7.0,8.0,0.33,0.1595
Resilient_hab_FAIL.db,90,122.3631808136352,55.68450333028077,133.5858240005118,69.16578609576774,189.63535688244997,115.51944185719911,38.69860868741787,141.5027398602352,94.750893072414,88.7430889531071,116.46676233246194,87.44846985595997,65.46749959463743,195.94537639292219,31.548300622371983,27.10619232342835,True,0.5876839046945792,0.4767188937663437,0.9046883774094346,0.7273599090243863,1.8005655732409518,3.936387780109347,0.69,15.0,16.0,0.0,1.0,0.627,0.043
Resilient_hab_FAIL.db,91,94.95095164228199,37.77566214926434,104.81227379369507,49.380969737095214,156.60295910269213,87.77051703948364,24.090194154915025,113.26458647626903,71.71545875782101,67.189275145512,90.23453922667471,64.3944733416881,47.211976153369015,162.97483437692063,18.334928894171814,14.316750010059307,True,0.5926161340178098,0.486405209681876,0.9166023959791194,0.781779665764383,1.6789249018470813,4.180493544861867,0.7015,13.0,14.0,2.0,3.0,0.558,0.062
Resilient_hab_FAIL.db,92,91.52234135499745,36.454740868338526,99.10935660719426,51.56849919960234,158.87871793832022,85.92816050636438,43.821143526754824,105.56537957169654,78.1977865714666,82.13271410807278,76.19577406908539,54.979974814312556,35.564434687000904,129.47849004892126,22.29405261891788,27.432223977370708,True,0.5930735148778178,0.4839413822786326,1.6314539395950383,0.8416027234153037,1.5910650143187144,4.467728588733333,0.6325,19.0,20.0,11.0,12.0,0.4805,0.213
Resilient_hab_FAIL.db,93,28.853619349072822,39.796438185952056,28.89807063308296,31.86590164904964,42.55850609086823,22.82083874722407,40.727900392631724,38.81910433344279,26.70167801534641,31.104040585501423,41.65097415089502,41.810986941454466,47.57101956860351,88.58245099923339,54.709995057819086,53.454172879945276,True,0.5954864507335395,0.6825800870412367,0.5733796843410846,0.6286342308574636,1.980070307271959,3.0631712917538643,0.911,4.0,5.0,0.0,1.0,0.0765,0.043
Resilient_hab_FAIL.db,94,48.17252055059923,22.37011161676581,52.209861698836406,20.224668794337582,77.2296826250949,42.181021210597834,8.479849354574869,59.26896612439917,26.70266150638456,21.011881537010783,52.81737752057449,40.499743489927,37.78332742326264,118.20864312346555,18.850476822631038,17.100517050006626,True,0.6071547397965402,0.6761255720029011,0.575028915978431,0.2837999617660598,2.226042848095315,3.5348441084240907,0.8905,10.0,11.0,0.0,1.0,0.4005,0.0515
Resilient_hab_FAIL.db,95,30.473408933189084,13.375058175503668,33.94573362444524,12.180310985254676,61.23730797335308,24.362571365455885,7.701729355327237,42.52963837076158,17.660000364071898,17.71618849553477,36.08149878068486,26.59195845163493,22.691857206870395,95.04923676944533,14.751468501887045,13.4104161349964,True,0.6088214164606027,0.6908101225641138,0.5852885536754295,0.28534963987502693,2.2738491167221313,4.281241270682919,0.8535,9.0,10.0,0.0,1.0,0.283,0.043
Susceptible_hab_FINAL.db,0,113.40744266677115,64.41179240129532,122.75487809491773,65.99655095057454,151.8224675722873,105.3346908778206,27.59182994224493,130.5191144286156,77.72748219946476,59.628850538223304,118.8560027561604,92.81575144335878,92.27114188416391,200.61003601145887,44.066025601060474,33.39060709773846,True,0.7,0.64,0.36,0.45,1.37,3.087943081370515,0.854,5.0,6.0,0.0,1.0,0.6635,0.043
Susceptible_hab_FINAL.db,1,72.9383141336406,26.363959131258994,82.1532516974482,34.89731549906382,127.82026573666975,66.9308671084998,13.591965839632545,90.25115560849945,52.756759761555095,49.13218015532568,72.10452852922603,49.554696971146086,35.60012414786981,141.59666906036713,11.108366915717118,6.615770194376285,True,0.41591925612146174,0.7270520600323089,0.8897630384862578,0.2631764614574091,1.2800509976921153,4.236336820730287,0.722,11.0,12.0,1.0,2.0,0.5005,0.0915
Susceptible_hab_FINAL.db,2,76.05707082938403,27.997165939319885,84.26777313477932,41.38224638745753,142.67537931665962,70.91469711634699,32.84844934567778,92.70234644467533,64.58190676678012,71.58008549234687,69.49522315715483,50.157658785206465,23.631475869554393,133.88642711058085,16.750257567561857,18.29197717309031,True,0.5429129041504068,0.6929946784325763,1.0475703460057624,0.4202701529261075,1.8348395249622864,4.386195633875634,0.6575,18.0,19.0,0.0,1.0,0.383,0.06
Susceptible_hab_FINAL.db,3,52.18521698369482,81.41795001098146,49.88187532271705,66.27311003452033,48.26731099693795,46.43383084463859,79.8602045856496,59.67380039989853,51.783375755832616,54.38328104583364,71.41344976042821,77.54236490381118,94.02665712202638,113.30394727470001,103.97940925520768,101.72142609790698,True,0.7326105293899339,0.4147495951209984,0.3481824239399708,0.7973744681875701,2.6890461213268786,0.3643956412389178,0.9955,0.0,0.0,0.0,1.0,0.0,0.06
Susceptible_hab_FINAL.db,4,105.77126440390064,44.59202574149313,116.11578466908162,59.10988212638051,173.73332451126967,98.74628446760228,35.46691927634711,124.51188482036265,84.62617495229239,82.21921499086027,97.68434289597447,70.79085414958988,50.80283901354572,167.54324903978937,23.95593586818778,21.309195244002954,True,0.504530032007257,0.4947534529511431,1.4259292052076804,0.2830705378295859,2.5248464311390366,4.394103664918306,0.656,15.0,15.0,4.0,5.0,0.5615,0.0935
Susceptible_hab_FINAL.db,5,45.951576434418044,9.121407837501824,51.56350007397473,16.417611918599544,95.77067841836472,39.18139348809642,8.61127096002912,60.167901366957736,32.514344243325034,34.5010976938014,42.04429580224702,26.20041927402605,13.583361564680855,101.02686449997861,2.5581600113057514,3.3818186436718864,True,0.5681422129937078,0.77679198577188,0.41268509580270185,1.0372259981115326,2.613226976898086,4.177511677000555,0.7475,14.0,14.0,4.0,5.0,0.3715,0.0745
Susceptible_hab_FINAL.db,6,146.79714311292182,82.22406155956793,160.87330477888523,93.3389800607026,208.42665513157965,138.72659024673683,47.397052994977024,170.1461461569311,114.45965438780553,99.48129368858565,148.76669294910874,114.15208431786576,103.25171462709118,233.6479363496799,52.564969059055635,38.73415435526252,True,0.4634204284250684,0.3798531758861436,0.4262879759416752,1.4777543070774242,1.4630834923030234,3.900699146664585,0.695,5.0,6.0,0.0,1.0,0.72,0.0685
Susceptible_hab_FINAL.db,7,41.97477283419127,9.467950072984193,47.12402772970958,13.675621815550624,86.07110382073084,36.67150574812842,7.013794610144882,54.50703591240131,26.852877803773712,28.1050865843095,41.08642619095054,27.411987679930576,14.889328717730857,102.60447342607765,4.6564172406300015,5.703752466048421,True,0.46937676136291956,0.6954154046537658,0.5607902902744771,0.39307878033184707,1.2022297263720276,4.262323477621877,0.79,14.0,15.0,1.0,2.0,0.3645,0.0745
Susceptible_hab_FINAL.db,8,98.5926657782396,48.71789445242592,108.76815464389793,66.71859069559261,173.43857936717282,90.52940572815311,52.66939149514012,120.50534361049667,92.3858272644189,99.46137968968452,91.17075649084867,66.84565707274486,44.58579601157122,150.39727930231672,34.22510977776825,31.163781660691054,True,0.8668446345032264,0.8225063667838883,1.2337989395469153,1.384003212831887,1.519088727673408,4.187393382553867,0.5655,12.0,13.0,5.0,6.0,0.3795,0.074
Susceptible_hab_FINAL.db,9,59.60905488838876,28.94469763157703,64.17205964198675,27.052123839826745,89.34346237109543,53.221338724720844,10.981408728436499,71.06011861337146,34.50484101756111,26.281041243295558,63.79694952946017,49.46551282836365,47.013038444153295,132.57406561010032,22.63194401202393,20.083293882535106,True,0.46349165698415073,0.5830661728437503,0.8055107745026242,0.25951161885687835,2.9739144503312707,3.47385325693775,0.898,10.0,11.0,0.0,1.0,0.4535,0.043
Susceptible_hab_FINAL.db,10,41.86909884529824,12.113877247139166,46.64634155717163,20.92108397012946,95.81543813336634,36.84445355430451,25.03465716344573,55.1440176602386,37.61490232123421,47.955933155664596,36.839412250216064,25.35433403651447,6.446626542776823,88.83285762225746,11.157262704180742,15.592671867816037,True,0.4777404722580295,0.8212558542890429,0.4901796168180659,0.32864289495911725,1.0007586229461873,4.638051217064454,0.704,17.0,17.0,3.0,4.0,0.2475,0.0945
Susceptible_hab_FINAL.db,11,120.98822363210151,58.81838800851923,127.51209072422733,80.85121497042881,202.72964581061225,113.18502550590107,81.32041643752044,136.34765479936738,114.94872439145979,127.60866504471917,97.4320707939469,76.64176995744276,47.20781130323972,145.95490601477636,46.38443234037548,56.291658706217646,True,0.7275119746840656,0.6375849959674694,1.496880506144697,0.48364295792838013,1.2669106799209506,4.786316570813378,0.5595,25.0,25.0,13.0,14.0,0.3895,0.1285
Susceptible_hab_FINAL.db,12,278.5919984280675,197.0611287704501,297.30737980363074,229.96153054718502,389.7741232161229,268.91256432756256,193.87121336635352,312.17844718867536,270.92634842961365,277.42615458041416,267.000561343816,225.09696384959318,188.56189380745164,339.13914203194224,162.9501119634048,151.507343002601,True,0.4363422817012163,0.8930707420191557,0.9491434982218958,0.9632551180149329,1.1943380866014046,4.146529937252274,0.3375,10.0,11.0,4.0,5.0,0.5545,0.0615
Susceptible_hab_FINAL.db,13,27.86852975477983,33.89708349069961,29.066578326649417,25.944270768536974,41.9139474182527,21.90259903104102,28.61110586662796,38.46196247128459,21.336700950710693,22.025229267760093,41.14560125652469,38.45932210734421,45.49878336586117,91.97133082958366,44.89366018565071,41.81822619693416,True,0.5365351943892004,0.7089149921413783,0.3607080978136851,1.1807549464010176,2.6862192454561655,2.731674451897393,0.914,3.0,4.0,0.0,1.0,0.151,0.06
Susceptible_hab_FINAL.db,14,20.9415946000218,16.470450174559165,22.530641438480707,12.51387904255424,44.62534265699459,15.819290848832823,17.414843363132505,30.755533549011137,13.835845106293185,17.169761870482606,28.025737134655248,23.970728935330456,23.246498536880292,78.90238490472967,24.738669375855622,25.47613845514427,True,0.5764306455085056,0.7345188214658909,0.3810546301964943,1.0136519759635902,2.394372061720302,3.8126492467336917,0.8725,9.0,9.0,1.0,2.0,0.186,0.0815
Susceptible_hab_FINAL.db,15,50.91656741088646,77.75315361001103,48.57786848989306,63.921531007539514,49.33205652210185,44.061426938292605,76.73077458221616,59.207344656988134,50.81650090577947,53.66593082427943,68.71978658262965,73.93247359362465,90.16774568163271,110.37942244357379,99.66483002690022,97.35561422995005,True,0.576165425951916,0.7963213157763287,0.24487075194554006,1.4244907545639058,2.6669232177399693,0.41208056105172747,0.9845,0.0,0.0,1.0,2.0,0.0,0.0365
Susceptible_hab_FINAL.db,16,44.87657611940215,36.05621737514255,47.72968271210188,28.58865409167254,60.44048798933074,37.935852270216,17.81304046021853,56.32370372234226,26.757649211614957,19.304334079319755,56.897724647007294,48.05128598842943,56.18718995840444,118.20063477190773,38.343724651417276,32.829506495323415,True,0.4061701420046216,0.5152686169259268,0.27878000088152466,0.43226250160634244,1.480817248857765,2.566162529940426,0.94,3.0,4.0,0.0,1.0,0.3205,0.043
Susceptible_hab_FINAL.db,17,118.66822557393823,59.072124429469014,131.7619989774902,73.88600691177702,188.4926593008173,110.67049073627038,40.05584203309738,142.537331306834,97.5529960079578,92.57448512574554,117.72126839123379,86.66387019435966,68.26856001589849,194.69375944374485,35.001199486895565,24.768906604768524,True,0.40467234929672086,0.6415393090308221,0.9071470477457424,1.3270772503349053,2.887141248152205,4.232063897445667,0.629,8.0,9.0,0.0,1.0,0.571,0.043
Susceptible_hab_FINAL.db,18,50.25954273657164,79.05935006218178,48.131044298939194,64.30166519226641,47.28264402996263,44.52739292687123,77.76785156684146,57.99271764999738,50.16080707628726,53.00483652655048,69.36318370607283,75.2236527182803,91.26266453448793,111.23174041695721,101.35594340163443,99.00180864145854,True,0.43381443713894624,0.5826535480768299,0.13025884831567097,0.8035886185901016,2.780797315919965,0.5628415179247913,0.9885,0.0,0.0,0.0,1.0,0.0,0.0615
Susceptible_hab_FINAL.db,19,112.35309933736347,52.947657268164754,123.83293246509015,69.16013045830695,184.94682353925953,106.57645906274008,47.4540394635197,132.09047653118859,95.57566666162784,95.93663953366038,104.6150646060039,77.33256631524716,55.1229190730786,171.48166460905136,32.219519144432994,29.157867954784763,True,0.49353190403909825,0.6544871063081925,0.8191592364022,1.4096085740741437,2.8829834463086645,4.247147916864955,0.6035,14.0,15.0,4.0,5.0,0.536,0.144
Susceptible_hab_FINAL.db,20,141.91799847990632,83.6354583165832,154.58309448606911,89.76659975164273,191.20883582295824,132.86846642996483,41.37172035007678,163.89806337038814,105.54293979243845,85.7574967339316,147.5685913789114,114.72881626768104,112.09650787373343,233.86226457700636,56.07483123670828,40.6631460102132,True,0.5381828202425685,0.42513238280249344,0.4360238263959555,1.3071084043185004,2.946791726587406,3.6075970995563598,0.7765,2.0,3.0,0.0,1.0,0.731,0.043
Susceptible_hab_FINAL.db,21,31.589506800294483,40.95130580072505,32.522556118494286,30.245729581979592,39.18332937317231,26.274473882723946,31.874059282631706,40.941455022242074,22.73768645967508,20.541376180434217,46.77068950084234,44.8803578190487,56.4504831664358,97.27012020116858,52.400995373802445,48.706318343104925,True,0.6491423951289736,0.5121625834153761,0.35916326142604127,1.3924426258680016,2.952852844341456,2.1854060225333902,0.9475,2.0,2.0,1.0,1.0,0.1765,0.099
Susceptible_hab_FINAL.db,22,55.04759894099925,16.007815355166922,62.87006421832558,24.286864909856263,108.59583598367922,50.35823713999236,13.204985573928335,70.16852988673773,41.22045517132051,42.2520685352327,52.35959760675407,34.011930026315035,20.17552260360624,112.28609997525497,5.888250397140755,4.972533671950284,True,0.7468822009828793,0.6027537825585612,0.6028921959818961,1.3515832527370473,2.124068703345907,4.360964178721538,0.7055,13.0,13.0,4.0,4.0,0.4225,0.159
Susceptible_hab_FINAL.db,23,90.3384652985463,41.95956357784075,96.64222179262262,44.1634975561926,130.7757567690788,84.70979524638513,22.391391580758796,101.83033663047817,58.685534660015165,48.7477764114029,88.87339388785155,69.594459655094,59.53621642516724,164.228339762969,27.92224598999352,27.10769155885698,True,0.6809299512413369,0.6241037652482995,0.7426794283161704,0.7455814223266113,2.2268785710543297,2.926419980114315,0.8655,15.0,16.0,0.0,1.0,0.579,0.06
Susceptible_hab_FINAL.db,24,41.5560382532566,15.234472259515782,49.25837580977186,19.983272534753723,86.23262182238031,35.11178562537296,5.77978655210808,59.128381300989666,30.4182289313473,29.492060389326824,46.628761816946934,29.277286662710587,23.847168877001323,106.49585703028526,8.384597415584825,1.8937469216874023,True,0.5316519534988197,0.6228833863572498,0.41390963954006893,1.1827775379164471,2.089778287181049,4.43921321847954,0.7345,5.0,6.0,2.0,3.0,0.357,0.1065
Susceptible_hab_FINAL.db,25,53.90426553817828,82.28871665919579,51.53762507659893,67.4238792864531,50.44750521415568,47.679099969003474,80.4630087745517,61.690024354898256,53.264324095509615,55.7830497254428,72.88204876365057,78.72837332723714,95.07988089546248,115.34091833808758,104.65489327311353,102.27173171898954,True,0.4612601649302742,0.7976931160729724,0.13573487763378722,0.80194442455613,1.3987203147618115,0.28673987593283834,0.9965,0.0,0.0,0.0,1.0,0.0,0.043
Susceptible_hab_FINAL.db,26,24.57205880009297,14.361385744944426,28.467106733457637,12.10508380921139,52.3970501113081,18.47345531550629,7.365803455152341,37.68426906268002,14.80321581271754,14.506508288121516,33.20488043425047,23.99231197214729,24.787181193178952,88.64842379798114,17.038792297095203,13.27203628346173,True,0.539333414194765,0.6296675379904029,0.5697167014973706,0.8427542495799953,1.4143050933480497,4.077685499757621,0.841,5.0,6.0,1.0,2.0,0.256,0.0795
Susceptible_hab_FINAL.db,27,27.700738047500604,7.756318080639042,31.233514381296107,10.462295720940144,67.42181074781979,22.18000328064281,12.1622560206089,39.88969585979084,20.055317546927505,25.793849590474025,29.007373229317043,20.04535910919128,9.436694107335564,83.70283036073607,9.909762241877791,11.689253125292606,True,0.4037801574608767,0.7723679469186647,0.6351469888005852,0.6608415241778635,2.4953028798469803,4.700048142870305,0.7935,13.0,13.0,1.0,2.0,0.238,0.0595
Susceptible_hab_FINAL.db,28,52.72604966426992,79.81365554056866,50.23242998660555,65.6944181496961,50.41352635572207,45.79228485458343,78.53273403853117,60.85098824000251,52.340481442261506,54.97455379040508,70.60067585701589,76.00112278234229,92.59215621097081,112.35368138660871,101.92160779448267,99.67648278674477,True,0.7416080374837518,0.7435815246401293,0.21148377753681735,0.6895604248673259,2.5385963976550636,0.289991693118382,0.9905,0.0,0.0,1.0,2.0,0.0,0.033
Susceptible_hab_FINAL.db,29,67.98059168334903,19.940424331127456,74.60449174340663,30.29234104726082,126.75091286477694,62.70795874914093,21.940515676873268,81.62187844086169,51.70193205937087,55.14571405137079,60.18281323196762,42.343959958300545,20.50812421074338,124.05828225004342,9.43946346301118,12.86470639234005,True,0.48986481447904984,0.7100764711304214,0.9430851316650151,0.954240813294042,1.9172930389927132,4.2998178310507855,0.7205,19.0,20.0,2.0,3.0,0.4255,0.0765
Susceptible_hab_FINAL.db,30,53.640607135200206,81.95159306653343,51.298455070182285,67.14634412542357,50.325879511233914,47.41217644648388,80.16098521696071,61.46554738641848,53.0414796868006,55.59448907191978,72.59716708365258,78.40104509319934,94.68643399070882,115.0601180575165,104.2769556861821,101.8782848142359,True,0.462830558099608,0.7596403593143577,0.3168735753133159,0.2552841465697939,2.608653552847841,0.2929103351806387,0.9955,0.0,0.0,0.0,1.0,0.0,0.043
Susceptible_hab_FINAL.db,31,54.98596740413086,13.3911484906423,61.002909563259706,20.664092938279683,106.069796643702,49.99672391185112,12.57748859332969,67.57547736541812,38.21450049255449,39.446817815413354,49.68807686078829,33.44478856580719,17.570119561754787,111.27224911974575,4.819295080827065,7.3661418657788875,True,0.4068086021336931,0.7320777848580886,0.7355423953770285,0.6806938351993658,2.280900410322212,4.160665230145974,0.7535,17.0,17.0,3.0,4.0,0.423,0.1115
Susceptible_hab_FINAL.db,32,105.24951021386309,42.93446614389225,115.08260239189802,56.94815213220924,173.69616891472975,99.15193833082166,35.63096509921237,122.81911485588631,82.92939580223243,82.32660600563784,97.43293805711116,72.15432448713221,46.48385900633587,171.756568437167,23.34959401725712,22.541894649034024,True,0.606979485826894,0.5876817275522126,0.6326440506382385,0.6997998308374958,1.2251210731788347,4.404951986750883,0.6795,18.0,19.0,0.0,1.0,0.543,0.043
Susceptible_hab_FINAL.db,33,128.07810535326308,56.18681163122132,136.20509101849422,74.82150188145955,203.69271990660286,120.48439131300688,60.02184528564817,143.2500823430342,107.58911194236782,109.39255696821117,107.95737463488558,82.2961786394803,56.642823134581434,170.58418464145973,35.9403918244488,41.84000843223876,True,0.6067317535601815,0.25718812697639293,1.9179162593769825,1.9117931065656022,4.5044124274008706,4.155246025717697,0.635,23.0,24.0,10.0,11.0,0.57,0.1145
Susceptible_hab_FINAL.db,34,29.13427254209651,40.063783757239364,28.822125421643108,32.05400200832091,42.69250194128085,23.30071214496772,42.408823543482,38.46235793133968,27.07928554574446,32.07407288987729,41.2619923191666,42.107534692755074,47.11168632078062,87.74183259485567,55.58349371393663,55.31259948767487,True,0.60841757124019,0.7254611010948655,0.6353714709219854,1.8323327189450946,4.699179624992198,3.7816493841113883,0.9155,5.0,6.0,0.0,1.0,0.0705,0.043
Susceptible_hab_FINAL.db,35,138.01409506810694,84.30412993564813,148.3711226795596,85.86223232905141,176.6376471647945,129.79510689887192,41.463368031731655,155.79368760666725,98.10912390290187,76.43838668210144,143.89882450124784,115.15980641106702,115.94116082057539,229.50033878315062,60.31432990051674,47.86762842330854,True,0.605106315396424,0.27571976156028793,0.5928183185708589,1.0200922056123531,4.3127293785505145,3.5731909917617726,0.859,4.0,5.0,0.0,1.0,0.7325,0.0515
Susceptible_hab_FINAL.db,36,26.66549367229224,24.41579935488852,28.241645093737535,19.537899164154446,47.39856577407606,19.622246796064246,20.384740196868762,38.18745927923813,19.026274195936363,20.19721629347401,36.22008714813704,31.207590400130048,34.7656322564761,88.61430230221904,32.633193979940096,30.412976508045006,True,0.5960345866523357,0.8957682302978284,0.6078191153958408,1.025245083256855,3.838793926312511,3.6608194812940904,0.8885,5.0,6.0,1.0,2.0,0.18,0.031
Susceptible_hab_FINAL.db,37,33.96536176606219,6.623422049310447,38.80126252358241,11.817743865152067,79.7398373846746,28.77394545004647,10.394223549495024,46.93355421393019,24.73205657127709,29.802305367905284,32.87442269771188,20.94382090183414,7.900077969524281,88.84500084266313,4.797935543909027,6.520448809936197,True,0.5717959266464037,0.8946317477386188,0.6066017470255752,1.066740586439361,3.2434041707034083,3.974493037670993,0.758,14.0,14.0,2.0,3.0,0.2945,0.091
Susceptible_hab_FINAL.db,38,35.53115262220238,97.56372428253178,34.69160180152343,70.43230015809175,10.431366915646544,46.85939057999214,104.45323286610139,31.087791369908132,42.31924210110462,46.70197548448958,64.4279951221779,82.07354792733832,105.48490309280554,85.82343348816576,128.46055591852274,131.19597529123308,True,0.5801677146544262,0.8918861005706591,0.06160364099571847,1.000289798530496,3.9141385567033002,1.2773024359712049,0.9925,0.0,0.0,0.0,1.0,0.0,0.669
Susceptible_hab_FINAL.db,39,35.97857924795757,51.6855311425749,35.20850938701383,43.342141878398095,48.03182266678553,29.04015121101346,54.84683622873544,46.326090223447906,36.83721970089313,42.94349442314764,49.66868727470003,51.47458146385361,58.346502516481834,94.40960002999054,69.45985333367737,68.08931758499375,True,0.6193042939515091,0.8658836146581392,0.7058093583748414,0.9387342613461142,3.4543127636542192,2.904175472386441,0.9155,3.0,4.0,0.0,1.0,0.019,0.009
Susceptible_hab_FINAL.db,40,30.689707313122575,6.941989279420726,34.94816584630004,12.863255084726287,77.50258296813426,28.377281501124013,21.39697583099627,40.174476906982825,26.87796810895714,35.478799109434355,24.684849097489383,15.39444114235253,3.349008352959526,67.31993755688103,7.463859157811662,14.10203774582525,True,0.6105355275363952,0.8921398961926101,0.7115196394029992,0.9322684122492897,3.667385843935061,4.069987216496758,0.712,16.0,17.0,8.0,9.0,0.28,0.27
Susceptible_hab_FINAL.db,41,76.29579534206859,31.108426782444624,80.82511982383274,34.00977830981888,117.54451878359667,69.95438081634606,19.82094313934349,86.94654042622496,49.01581237292586,43.80461820180372,72.7825502262119,56.84267071927436,43.805630310831226,144.5505763709065,21.59307061183067,23.838019072780323,True,0.653150141769689,0.8835888214640747,1.036340355078458,0.8097777689725898,3.773531607828589,3.0210064560143994,0.8675,18.0,18.0,0.0,1.0,0.492,0.009
Susceptible_hab_FINAL.db,42,93.06224121102305,42.79253992025423,99.07985370949953,45.76648345972859,134.69266192748165,86.03629476695494,22.908280850151698,105.38220283041154,61.12156176421003,51.237757098033676,90.90925706063723,71.06910642456234,60.63000880717418,167.555891951994,28.563114597916098,27.484584687299513,True,0.5618945868074536,0.8993946668249366,1.2516914223313589,0.764002600938777,3.827180372431764,2.903298967299688,0.8685,15.0,16.0,0.0,1.0,0.572,0.009
Susceptible_hab_FINAL.db,43,29.005993592705636,10.477920539675763,32.87178268513765,12.599550976908917,66.74930089932568,21.829964625022644,9.719559174121214,43.07045449387522,20.738649599995753,24.237710281060465,32.715511716553245,22.30788638731607,15.5645970833789,89.10548871003417,11.907503249038268,10.556970225645422,True,0.5667784203533215,0.8840183356743242,0.602926663955637,0.9497651361718407,3.700261406610677,4.26567201449251,0.8015,9.0,10.0,1.0,2.0,0.241,0.0205
Susceptible_hab_FINAL.db,44,46.287125604195644,10.064264752364382,51.8380259548848,16.697516047378745,95.35275089958786,39.795075443043416,8.850814304066589,60.35716247325757,32.27139509530548,34.44711833016106,43.57421624993342,28.220105001968502,14.216030243483731,104.91152043058256,3.8902507557322163,4.607092315439378,True,0.5546233250914514,0.8997447640244842,0.6018533004033428,1.0125620343208055,3.6541594066635352,4.189808600351061,0.7605,14.0,15.0,2.0,3.0,0.3635,0.05
Susceptible_hab_FINAL.db,45,26.085075887838425,26.30788568934229,27.936499030276984,23.469083328166285,51.693561599795224,18.93283172616648,27.734436957841215,39.14135642135521,23.932900017607945,29.43987634390149,35.84410232137125,31.45358593571089,31.428304540740363,86.16992733906014,36.25345144462345,33.985372353878496,True,0.5413733343383019,0.8981573160031537,0.619862092982442,1.0206685745431014,3.506341996219454,3.7516648373297468,0.847,5.0,6.0,0.0,1.0,0.1115,0.009
Susceptible_hab_FINAL.db,46,20.711838784534272,16.166897009645727,22.538472406722025,12.32848800245196,44.75855972080888,15.493561927303634,16.387043593645032,30.88938525692509,13.697745419102654,16.804825916505482,28.106272869361764,23.577008566891223,23.14858427111306,79.16163314079422,24.00465292581098,24.203663904343315,True,0.5444634236074074,0.7702142802170171,0.5825945438593654,0.9817543392610655,3.9472643450959763,4.25112899456916,0.868,8.0,9.0,1.0,2.0,0.189,0.082
Susceptible_hab_FINAL.db,47,31.321540170738945,8.87796383653856,35.79173000307808,11.154615875063172,70.59256847213857,25.600455345606488,7.3661158135888565,44.466790913658954,20.488108350206428,23.287309269486073,34.29862415468318,23.179556051308108,13.767097063358127,93.12519214988362,8.315311981343587,7.845485457737525,True,0.5379938099492492,0.7665441442176769,0.5649344325747877,0.9034520656392042,4.041126003328566,4.110350169845622,0.801,11.0,12.0,0.0,1.0,0.2845,0.0515
Susceptible_hab_FINAL.db,48,52.233131479058976,15.198907596055397,58.47142427036109,20.12579802729575,97.75739365858739,45.1874168300054,5.6285823476145715,67.37251319387518,33.78226850604996,31.819750150006534,52.92106516488972,35.863022768548014,24.52089765026206,120.22534977178034,6.91462676272937,4.472846986436116,True,0.8486478522521071,0.7532829687965046,0.5588221352527243,0.6138215381911996,3.9387171257133673,4.04359789195135,0.7915,12.0,12.0,0.0,1.0,0.408,0.0175
Susceptible_hab_FINAL.db,49,50.34462901781363,15.24244381862082,57.243528356922255,19.482807305871596,94.29854763982472,43.94279020622156,3.477518218148952,65.65508068013808,31.936829793669652,28.518491705186296,52.3480687715463,34.65818133743549,26.242687450028924,118.15954205156795,6.219468258432153,2.4521403333020535,True,0.5621163012644741,0.7795997415120044,0.5131662554627094,1.0642240191239831,4.241777656896103,3.984038799429549,0.7835,10.0,10.0,1.0,2.0,0.4275,0.07
Susceptible_hab_FINAL.db,50,39.70332280115298,63.3559597847406,38.411165742513944,51.80731913565831,44.4439336660611,33.786434987943025,65.13382296793628,48.75409732622958,41.2401676170514,46.32780067479035,56.47807467453287,60.56505580572434,71.96988603738713,98.70922341992554,83.7620415626487,81.84126410544667,True,0.8969011825240548,0.786592187407322,0.48934575097023125,1.09615369664678,4.101408222335145,2.6017933175286156,0.9435,1.0,2.0,0.0,1.0,0.0,0.0515
Susceptible_hab_FINAL.db,51,24.282025559292784,24.039335531302466,25.632248993746447,18.389782319691665,43.994522489912654,18.769149148051493,22.463321576378945,34.4380796011767,17.241445832141444,19.661678446894985,34.09095939455772,30.775774810964997,32.61832058825265,85.73815213973239,33.61111773827317,32.8383135340792,True,0.5621356821544463,0.7805274616987066,0.444432318215328,1.106224184851095,4.288036707928192,3.409448019108452,0.8935,7.0,7.0,0.0,1.0,0.1675,0.06
Susceptible_hab_FINAL.db,52,29.63610011236948,13.817256864141918,33.89550105685321,14.419970102017956,64.008786710808,22.399048876055524,8.682400284731804,44.38859198366054,20.278700300419846,21.757878894417374,36.39308426089666,25.66059934024018,21.71100426429661,94.59915182333592,15.071859558177973,11.45424481710518,True,0.562173903019953,0.7730559072077243,0.43661707579838976,1.0979380613040808,4.825344656892949,3.905135103506091,0.8165,7.0,7.0,0.0,1.0,0.249,0.0175
Susceptible_hab_FINAL.db,53,37.917410313646926,59.676965475619554,36.98757611941615,49.09797436464885,44.88454662244286,31.702280453985253,61.3938762169387,47.67597369138902,39.53063907638893,44.789626965152415,54.241192306207864,57.40992232378429,67.8750678548895,97.13442090329141,79.14545674710574,76.87281490116811,True,0.545172273827774,0.7618312775907042,0.5141435548092268,0.9917864026601358,4.201575157496499,2.738201074738598,0.931,1.0,2.0,0.0,1.0,0.0055,0.043
Susceptible_hab_FINAL.db,54,53.90426553817828,82.28871665919579,51.53762507659893,67.4238792864531,50.44750521415568,47.679099969003474,80.4630087745517,61.690024354898256,53.264324095509615,55.7830497254428,72.88204876365057,78.72837332723714,95.07988089546248,115.34091833808758,104.65489327311353,102.27173171898954,True,0.5578293885778592,0.7590273005241277,0.3666205134452369,1.1230158158974475,4.721112356829217,0.28673987593283834,0.9965,0.0,0.0,0.0,1.0,0.0,0.043
Susceptible_hab_FINAL.db,55,51.930276179364455,77.68319843181891,49.92172285326921,64.34075094986095,51.792839300484765,44.93403675349361,76.10489750702703,60.886654635077235,51.68824330846357,54.71944891923604,70.13975445307682,74.77693189723229,89.70606708222934,113.52668800715942,99.00139220629649,96.14354067722613,True,0.5611708678780953,0.7936672003051553,0.4004048851920805,1.1144643655012854,4.700746873851069,0.6873877052733891,0.9795,0.0,0.0,0.0,1.0,0.0,0.0175
Susceptible_hab_FINAL.db,56,52.092940472517796,79.96313526574527,49.89771878686847,65.5154169144323,49.63040904888929,45.844919066552336,78.38312762660087,60.15296933072581,51.738696989732496,54.4974089059677,70.92216075885074,76.47135944415864,92.36003631737293,113.40960012927609,102.04361391977966,99.55188714089999,True,0.5432431662586293,0.6970048411129505,0.3189923276933077,1.2088964800900537,4.9842784673560505,0.6001050729007434,0.9895,0.0,0.0,0.0,1.0,0.0,0.043
Susceptible_hab_FINAL.db,57,53.90426553817828,82.28871665919579,51.53762507659893,67.4238792864531,50.44750521415568,47.679099969003474,80.4630087745517,61.690024354898256,53.264324095509615,55.7830497254428,72.88204876365057,78.72837332723714,95.07988089546248,115.34091833808758,104.65489327311353,102.27173171898954,True,0.6339361954477919,0.6717886201521934,0.3120664378592743,1.2732113591174288,4.607118488148181,0.28673987593283834,0.9965,0.0,0.0,0.0,1.0,0.0,0.043
Susceptible_hab_FINAL.db,58,30.850913394245513,40.53234269644718,31.79325427947883,30.97413316320734,40.961228025881574,24.960180911894582,33.57466509980432,41.175009714696984,24.184565196539914,23.844398393647968,45.90816751952846,44.06550336594691,53.91958206507665,96.15015748917112,52.64182991498053,48.797709921502886,True,0.6341239502932641,0.6895410068098118,0.26636799022821134,1.2595926749821542,4.902608971427369,3.2590655074898414,0.9315,2.0,2.0,0.0,1.0,0.1445,0.0685
Susceptible_hab_FINAL.db,59,53.90426553817828,82.28871665919579,51.53762507659893,67.4238792864531,50.44750521415568,47.679099969003474,80.4630087745517,61.690024354898256,53.264324095509615,55.7830497254428,72.88204876365057,78.72837332723714,95.07988089546248,115.34091833808758,104.65489327311353,102.27173171898954,True,0.6604674335327211,0.6779113197305183,0.3157410977205151,1.2886479022459405,4.745440390618872,0.28673987593283834,0.9965,0.0,0.0,0.0,1.0,0.0,0.043
Susceptible_hab_FINAL.db,60,30.445884259159534,43.01832908175722,30.622944575478808,34.49183923771028,42.54039658335933,24.184989878412075,42.16500313367965,40.87847469083262,28.1952784991837,31.714943720494993,44.55277789174916,44.575994810690894,52.17540090503603,91.62369671154072,58.03055037987369,55.63048604802209,True,0.5254408921246776,0.6855805306242388,0.3579863423848865,1.2125705720839624,4.691851288587509,2.8124775903218255,0.9155,3.0,3.0,0.0,1.0,0.0765,0.043
Susceptible_hab_FINAL.db,61,53.640607135200206,81.95159306653343,51.298455070182285,67.14634412542357,50.325879511233914,47.41217644648388,80.16098521696071,61.46554738641848,53.0414796868006,55.59448907191978,72.59716708365258,78.40104509319934,94.68643399070882,115.0601180575165,104.2769556861821,101.8782848142359,True,0.533957501895266,0.7011012531716365,0.4031708743684736,1.1516169879637312,4.9364507186318605,0.2929103351806387,0.9955,0.0,0.0,0.0,1.0,0.0,0.043
Susceptible_hab_FINAL.db,62,161.26733682043283,101.14054041640763,172.37764296981194,126.7563793408899,253.49435913179562,154.36365161859206,119.73817150049456,183.35892276848224,161.3207935434258,175.74000630992788,144.48718241527644,118.52914382514301,86.02747490006767,196.29752861293076,84.46800306478511,86.54544536041868,True,0.5140748590299713,0.7561338620391033,1.6955211018823348,1.0590345700759782,1.8307305623922825,4.6337040938013,0.448,18.0,19.0,9.0,10.0,0.37,0.151
Susceptible_hab_FINAL.db,63,150.0409426470793,82.39884471245651,164.42949486814558,100.84974830103921,227.86880024573048,142.07781240533853,64.96885245227996,174.86311493786462,128.9072430936094,124.06427266698465,144.99316894934617,110.65273116897434,90.22324374087836,220.26371454382306,54.27308129501809,44.526970883839596,True,0.532488392518863,0.816111577378063,0.7969180441610851,0.926250348368847,3.7862433695883437,4.163085178855241,0.573,9.0,10.0,3.0,4.0,0.6235,0.095
Susceptible_hab_FINAL.db,64,70.43726165761079,22.277663894235435,76.99029584282854,29.511444105825934,122.11839069504936,64.6864797861681,15.225024817004439,83.65929325529781,48.14654392919584,46.21802449882998,65.4715412072142,46.82765493730836,29.772272651842236,134.39191513854132,10.302452771955071,11.581089635924814,True,0.5419424511968226,0.8072953828956958,0.8289056496104004,0.8934498609314158,3.7625499334431667,3.982331789131152,0.7775,17.0,18.0,1.0,2.0,0.483,0.057
Susceptible_hab_FINAL.db,65,144.69176058298794,77.36452503175164,158.77847996191772,96.68160555378248,224.44184437358444,135.35705770381156,61.03669119677218,170.96082739973065,125.13095152053523,122.13402295122003,140.343335327965,106.24777803296232,83.41553243917711,217.8745812942292,50.366934620207246,40.019482855158614,True,0.5709250206054217,0.825234886302844,0.8634767892946509,0.8768056741843998,3.8832277433312985,3.8606848831448124,0.5725,9.0,10.0,1.0,2.0,0.578,0.0115
Susceptible_hab_FINAL.db,66,81.64378511655865,29.143087020216065,90.58777662349398,39.69096091484554,140.75035052074705,74.25917001008283,17.602737235123232,99.55114661139329,60.41977899133398,57.51376308562621,78.07023940193615,54.443951983479664,37.3438546098011,149.78089121098756,12.709999177706468,9.198607739470754,True,0.5873466634097015,0.8300196469802525,0.8077653171837986,0.8345892557290528,3.9742516813141355,4.111264647978319,0.7175,13.0,14.0,1.0,2.0,0.5065,0.032
Susceptible_hab_FINAL.db,67,31.400738403210426,50.64603170219789,30.60577354306209,40.358755460202666,39.08891126977047,25.69982283717254,52.46172143090061,40.43035126049737,31.739096490056866,36.36167111007478,46.253393654376396,48.92877395449931,59.16934656827969,88.71128701651634,68.97381513438005,67.57441236870658,True,0.6058452535994321,0.8257868773704012,0.6327513622364096,0.8296050612755612,4.1161952897141525,2.9455444638443926,0.928,2.0,3.0,1.0,2.0,0.035,0.074
Susceptible_hab_FINAL.db,68,33.35315885336326,47.01474984082549,33.36405499671783,38.97977510018832,46.28622269167883,26.359934736072635,47.22451470109282,44.49440142876252,32.792123650089174,37.35265750077376,47.569123290404846,47.72247816380576,55.22193676159139,93.96217497374555,62.792717429304716,60.0703967525269,True,0.6165899568843888,0.823368229164525,0.5728083352604896,0.8028627445625353,4.128172924691517,3.1894933426932295,0.9085,2.0,3.0,0.0,1.0,0.05,0.0175
Susceptible_hab_FINAL.db,69,32.23030040927544,45.005669994412166,31.998111080110796,38.65404106875605,49.08833897887001,25.36461014935097,50.46036794225946,43.31336079306867,34.29935911007329,41.97246106379006,44.48840176210111,45.35242855231249,49.20918408272264,89.18222013085042,61.745350793203485,60.76070923311093,True,0.6173779111860153,0.8101318974164878,0.5256223339374603,0.9314778305553459,1.6549622020765369,3.2107892584598647,0.886,4.0,5.0,0.0,1.0,0.0175,0.009
Susceptible_hab_FINAL.db,70,94.10548175777912,42.20480215034824,105.46150692260917,55.75604449111878,160.53331866777717,87.59658983522482,32.0352412627614,114.98532239613397,77.90771633880064,76.81166689358002,91.5789351206569,65.2093253155908,47.309638514264066,160.03994724817485,23.48931905350407,17.202591079782678,True,0.5023121818392823,0.5066691751728543,0.5076515323811257,1.4994824659927684,1.3633203925754487,4.273944827371979,0.6325,10.0,11.0,2.0,3.0,0.501,0.1045
Susceptible_hab_FINAL.db,71,35.30068151029362,57.71105269322446,34.965374747484304,47.49698422266779,43.281551927605996,29.346451605229234,59.06901322961342,45.75650050422777,37.84921894983914,43.211934779265206,52.37607731080924,54.94179836722513,65.61636312993416,94.84105897356828,76.6776181330221,73.47800150458198,True,0.49739821526647393,0.5389273732158614,0.4955742786642445,1.1313854314193867,1.755438560969273,2.5669081115951236,0.915,0.0,1.0,0.0,1.0,0.0055,0.06
Susceptible_hab_FINAL.db,72,99.38743006099742,46.55998932768952,110.47460108659233,54.95048879962424,153.87037685118875,92.02657086688723,21.485702930281732,119.23293926230217,72.75155742491641,62.44726638961752,100.84064643439707,73.10760773745346,63.51048747446866,177.19789797588754,25.240109646960082,15.820735875076203,True,0.4954380003416762,0.5612971922589687,0.5104463295525921,1.474201558519327,3.2492352678474496,4.082980008093386,0.7295,7.0,8.0,1.0,2.0,0.6045,0.0785
Susceptible_hab_FINAL.db,73,37.64107366909956,58.63995517700893,36.78214567587717,47.98719614618901,44.46757349114168,31.399646320389298,59.51986535573968,47.377246614485145,38.492032694828254,43.201930474074544,53.93337162158187,56.79960829717001,67.43686049666047,97.43449676676916,77.64027819665043,75.24682473769484,True,0.5106655435552477,0.7354711723010005,0.5203938259411975,0.9899713126193319,3.4104822650415283,2.788255908388533,0.934,1.0,2.0,0.0,1.0,0.016,0.043
Susceptible_hab_FINAL.db,74,45.32499361546974,11.019003951029287,51.66464679207553,17.16390120468988,93.73885383793314,39.1502129312929,7.159234991988968,60.37652660638045,31.526044447399197,32.885533828006004,45.06441159605169,29.01664753170359,16.103102238757746,107.50838482039632,4.26775948755063,2.9694766843504063,True,0.5203623317201914,0.7376578119039842,0.555799703507863,0.9057350283136032,3.362963261710549,4.142154263628026,0.7545,12.0,13.0,1.0,2.0,0.3665,0.0595
Susceptible_hab_FINAL.db,75,31.87748842337547,48.32085844822017,31.670639158097433,38.91143492309843,41.943632665137244,25.87933969419668,48.66238351149347,41.8863685585735,31.302600703673157,35.605162117002315,46.889928476149734,48.22242946526259,56.88255935519329,92.03207612343161,65.09662881372492,62.84997782276387,True,0.5541779335656082,0.7244410698635464,0.6284351291513073,0.9361373218540442,4.149642226172372,3.2226666664291868,0.92,2.0,3.0,0.0,1.0,0.049,0.0515
Susceptible_hab_FINAL.db,76,40.13286638466685,65.15088887618464,39.02401721044632,53.18355147906699,43.91627733858594,34.290598163888504,65.89177008118756,49.42217199147016,41.853352858795276,46.47272582177985,57.862968084179414,61.86356655192927,74.4362630862968,99.88679423421314,85.59002041842022,82.92007340654877,True,0.572246005546554,0.764005174972107,0.6274873113567759,0.6190070611410698,4.152743354758183,2.4654172001706693,0.9435,0.0,1.0,0.0,1.0,0.0,0.06
Susceptible_hab_FINAL.db,77,35.36268191368223,10.090647689019525,40.359833636687654,15.026222833446788,79.91271452290806,27.97211354637827,9.513704440011114,50.82071676322571,26.526799997494155,30.419144644812093,37.119824025800646,24.058834134745872,13.725008905803456,95.59392452267828,8.315834543520927,6.686912728288766,True,0.572017148375303,0.8958459965340791,0.7600926849828042,0.5533704665904718,4.155692707277354,4.106001165351232,0.7655,10.0,11.0,1.0,2.0,0.272,0.015
Susceptible_hab_FINAL.db,78,33.47365665647387,70.67227615684054,32.25042576979391,53.47073824699743,26.879855361115347,32.78338728171579,72.57577608127123,38.38946355559167,36.30332394850027,40.33509054298324,55.061329423644146,63.552676670242946,80.39875062321826,90.88289473213925,94.68021229756584,93.52207730244427,True,0.569520936613636,0.8854948637884239,0.11157223394443466,1.0159447239923336,4.244706794108086,1.6073399250591291,0.9685,0.0,0.0,0.0,1.0,0.0,0.2435
Susceptible_hab_FINAL.db,79,51.89243097969609,77.8814796740619,49.86623815187002,64.41951593070326,51.506518160267646,44.983641005659706,76.30917208318232,60.75027091237858,51.64439932991509,54.649596933421876,70.17107479424266,74.90805828664432,89.93841272836414,113.4529057501468,99.28215155302807,96.46463658554096,True,0.588684631532019,0.8906303319539138,0.16865652642269446,0.06153312853160642,4.183276605115685,0.7630224030563544,0.9805,0.0,0.0,0.0,1.0,0.0,0.0205
Susceptible_hab_FINAL.db,80,39.725512586340585,60.739997874580524,37.48788153064147,49.16919487789982,43.406739755256716,33.137702776137886,63.32466135412621,47.54368507108351,39.440855037269934,43.73665883637199,53.78217294537263,58.22784614889438,70.57868812402467,94.93725982480498,81.21260147782007,81.11939626149699,True,0.6030983360768453,0.8116604401075254,0.20721596037103684,1.0858691611585312,1.031398973904488,1.095706663427816,0.9615,3.0,3.0,2.0,3.0,0.0185,0.048
Susceptible_hab_FINAL.db,81,50.60404596158283,78.03344961670454,48.555754655302074,63.94326185518846,48.993710738292094,44.33643383836822,76.66404218798844,58.89916342678057,50.494686444411826,53.45910089176304,69.30592658579633,74.60044594686535,90.09241079578446,111.81785435278312,99.86904430512463,97.28426161931154,True,0.5783921927630044,0.6349764280778561,0.3300070467591978,1.1027870102545407,3.6277752269548103,0.566025769620546,0.9835,0.0,0.0,0.0,1.0,0.0,0.043
Susceptible_hab_FINAL.db,82,53.66705133917755,17.876750625233612,59.902842361812816,28.44436771396265,112.46102627042276,50.56662412617975,31.15734695433658,66.30272384163293,48.01362552849842,57.55171826704322,45.92792358918535,32.08514498352477,11.516605410105146,96.59347319375576,12.997279819429444,18.354843068193993,True,0.49862948462147105,0.7760741659491069,0.42162137080025575,1.1561676750495438,1.0588643074577606,4.504704276541351,0.664,18.0,19.0,5.0,6.0,0.3195,0.197
Susceptible_hab_FINAL.db,83,78.52010356700518,27.452616123115213,87.02082576847523,36.76939091819113,135.5682285029692,73.39989008522383,18.957228513370744,93.77599486572441,56.95619621575395,54.81591481032223,74.10382898505156,52.59851507673359,34.24401716122287,143.79004427798094,12.267528408363209,11.429229358539411,True,0.42512803173729724,0.7362722698833597,0.796564449902118,0.603592680828964,2.3417981694462386,4.013754991673867,0.7285,16.0,16.0,1.0,2.0,0.513,0.0975
Susceptible_hab_FINAL.db,84,103.42449493346098,45.06378768332384,114.37527938904375,59.86641694912852,172.4893136082118,96.58814819776015,36.200081721095096,123.35494434461941,84.76500686097137,83.49011773412954,97.22891688293166,70.194106874194,49.89444061174851,166.71875658702587,24.854999884802172,20.777773221151442,True,0.4104875233933273,0.7521562063782004,0.7943885289302504,0.5609275631758895,2.229022003750234,4.235171587468094,0.6365,13.0,14.0,3.0,4.0,0.5345,0.0935
Susceptible_hab_FINAL.db,85,86.4937642405526,36.28746113193551,96.87380175304203,48.0441861465975,148.71264181868014,81.61552697614147,28.419980314674326,104.16120341993721,69.29323558329182,67.76808952793708,82.2181928101231,58.03950018494328,41.832149578781454,146.7738930706259,18.99674660937672,15.675455343020472,True,0.4454409073077484,0.781108588075708,0.7891673657043635,0.5462850940954116,2.3990271120017814,4.297048205067282,0.655,12.0,13.0,4.0,5.0,0.518,0.1795
Susceptible_hab_FINAL.db,86,38.39836908022376,7.997138126716202,44.41795677880161,14.500726203353835,87.31578184912499,33.963395982099115,11.060962940902815,51.72914675746613,28.9721146443113,33.12523569158148,36.070222206153254,22.014475720159986,9.514383657037875,90.36695322983802,3.39832530785575,4.653916605844417,True,0.4055596762677608,0.7755366524563538,0.7024320431644848,0.6090795450070983,2.2959809299246583,4.091816632450085,0.724,13.0,14.0,4.0,5.0,0.339,0.1595
Susceptible_hab_FINAL.db,87,48.987664905658065,11.91495734952318,55.2004938509379,17.98822414128205,97.39561041652125,43.187377120962765,7.7624026461380025,63.16262946023384,33.05080128885275,33.68872387396851,47.56914580187503,31.425431155926375,17.55253035331665,111.23759805566571,4.361941425527495,4.102471781137333,True,0.4012590711320077,0.7839512499894092,0.5701125844623661,0.7286193282559065,2.4240899783388654,4.202897235399439,0.765,14.0,14.0,1.0,2.0,0.393,0.066
Susceptible_hab_FINAL.db,88,67.35812814497827,26.875468027307832,75.52623885440445,31.09816712124799,111.57230193175575,60.0626577360059,6.559493862077506,84.37517889185285,43.85545085970455,36.01797440999789,70.94034211859821,49.6929877641361,42.82511928764026,143.12701443379237,13.512095300115279,6.568098739028812,True,0.41707837924481816,0.6609242073470404,0.5641287671066547,0.7549130603609088,2.732259529200189,3.8863597939889196,0.7935,8.0,8.0,0.0,1.0,0.5,0.043
Susceptible_hab_FINAL.db,89,27.51066329430957,38.13132305382868,28.451378288641006,29.543793787541635,39.96164385506279,21.736654977488637,34.43964370059126,38.10980769816298,23.488674279716907,25.34586310945407,42.02079941026115,40.63620260777115,48.76948121099599,90.49368253004921,51.11198820027201,47.83031556963438,True,0.47438636733961703,0.6627035480023669,0.48897337094501137,0.7552777506491384,3.1724865367631985,3.5208873254076067,0.9115,2.0,3.0,0.0,1.0,0.1145,0.0685
Susceptible_hab_FINAL.db,90,33.92110685360395,41.22495918673151,35.104855810688974,32.141340769856896,44.97376102291903,27.1747242265145,32.07063454805605,45.04967231703957,26.01797726216646,24.63409661139615,48.85692860299298,45.70248306615658,55.84500698654541,100.93006494948591,51.987608120261726,47.25225629801593,True,0.49814777330693044,0.6525059806304541,0.5294265999105873,0.8056963158612795,3.426051366309126,3.314848299391883,0.932,1.0,2.0,0.0,1.0,0.161,0.043
Susceptible_hab_FINAL.db,91,124.90883519921474,78.94582117146925,133.80220415296878,77.625880893286,156.34771648005918,116.578038902916,36.77638699498051,141.30478172060006,86.29293258328484,64.78867244279034,132.73540742246664,107.18486778019098,111.63256036092265,215.73747937635704,59.01652825695816,47.041845230075964,True,0.5047575598557299,0.6608702296924914,0.4778655119594165,0.8772901164681128,3.4957831644768134,3.0454484543555758,0.898,3.0,4.0,0.0,1.0,0.685,0.043
Susceptible_hab_FINAL.db,92,32.89916557998723,7.724623144710439,37.16134375700412,10.200513131447101,71.80462211705553,26.45672285817915,4.873280188511457,45.77411954795821,20.258347432211718,21.42676957140937,34.19451400516921,22.185373356114496,14.674659275714328,92.4744265261123,6.004501032889689,5.815172494075652,True,0.5221648350738926,0.8209155438299878,0.4797404425257341,0.9095382567716328,3.7752519887211458,4.000690319211978,0.807,11.0,12.0,2.0,3.0,0.3155,0.058
Susceptible_hab_FINAL.db,93,36.225177943875636,51.85889520985568,36.11461119033405,43.42605296157033,47.997506649270456,28.887448024878665,51.66911617230754,47.69689230433685,36.38115986776191,40.91867157853116,51.31536103801308,51.757746448399246,60.4595231653479,97.23444505879367,68.34373823376112,65.00120766311468,True,0.5863850382421342,0.8965724752276745,0.6168211483850213,1.116675197604406,3.047606487955118,2.963878723242982,0.9115,1.0,2.0,0.0,1.0,0.036,0.009
Susceptible_hab_FINAL.db,94,57.7324751144118,16.29439739521437,63.28858459716285,27.397296681246424,117.24138646292569,52.714162633560306,27.425935011675687,70.74760476073273,48.45425513359734,56.80731305720313,48.53552610728372,33.84806323448243,11.648453723202897,104.23612583655304,10.367051738233195,16.05649758905387,True,0.5912906274503859,0.8962531970466474,0.6981857450773747,1.1394934044913565,2.808306549484125,4.48521632095676,0.693,20.0,20.0,4.0,5.0,0.337,0.104
Susceptible_hab_FINAL.db,95,31.00707642628604,27.437374584532563,32.84910896416734,21.056936983785175,48.96512520564239,24.63925658397182,19.10345771522679,41.78952407730583,19.629170026313712,18.130546625157635,41.70737117779708,36.185026326745714,40.705009573517,97.288731166265,34.23358010826576,31.4851082634952,True,0.5393031945842758,0.8319797742118674,0.42381559156929266,1.051455303134414,3.9380113604079794,3.1135391622623265,0.914,5.0,6.0,0.0,1.0,0.2245,0.043
Sus_def_FAIL.db,0,80.55512950824436,32.31625986726249,86.27085980277711,47.43951676726621,147.82032150625136,76.16476357632315,51.59200179785947,92.28014165498914,73.7411967233941,84.16566924885883,63.34262925202368,47.339784529984954,24.110543912824447,109.78638489689548,24.380037448654342,34.08874467236184,True,0.3,,1.5,1.0,1.41,4.350003778156537,0.6265,23.0,23.0,11.0,12.0,0.374,0.223
Sus_def_FAIL.db,1,65.28703996123326,35.94322432740155,69.84114957262847,50.12937571270562,128.67446372943334,60.3915075317505,64.20272937061829,78.2230996254803,71.57966419894056,88.1762826375845,51.73403548807468,40.58271643113945,22.529600080251985,85.44535716811063,36.55483837408834,45.22264648897726,True,0.19104461737539113,,4.772987096504314,4.580996420155357,1.2655959867840099,4.255801177248569,0.5905,18.0,18.0,13.0,14.0,0.1985,0.246
Sus_def_FAIL.db,2,132.49452762272838,90.61803035274019,135.07301049509044,113.25708334821138,212.18164156660302,125.99325100237682,139.8328116926598,143.6192371649721,145.6068131753318,170.95402752303147,103.06932434856341,92.40748294305712,65.88258778835163,123.59804771539095,91.98680705868512,110.28874339933634,True,0.21615379086340236,,4.536129360081194,3.262557421391912,0.37993573350859433,4.655743013910466,0.499,27.0,27.0,22.0,23.0,0.159,0.273
Sus_def_FAIL.db,3,140.69237640147756,92.20564980246098,144.50771134870376,116.72527431961552,224.82883924535594,132.7969924789076,136.63772351583913,154.2898020273376,151.1684832433038,174.63560212994753,111.38680336365563,97.13611412228089,69.25886564290778,137.36499166969327,89.66628594293611,105.50644599602944,True,0.19069972105546945,,2.6559979191238865,2.3241032112012565,0.6415859792428943,4.408179172940319,0.4845,26.0,26.0,21.0,22.0,0.2015,0.2215
Sus_def_FAIL.db,4,100.34318706151251,69.33322845249823,106.5910082475962,87.14400031288314,173.22070927122942,97.03575126052903,103.5965895022772,114.82225225226685,111.70071023933032,132.64523319439326,85.71243639068626,73.36383124215193,49.29533381038541,117.13528643417328,68.7386073656187,77.63019227439929,True,0.2116993943525733,,3.023226153573659,3.1215676271366863,0.6595282741347734,3.892380237085483,0.5115,19.0,19.0,13.0,13.0,0.1755,0.2965
Sus_def_FAIL.db,5,139.72498627182736,105.0812811917158,146.17688756722012,127.06080862805211,220.59828241392213,135.19838611818955,145.80183697625907,155.4586905032074,155.69534691454697,179.67127932706157,120.18926431604419,106.33504654446077,81.17306416842784,145.133985797681,103.72328258847277,113.88939247675009,True,0.3736516094049941,,2.527719394526692,4.847298493720055,0.16923868441846726,4.108675848947793,0.446,19.0,20.0,17.0,18.0,0.1575,0.3205
Sus_def_FAIL.db,6,95.9148038784358,59.31664726211905,98.97141125820056,77.27803303009058,166.75780222305642,91.4184601850676,100.40046425827524,105.907302903082,104.67997684090504,126.05170979865426,72.63107055612645,62.90650291846248,39.35582037848543,98.5507983896594,60.734720894063884,76.66327779617217,True,0.178513613907269,,4.604737198576263,2.6275024593033014,0.5229053715970637,4.125786432881401,0.5545,25.0,25.0,18.0,19.0,0.192,0.2955
Sus_def_FAIL.db,7,149.08350860988656,102.48408442131161,155.78692004717487,126.54130474339206,237.0730738585202,144.93996185787918,143.5297490053631,164.5977109676576,159.68963010759006,184.93471573084952,127.39394653428654,112.41803964013042,75.45592934844912,163.8957872944693,98.2080745097717,110.64100590808422,True,0.09015888297790134,,1.712393162889645,2.4730298043064334,0.3207918211195342,4.473773010791673,0.4625,26.0,26.0,11.0,12.0,0.1915,0.211
Sus_def_FAIL.db,8,89.21174491366733,47.94237095146039,96.43456652055728,63.803034908885735,158.03038142254098,86.29204602075885,69.60148357520085,102.32694354458191,88.73887697710956,100.75912221530595,73.97166233604551,57.57696006002565,37.649105186506475,112.75798026825896,40.49960961346752,48.11526101195199,True,0.06595843209661637,,4.202318020062393,1.0433638657080602,0.9614828215391263,4.259679654104652,0.5615,19.0,19.0,14.0,14.0,0.3465,0.34
Sus_def_FAIL.db,9,131.72775757338164,84.06672147563515,135.2717662510512,107.0344596670974,212.79537608582777,125.13991223669805,128.04841613926067,143.51393920904815,140.49873841710223,162.99251444754734,102.49203986048433,89.26343000953742,62.06734962336593,128.1693544867111,81.81682508648296,98.79131143977716,True,0.05688387917889735,,2.663499126229708,2.1944287282422072,0.45815116687012947,4.456869805475551,0.5045,27.0,27.0,21.0,22.0,0.2225,0.2625
Sus_def_FAIL.db,10,120.85465059330085,78.5032266220614,124.55037173783941,100.49399462382944,199.23505735757624,113.46707706219688,120.20805572746261,133.99568739882054,131.59931062434984,153.56371235704162,94.58149310804242,81.40346222983823,57.945561547625736,119.16999838563783,77.38483283807032,91.84279106002695,True,0.2283952916918235,,4.070455295476273,1.7189642097867046,0.22874717940542905,4.229651245981995,0.5045,23.0,24.0,21.0,22.0,0.1935,0.251
Sus_def_FAIL.db,11,141.91505047023247,99.91690524210912,146.01617249252666,123.26638244001896,223.70073423628673,135.74119502893365,146.19720013663056,154.76548247557815,155.6246678168938,179.97630120737722,114.23562359312932,101.3730912451204,75.89115341489743,135.19252308431217,99.05600020370571,114.75516546142899,True,0.15638624669197476,,3.7662259254643353,3.209633797437571,0.4962249659973871,4.264067385788052,0.4685,24.0,25.0,22.0,23.0,0.18,0.3055
Sus_def_FAIL.db,12,161.59308320391054,118.50766411222412,168.6324886302832,144.11638208063118,250.16858906178754,154.51017378630368,158.53275125237437,180.22238211781664,176.6974933234871,201.12121089164492,139.85682395601134,122.81531941792205,93.8450530303044,169.3022060911066,114.20110977654198,123.27579644313334,True,0.11014273233583599,,3.408097943003761,4.355646462505774,0.3706122961260606,4.2809900435290125,0.4205,20.0,20.0,17.0,17.0,0.168,0.224
Sus_def_FAIL.db,13,102.41364138391695,62.0322686213252,107.18400910932908,81.62294369570303,177.96251897960934,96.84045661226052,97.94010059301054,115.91317368514848,110.0566738370602,130.57485939765152,81.90650874345633,68.88681743806839,42.63105795959656,115.04937746104818,60.25227100845697,72.31580534696016,True,0.06325419975446983,,4.068215849539275,2.757168799956627,1.1955769300408092,4.297004607661904,0.5345,23.0,23.0,15.0,15.0,0.2055,0.2225
Sus_def_FAIL.db,14,207.69068832937103,158.30216729376482,216.16730107609962,188.0981265059676,305.7991766026958,199.69183122827866,199.96851683470794,229.08723226371424,224.7317076145147,250.88573325320448,183.89516234557325,163.6124824327254,130.719764596483,214.08417590700907,150.90381913927578,158.91913870247313,True,0.32463689854896816,,3.5124678922091808,4.309689393851823,0.1280847193085215,4.185536944427367,0.359,20.0,20.0,17.0,18.0,0.175,0.206
Sus_def_FAIL.db,15,110.20649589148067,72.58918460892255,114.93078225688836,92.66291816334987,186.52367255253534,104.91497947719056,111.61775521547017,123.67475718648731,121.05400765914057,143.21755821167113,89.21852503181995,76.84081166131045,51.3100758360991,118.13444808476086,71.9977734564218,84.47147840950143,True,0.13663699886278702,,4.753974424255636,4.5183549111759564,1.3553339687066688,4.300049365013985,0.5125,22.0,23.0,16.0,17.0,0.1785,0.256
Sus_def_FAIL.db,16,166.52364683132936,107.55374434854232,178.48158442064437,133.57126072397685,260.3438248115444,159.50472987149243,124.65484622475961,190.46343609814755,167.61515870758936,182.58898945929982,152.3834688102366,125.71253314170175,91.71963331962456,207.04867982518005,90.56914373727284,90.48601894026973,True,0.3161142847349389,,1.224231828990776,1.2448584019881663,1.414570717219739,4.661891751468541,0.4355,17.0,17.0,7.0,7.0,0.3515,0.119
Sus_def_FAIL.db,17,112.64072613587577,56.93251330263837,120.7975642992231,77.45588693700992,192.85254556091377,106.4167585691878,75.49912727760123,129.70349706108834,108.38110540282378,120.89291469422392,95.44290605864147,74.40034060611968,45.216234451039924,146.71974825112807,44.56277243474736,50.61649045163858,True,0.30239625160177697,,1.3531805095638967,1.1021682711926992,1.415369517522353,4.491492659132063,0.5475,21.0,22.0,9.0,10.0,0.369,0.146
Sus_def_FAIL.db,18,110.25751903908184,73.00365450509638,115.50653539437188,93.37146535821506,187.93160718340604,104.36879139327982,110.13895661814911,125.49907198695014,121.44057402001808,144.07497697319772,91.7127474836448,78.70625942870038,51.21797739998637,124.74561916353349,72.21651010400602,82.73160850666119,True,0.16644375019209537,,4.6378568393245745,4.527556796940352,1.2205799954815901,4.38692297865024,0.511,21.0,22.0,13.0,14.0,0.1575,0.1945
Sus_def_FAIL.db,19,119.59465530835058,56.59169052769657,128.3713447047918,78.08548649250599,201.27707384662062,110.98076699956206,67.92858356411779,138.77383004585644,110.42548104663149,119.03179902921002,102.1906378966713,77.50502078078807,49.68006813329047,159.52350165521446,40.244572529442884,43.72273340265703,True,0.33386947977243064,,1.4707778280714676,1.1612918966012715,1.2638168525985674,4.463853121083105,0.5595,20.0,20.0,9.0,10.0,0.4295,0.0755
Sus_def_FAIL.db,20,103.14487920102219,47.28001719413263,111.04245438401634,66.19977272710648,179.21015355850528,96.61085032626846,61.76432767813279,119.52694610327896,95.83028826056017,105.28828639370336,86.39245104901437,65.01728799075822,39.570822763718475,138.36694088254265,34.20676730088848,39.70202854210361,True,0.2601299598297151,,1.5076899535336112,1.2806617545061696,1.2569692848980885,4.418592870323622,0.576,20.0,21.0,10.0,11.0,0.4055,0.1565
Sus_def_FAIL.db,21,135.44418902740173,69.84204497517675,144.20943335282357,91.89146766227917,219.88023756619265,129.980223373563,87.35747565209022,151.60424356020758,126.32415062212232,137.33988963644526,114.85754063091518,91.70705514847735,58.5529767142685,170.01807817927372,53.49577701133294,61.27177352610925,True,0.2670851135547898,,1.4315153364576958,1.0651649081809098,1.2681952742064149,4.420164025382034,0.545,25.0,25.0,9.0,10.0,0.448,0.1625
Sus_def_FAIL.db,22,90.9981245770576,58.74182107724653,94.71377861859519,75.82682835050839,160.62557056796933,87.16230697155801,98.33986156179063,101.90896859173633,101.27329643296513,122.90458300126154,71.14261437688904,61.68509331871221,38.5359664401186,97.94069956968292,60.82776890594478,74.79577175613261,True,0.27412222670478803,,4.43764895940031,4.876996366217887,0.9482909718911313,4.332116445834028,0.5495,23.0,23.0,16.0,17.0,0.17,0.2995
Sus_def_FAIL.db,23,102.51866328020945,62.418617346326975,107.63081415594053,82.51040719265802,178.5387920057824,95.42576883713434,95.74065622222362,117.85079526388063,110.73271002745575,130.37859881981083,83.02875512773805,68.58497969572878,44.53628319001115,116.63424551692219,59.94898555675071,69.79012860555378,True,0.2546790413829676,,4.982117449549505,4.4456263394242335,0.9775822376667693,4.3263065168910515,0.5265,20.0,21.0,15.0,16.0,0.2005,0.19
Sus_def_FAIL.db,24,108.06545507045351,65.22693353147952,113.23996483397875,85.4931492781798,185.58078818333024,102.53849584869002,100.50021812766497,121.89432916317831,114.97163252971626,135.36412556198013,87.19302507119454,73.2372542074167,45.55164890475812,121.90098432994219,62.19181278364417,74.09755141903722,True,0.337053436592048,,4.178934902479512,3.613924919238813,1.3588568477780119,4.189856208890389,0.5275,23.0,24.0,14.0,15.0,0.22,0.216
Sus_def_FAIL.db,25,198.0259904838468,133.40005550643755,209.610826107865,163.1328063698641,299.8577444896613,190.20715870572923,157.77333073768233,222.18272201357212,201.77204769540242,220.62801751758923,178.78355203021712,151.74770016286027,112.3772366187421,231.18588532371913,116.22698938056818,119.0202435863779,True,0.10534300971799554,,1.9598107235144666,2.0362484567796173,1.4443751504009341,4.394807786008361,0.3965,20.0,21.0,8.0,9.0,0.328,0.093
Sus_def_FAIL.db,26,134.2754617626987,98.88910299674941,139.78296936573938,120.50146000929078,213.95672705599804,129.87141533270906,141.83170075485907,148.37531917835418,149.55123329248866,173.871944996914,112.70310746757491,100.090059617478,74.66423766309451,136.23148401135018,98.49980097903571,110.89651622096783,True,0.2844114457157551,,3.981215631204448,3.7317902150757694,1.1341856170200515,3.9808186686244835,0.462,21.0,22.0,18.0,19.0,0.1585,0.326
Sus_def_FAIL.db,27,121.85585805374495,81.29918313259026,128.95827097549824,102.6108321660847,202.50367886603019,116.76250126873087,114.44533675002688,138.56465550795198,131.44936887937146,152.2082995587138,104.50788699513343,88.62194157484376,60.8220467660816,140.09148883855087,76.84513399098293,85.05904503750887,True,0.29975813123765527,,4.978648110180306,3.0523609778579415,1.2751393721779039,4.131839513105181,0.4835,20.0,20.0,13.0,13.0,0.21,0.2345
Sus_def_FAIL.db,28,88.50625024519815,55.80183655833116,89.38420569764597,72.44662522723166,154.40207289807253,83.37709906339734,101.4864297635153,95.96225774588042,98.78335262638552,120.88525051431579,62.33925724778102,55.675988141793255,36.135538305551314,81.20021789495148,60.93136373335312,80.0224683917595,True,0.3547327145603039,,3.778228297766689,4.332780777704845,0.8926685851115216,4.405191310041016,0.5805,26.0,26.0,22.0,23.0,0.161,0.3185
Sus_def_FAIL.db,29,135.06622883626957,88.47187553872374,138.8416701056797,112.52612999395343,218.06864267145403,126.8611550812116,132.12460381689897,149.110698207632,146.04184428418554,169.42908954810025,106.97722978622252,92.9536136018902,65.94031032570695,133.21699336851648,86.53410796057958,101.56885781596154,True,0.2956557370347119,,3.5228041183538004,4.353040073610982,1.2258660528023828,4.495216300527976,0.489,25.0,25.0,21.0,21.0,0.188,0.2075
Sus_def_FAIL.db,30,120.97165860550433,77.35732343933395,125.44707788977456,98.65487504164463,199.50569496134102,115.74015002348474,117.95671099684702,133.20279346954504,129.6234267337864,151.15564502243456,95.86477087633747,82.7056160196089,56.309464827748315,123.62509865525091,75.03655432991741,89.82608444697418,True,0.41181128089031094,,4.377881346466232,4.6679956166562375,0.9267383157246917,4.2370174307580175,0.5085,25.0,25.0,19.0,19.0,0.224,0.2865
Sus_def_FAIL.db,31,205.7714892782936,158.3449773061776,216.5736786571741,187.11017254163207,305.85319034055743,199.7343716289811,193.8692388370618,229.9813192809301,221.6784591340478,248.5877122007771,190.65753187252082,169.52335418258323,128.70911898611277,234.29422056105778,149.666212726046,153.09819518230046,True,0.30425411259322654,,2.4176816329377107,4.844545129251121,1.133997450952986,4.331292198600543,0.363,19.0,19.0,6.0,7.0,0.153,0.1185
Sus_def_FAIL.db,32,137.84279319889725,96.47228044804928,146.140641980234,119.28827075887324,222.52841513223626,132.38922433083718,128.4286510550364,156.84216722074794,148.93194171233387,170.40065183785003,122.01911464036084,104.32920333115865,74.78325849594007,159.68997422553696,90.58724354801755,96.55570946439224,True,0.23739105897346469,,2.65818011566373,4.426100674642308,0.9711393694423542,4.190891074554776,0.453,18.0,19.0,11.0,12.0,0.201,0.2105
Sus_def_FAIL.db,33,119.43472849495383,78.5735996951655,124.08607093559245,100.51028959904798,198.77962740569137,112.21435851654311,117.874724831946,134.38010813252396,130.64671543134816,152.90686993880348,96.65748019904038,82.86498273351945,57.528881824223056,125.4279016797438,77.10095627001516,89.11205508991533,True,0.2544488780019133,,3.7936142191391418,4.820863513658566,1.1991892627352048,4.292336901508346,0.4985,22.0,22.0,18.0,18.0,0.177,0.214
Sus_def_FAIL.db,34,194.4382520874646,141.7357482816034,202.44231942228123,171.11617344534295,291.90401746726025,186.34130240216268,182.3462959811733,214.89389757389392,208.4033588254928,233.6732093368402,169.6881905161771,149.51225780393187,115.04130182969813,203.0194542096987,133.76078663885926,142.89766813396233,True,0.4014764484119103,,3.050278653581723,4.384412575968935,1.0231502254592002,4.304774792771341,0.385,22.0,22.0,16.0,17.0,0.1975,0.176
Sus_def_FAIL.db,35,183.41492677216712,136.7013081564777,190.44604177982762,164.31419678185293,276.3216434495647,176.39271642129816,180.56042407801084,201.78951760820647,199.5180214309242,225.5811156216542,158.4980966100558,141.0367504846867,109.56863091025411,185.9952942845626,131.74338315237324,142.60654910945507,True,0.3491199580338661,,3.1253369732250746,4.469524770573077,0.7176140736724187,4.298542836652493,0.3955,22.0,22.0,18.0,19.0,0.1715,0.239
Sus_def_FAIL.db,36,93.55333371534209,62.940261179111296,99.39618425318241,80.87320520467681,164.96244526338026,87.42919505217657,93.86587329995902,109.88514856022574,104.78141139650492,124.04139746584384,79.43772382692757,65.93210784550193,46.130167669735506,111.0564926974802,62.33184330006397,69.01056479785649,True,0.3538385893267249,,3.0465567890291414,4.585133866992345,0.8540165454548482,3.95786832446221,0.5215,16.0,16.0,14.0,15.0,0.166,0.2325
Sus_def_FAIL.db,37,111.40486901597966,67.70281655457728,115.08938043918285,88.5963776942346,189.1799024408428,105.15102946682364,108.15427197846974,123.82946537353159,119.32413962515801,141.5749497882756,86.98504115964047,74.76369681263242,46.26284684120423,118.41377868653039,66.69123362573788,81.68291967902948,True,0.3977530325457559,,4.034147303920293,2.922720298826497,0.8033659291565639,4.491235000414177,0.5355,26.0,26.0,16.0,17.0,0.195,0.2005
Sus_def_FAIL.db,38,125.77723368276423,80.29567069043765,129.2735809653079,102.4702635340492,205.59384717045404,119.69478957758187,124.30637275061315,137.38397023740345,134.9090481592152,157.8645019936408,97.97483842350019,85.60559740347514,57.781824525279866,124.50011715386158,78.97327961903159,95.80038205296418,True,0.31985353540185457,,4.116828448962829,4.911403077530446,0.8892512464930186,4.344994716461968,0.5125,27.0,27.0,20.0,20.0,0.207,0.2565
Sus_def_FAIL.db,39,148.26657928626486,98.51151379273749,153.64804045623504,123.81164706460501,236.28759516800272,140.94453050836185,140.17786424263704,164.05372677532435,158.62105215317823,182.79279000990434,122.39409918639717,106.55997518304915,73.87144959371551,155.09611349856493,94.2006378201352,107.47310133441543,True,0.39475276905893464,,3.5107788389363015,3.4417488780006336,0.7838060991686215,4.498776720266687,0.468,25.0,26.0,16.0,17.0,0.1965,0.1735
Sus_def_FAIL.db,40,131.57158262585637,93.21165208266757,137.9413104592866,115.11371767116982,212.4895946278334,126.57457563391335,131.53807755383093,147.20939349431723,144.46241691557185,167.07340625641058,111.61107966059886,96.99818060965852,70.78084318345537,140.30287271957602,90.5417722940038,100.77202548206716,True,0.33790782807448483,,3.8759686251038326,4.625614131941672,0.6905775185698861,4.124558918139929,0.465,20.0,21.0,16.0,17.0,0.185,0.2845
Sus_def_FAIL.db,41,186.74656400385302,136.77445024748124,193.66246170113575,165.00565088678545,281.20949889549297,179.5573307246716,180.96684646253428,204.79251822028183,201.61812654389266,227.6677280376371,160.31446240011547,142.40320979066985,109.33588650681352,188.96936288679538,130.9588783956126,142.72045582600296,True,0.3224841441857068,,4.269712987318222,4.442812637386982,0.7621022981023623,4.267641800616962,0.3975,23.0,24.0,18.0,19.0,0.1865,0.226
Sus_def_FAIL.db,42,155.14830356733202,97.13430246111746,163.27036566364336,123.28355229946621,246.558578019021,147.65968547150845,127.48551717619264,173.97378829349853,159.16803291535723,178.20105540801475,132.29392169235135,110.89400688271947,77.45315004051945,175.24839047730595,85.84540987315928,94.19171074209203,True,0.35126100995641607,,3.4640170474205423,1.833565872543033,1.3456679182409261,4.433493274858178,0.459,23.0,23.0,13.0,14.0,0.299,0.152
Sus_def_FAIL.db,43,140.18721124387247,80.6353948087235,146.02083861524167,105.44441350723619,227.27142143320606,132.2668479491254,113.9201765414165,155.48222543219555,141.7459027016228,160.20930424383616,112.97379710559561,93.95849649095959,62.190010148861184,152.7956323176317,71.2565375388305,83.96049016506956,True,0.24794547990742843,,3.2792869552748387,1.5497777090563458,1.2577166314089312,4.592028233653926,0.5055,26.0,27.0,16.0,17.0,0.311,0.156
Sus_def_FAIL.db,44,119.1197937345063,73.75755822645468,121.90957718238589,95.32107852530825,197.1600224375793,112.56097342064791,117.75391100063047,130.01111416223827,127.52094130094528,150.10724396620657,90.6723739377283,78.93159059128737,52.02012570560524,116.92217516207452,73.12904331646826,90.68841336999105,True,0.10388763350437205,,4.892546083237228,4.871459565527108,0.5454615957787363,4.51772844627754,0.5305,27.0,28.0,20.0,21.0,0.205,0.241
Sus_def_FAIL.db,45,160.46366379318687,103.55041249792762,165.7397762764869,130.09518345447847,250.7980894541476,153.16002928973984,145.74177921881756,175.06219381046827,167.6876613599094,190.56451431710215,130.3878415496684,113.28405849603722,79.82735575646969,162.75295211746743,96.80432624407854,112.20051413600079,True,0.2451184979041574,,2.8763152942832217,2.0699185805233062,1.218140780035353,4.572957091292492,0.466,28.0,28.0,19.0,19.0,0.256,0.204
Sus_def_FAIL.db,46,135.41304061495583,89.32802630161169,140.75172516285994,112.76987919846707,217.9434696678419,128.33213755170377,128.05446977916554,150.31919921203996,145.22312061544434,166.25043726352334,109.99349703481624,94.05310001617822,69.01993689081708,137.63581631638132,84.92941915429708,97.31326563757813,True,0.1816802680727657,,4.3010535808186425,2.0887746094284876,0.4569449677801867,4.264828434371289,0.4755,22.0,23.0,20.0,21.0,0.2295,0.261
Sus_def_FAIL.db,47,72.0452787715729,46.99710913636054,73.75599788560635,60.44253358941684,131.19324503618589,68.72160723321008,87.81433148907401,79.13027218758272,82.30630863043203,101.6626883410519,50.63787259977723,44.4405855665301,30.83044929403904,67.73848680269943,52.52389581328313,68.96945006777246,True,0.2302969612933321,,4.373483479177817,2.9805802819520877,0.4021997624036212,4.314647917371809,0.5905,22.0,22.0,22.0,23.0,0.177,0.407
Sus_def_FAIL.db,48,120.9331867026189,75.52679735454444,125.0108055415244,96.70821327574193,200.91771840703302,116.37669635760685,117.80993485988546,132.4472631369428,128.48481322469968,152.05767748344,96.20608774469468,84.35270893645202,51.50430788913573,129.34928461099145,74.03202913611332,90.37029388022103,True,0.1172954953941267,,4.089464643417437,2.0959895684935903,0.7751528272606969,4.46608625308874,0.529,28.0,29.0,14.0,15.0,0.202,0.219
Sus_def_FAIL.db,49,119.28691244324159,80.6644140559558,122.64861682726138,101.31126927131764,196.8682116409666,114.78049729773554,127.0918580009606,130.36809232429528,131.33894506569666,156.72627296678203,94.63058526523741,84.88208709928752,55.32893550600187,120.83140981982783,82.41695876893166,99.32188297271206,True,0.07721302759453849,,4.896495363663918,2.9537856631240165,0.5234497045720303,4.593373187844769,0.5175,27.0,27.0,17.0,17.0,0.1505,0.2615
Sus_def_FAIL.db,50,117.87260036408489,74.03506033193004,121.77062136099433,95.50806524318537,196.11004789766037,111.55780436038671,115.0039594802679,130.29308906902259,126.65164090341713,148.33590841400667,92.09902666975934,79.15198425753775,53.2855747587904,119.69372473867321,72.3548892747254,87.34514206774782,True,0.15311934674266223,,4.196025259998321,2.1958555323188946,0.708461460096879,4.440218591864784,0.5165,25.0,25.0,19.0,20.0,0.211,0.252
Sus_def_FAIL.db,51,106.89784005517245,65.07975691431612,108.22823827538039,84.88507935002227,179.56613389927645,100.11514923069812,110.56571026394887,115.74968556835864,115.4571452579824,137.37761289579072,77.15584235855911,67.5113507113046,45.03461507094716,98.53143520030117,66.84542597302595,86.16124882815258,True,0.12273017798222971,,4.491137899262669,2.765698260794014,0.7095267871891684,4.54489765657943,0.5575,27.0,28.0,23.0,24.0,0.1965,0.2725
Sus_def_FAIL.db,52,145.50557793221327,96.67884256186355,149.97395891421257,121.46146720584525,231.81934827857162,138.60187237476367,141.3513504443934,159.59584806480447,156.15421331334983,180.9674768157812,117.86475691673135,103.6679826870211,71.47113322943389,147.5615112796752,93.88924775768794,109.36468448981,True,0.15015902815808568,,4.2640452464793945,2.282282001372717,0.7585826897285823,4.603812872737804,0.4785,27.0,27.0,18.0,18.0,0.19,0.2
Sus_def_FAIL.db,53,122.29474197244357,88.63922167709717,128.24684457514994,109.48922230328901,200.44531441059837,116.93600608428427,127.08835466982792,138.24184305126084,136.83312268187277,159.90954444950592,104.23054209340444,90.89300739516186,66.40494074189655,131.96614765882077,88.05441270330068,97.51590023579783,True,0.2629710441674365,,4.215997861839687,3.486018358763465,0.17531782877921714,4.279118767988877,0.475,19.0,19.0,16.0,16.0,0.1485,0.268
Sus_def_FAIL.db,54,192.20834273042323,139.08779135220095,195.1381021827177,167.58236866167096,284.2696491552649,184.7684450432429,195.97614960610574,204.00260898578824,207.20943992635594,235.81700227476867,154.77202120687048,141.54598942393704,109.25430106254382,171.8070923998396,137.47570980879127,159.00580033171616,True,0.23564670826767217,,3.8260556562333923,3.3803421099804334,0.23308421760180315,4.404985346772092,0.4295,31.0,31.0,26.0,27.0,0.1795,0.285
Sus_def_FAIL.db,55,156.41673480263628,113.54067592949642,161.1478770048767,138.40723922957915,241.73621397363945,149.930913945811,160.76417085809055,170.73388549839183,171.7610235802347,197.3135633476062,128.8850384649759,115.11404804912793,87.88904625844918,150.24068956020972,112.10035861671065,126.94224154612596,True,0.3242983640508477,,4.658682048093489,2.4152734008392174,0.13116083589153393,4.251762813944367,0.4425,24.0,24.0,22.0,22.0,0.167,0.292
Sus_def_FAIL.db,56,170.1779446749774,119.92297916699106,173.95535896496068,146.80248030399383,259.84149865960507,162.8214339964463,171.03290386115108,183.47914171912188,183.98276553930623,211.0715489538557,137.77955436855288,123.9489076036894,92.00698776325254,160.38313554402697,117.87538878552655,136.0576096632535,True,0.2084153630888383,,3.7799720147334552,3.6338618430336274,0.4723801704221471,4.74388570665092,0.4465,28.0,29.0,22.0,23.0,0.1755,0.242
Sus_def_FAIL.db,57,106.60611750419197,64.75089129861374,112.31412234426845,84.92409347671057,184.08570842736663,100.9456334418478,98.09696157252814,121.51399917346338,113.66549620309944,133.60675601818383,87.53369606584481,72.98191658284273,45.70383400096952,123.68880059871928,61.33677315140423,71.6055378995692,True,0.20461724446541052,,4.513485958221155,3.6546786633800945,0.6369489805685722,4.181977331512049,0.5235,22.0,22.0,13.0,14.0,0.2175,0.2055
Sus_def_FAIL.db,58,150.66123685354665,117.03484537264255,157.1101097954589,140.08862196261242,234.03248543562114,145.6215108586435,160.20983329338495,167.45634169792189,169.23967388712808,195.4700638323962,131.3981983353443,117.85491730849651,90.56308676842036,156.2660644013351,116.70450591028182,126.66411102011763,True,0.25043303437631853,,3.8993523056071657,2.9372948724755776,0.5476336227371595,4.082326113493057,0.43,19.0,20.0,16.0,17.0,0.1165,0.2845
Sus_def_FAIL.db,59,96.32237241427359,55.6325867885638,100.58941439444104,74.56371008291576,169.41263623508686,90.2017903322078,90.27630395747195,109.03131427776147,102.69973758091601,121.46102773387443,74.60487408052187,61.43787670238453,38.69868474461183,105.6721375723937,53.63035553894067,66.06426529764369,True,0.25419243636695665,,4.749819164948755,2.5708714056748363,0.5524170512257098,4.258113621253082,0.5475,22.0,23.0,17.0,18.0,0.228,0.243
Control_hab_FINAL.db,0,66.37238140863356,24.938292780053487,72.77685963285032,27.71513332603275,106.94238001615243,60.641051641933146,9.33786884647695,78.79340072905903,40.99959329811436,33.27743593355731,65.44363496079198,47.0115684531539,40.52733990414651,132.88207213678925,13.234091396215273,11.6102637507963,True,0.7,0.64,0.36,0.45,1.37,3.9838932553744257,0.825,12.0,13.0,3.0,4.0,0.524,0.1155
Control_hab_FINAL.db,1,110.5858545249686,48.77889195103687,118.86562990957748,67.7410552488786,187.22770909017777,103.81176859961668,58.977972897308256,126.94564934792893,98.5437327895954,105.42920647233234,93.30732293847127,70.13237572619326,43.629840997259905,150.4007116577162,32.8321455056902,37.997236656813925,True,0.4819194869333162,0.5886885248132862,1.4655484221976904,0.9829901468466027,1.321123346675184,4.580632512372248,0.594,21.0,22.0,9.0,10.0,0.463,0.1325
Control_hab_FINAL.db,2,31.240203640953183,5.676588986367177,35.49461844391373,11.294833662738693,77.80338621920565,27.321448843453332,15.71043811148516,42.44291554188957,24.872393123508196,32.510600097564875,27.712130328096404,17.66423984428134,3.647790605792912,78.0434599844438,5.704993258171995,10.302255966635476,True,0.4570067682396939,0.8212386121401327,0.5095417134150473,1.0668972811524777,2.312406731156579,4.4560524329528635,0.741,16.0,16.0,4.0,5.0,0.272,0.153
Control_hab_FINAL.db,3,42.89811592708968,62.84650603639754,41.80234722939943,51.62225100740248,47.97911822967523,35.87088882548608,61.104274962729534,52.75649493065989,41.68229710830877,44.736622400475106,59.44628283615636,61.9187838550224,73.98042095901764,104.75038139178729,81.38857950699735,78.43701187630192,True,0.8791376496515115,0.7562331239379085,0.25831974146932823,0.24242657493569314,1.8590617953877588,1.3728958050207676,0.9535,1.0,1.0,0.0,1.0,0.032,0.0175
Control_hab_FINAL.db,4,110.54046715318297,54.51242216211154,118.44137681151142,74.0237861616483,188.0986157080786,105.18554985096571,72.6281752136596,125.91010108553498,104.49023702575553,115.3768996022477,92.17744858036642,71.50818383772275,44.64225551045993,141.34737679655825,41.80498484475896,49.02828504985465,True,0.6268405768808398,0.48548753711659454,1.4977895524745917,0.4401146509830596,1.6063972501482668,4.6957283227382876,0.5595,22.0,22.0,11.0,12.0,0.4045,0.206
Control_hab_FINAL.db,5,71.69785872001695,27.518044888486155,77.930246676033,30.964927427120998,114.59624751288703,65.56592300746577,12.49485853430204,84.51759285144288,45.432924604329266,38.97303497204046,70.75253430961777,52.428903659857454,41.36423861571661,142.78062003016814,15.803675573216996,14.655759722066314,True,0.48180605759453005,0.6429580987761763,0.5634235446541921,0.6048924277576747,1.4970607625722383,3.482040808708512,0.8345,14.0,15.0,0.0,1.0,0.5095,0.043
Control_hab_FINAL.db,6,142.60402345342533,77.42647841539765,148.16604084524278,101.45686442750282,227.7374200864049,135.2391947348892,108.02326297546472,155.71872138983315,138.76750395659874,153.88047527357563,112.65561987362211,92.80884161862832,62.47571406782927,153.3500783314073,65.63333085313141,80.09620332280136,True,0.7652626356267975,0.5150794591854658,1.4944263118551064,1.0482977650312022,1.0069825579573148,4.5376914614230826,0.532,28.0,29.0,18.0,19.0,0.3915,0.2
Control_hab_FINAL.db,7,124.87245609817685,67.26719193335154,137.25564857307089,87.2098706590133,206.24384396754476,118.07839555945239,67.63005702015101,148.25705980518129,115.58934494905061,121.6556642362181,117.98485598234569,90.17038876901395,62.553798132480864,183.99833462555426,47.77607931218236,43.17314566873708,True,0.8425442921497006,0.6795419296264323,1.0698809622745895,0.5795534244662978,1.5778518251371965,4.561488801978352,0.536,13.0,14.0,2.0,3.0,0.4435,0.081
Control_hab_FINAL.db,8,96.08275059325638,39.3633182187338,105.7276179280094,53.41532033053213,161.1369145315299,87.95462341583459,31.27612048671258,114.80501159229445,77.60503789550111,74.90187700430795,87.39245675155307,61.12181285229161,46.971537613417944,150.8011539759416,20.44526484262127,17.523660089655138,True,0.8040564044941596,0.4668502405388162,1.2457011214338496,0.3552131375970685,1.8355831068259476,4.241794448395471,0.651,12.0,13.0,8.0,9.0,0.5395,0.125
Control_hab_FINAL.db,9,94.36400782361008,40.01097088983458,99.48085184138371,45.39489228479706,142.01056524886525,88.35938365228675,29.89215729485215,104.77053251483616,64.60857125757228,59.67404945023839,87.13526536233647,69.16693028634533,51.03816015895633,161.59078291963388,27.17043208292787,31.1771232267925,True,0.7014357169697,0.718875428719246,1.0153258363832731,0.6008364793532739,2.7377800218005586,2.9434395597198626,0.848,21.0,22.0,0.0,1.0,0.5415,0.009
Control_hab_FINAL.db,10,40.024192494371604,24.134958646986806,43.042947831097656,19.142014469028446,62.18133436667395,34.45966522394848,11.370105541716711,50.131733944044655,21.47636754644141,16.491195639250257,47.61471962471134,38.51735320587406,39.8685142168679,109.06784708965809,24.92337768299347,22.97165431982227,True,0.6719803631822484,0.5711608594659034,0.23300679925710693,0.4519197422682978,1.0193509154259848,3.0166765301261345,0.9145,8.0,9.0,0.0,1.0,0.3425,0.0685
Control_hab_FINAL.db,11,49.80421154389097,18.141561691591733,55.33016322787458,28.622442312053185,108.25681679669049,44.97509761538657,32.47801421181388,64.14317316707708,46.95185313354821,58.86612675087416,44.531271720090004,32.06943577383651,9.975829488593035,97.4556547992871,16.206968498360155,20.334355122136714,True,0.49414133535045107,0.7902575397369637,0.5737254457393999,1.25058759366534,1.9425803961623207,4.444907787942838,0.6755,17.0,18.0,2.0,3.0,0.24,0.0865
Control_hab_FINAL.db,12,21.028338564697183,19.828947053463768,22.28592059857359,16.053965868168355,45.45708706213889,16.17273759132579,24.4325608010967,30.85153307210713,17.09077593087752,23.143063651991554,28.592855757471362,26.053466965373005,23.48164819024855,77.94959860145981,30.264309841418054,31.640104706288746,True,0.4387106483218424,0.7860285496695887,0.3388845119102189,1.1114034046785615,2.372174393272936,4.041510121155037,0.8635,9.0,10.0,0.0,1.0,0.1355,0.0685
Control_hab_FINAL.db,13,25.69355481556952,13.093439013364089,28.862904193626328,15.59585998394728,65.00680664828717,20.42571105595237,22.00595004631467,38.38588860151382,23.52371231008107,32.81040683623958,28.932624464023988,22.28884323142277,11.114966285537378,80.26168243105349,18.925415135339893,20.579539252281155,True,0.45982365063872943,0.8399363175769754,0.6217463156388423,1.2193762137164919,1.9532390016173262,4.504162182514252,0.7785,12.0,12.0,0.0,1.0,0.156,0.0515
Control_hab_FINAL.db,14,32.419030864619,48.74827274559914,32.568694362668246,39.810833983298004,43.439683978229276,25.992594663663414,48.2579323763847,43.36142913412944,32.309635493051864,36.4864849872917,47.927120193718444,48.50636383704777,57.51107924342857,93.38458046459132,65.01763619596238,61.7576950687301,True,0.5210169065343753,0.768599266277868,0.3279973076536333,0.9332360395997129,2.9328385635216683,2.127082833385562,0.9105,1.0,2.0,0.0,1.0,0.0475,0.043
Control_hab_FINAL.db,15,97.76317391804483,39.606217068653784,108.04331908632102,52.58147026858259,162.42747754854219,89.36879256159307,25.497510697109128,118.06622173018454,75.7191487910599,71.99647089406898,93.68043702203434,66.70679518678214,48.216062597458674,168.24820948870638,19.66964703408279,14.146252435096885,True,0.4410045888968555,0.8486947143683224,0.8940514028270853,1.2638697797245038,2.9909315850921816,3.7079354673773812,0.6855,12.0,13.0,1.0,2.0,0.5385,0.0095
Control_hab_FINAL.db,16,66.18179756442176,26.120899165504813,70.12763624865627,27.8732167115418,105.1077703659143,61.01035595145322,18.245638112565185,75.470268154398,41.42857618741602,38.01749565204805,63.21635138134576,49.647439572159705,36.82563469819617,131.56306440592644,19.281376196578652,22.838421470560654,True,0.41834817394414137,0.851347803225082,0.9861464119798868,0.8658277489072935,2.737447726308454,3.165036139125955,0.8705,18.0,19.0,0.0,1.0,0.455,0.043
Control_hab_FINAL.db,17,256.6283073315059,175.7776301188318,275.25965297849535,206.52819816516083,363.3325579731331,246.75877417430013,167.11655604223262,290.07425212430996,245.45206238174745,249.19109898099995,247.62658022609037,205.65950657343498,170.9017134504045,324.19189058231643,141.28120834981357,128.3961586568719,True,0.525523605739954,0.88426714959193,0.9195833958975045,0.810675943176874,1.75034625338521,4.105171860655004,0.3775,9.0,10.0,2.0,3.0,0.5765,0.0295
Control_hab_FINAL.db,18,25.51391658216137,11.19714769795634,29.523393798169607,16.238911866262924,70.27237184714599,21.378330301404766,25.151896137193276,38.054337251649265,26.776856923287333,37.89342054881051,25.34137402492417,17.63188203927218,6.121412615015444,69.82306305516306,15.741291184644084,18.749145995058775,True,0.5569505139180873,0.8468597234522456,0.3270151663311487,1.142963217197962,1.1598987631528672,4.781720537000216,0.717,12.0,13.0,4.0,5.0,0.169,0.156
Control_hab_FINAL.db,19,17.386599793344132,21.519812636677223,17.96689941090879,16.858541717652457,37.60672739699993,11.172232129737427,25.84456549834835,27.522507277835164,15.733705695691302,20.735882412465166,25.186609230250316,23.229052300158628,27.787984372151175,68.4497494939917,33.77817084981466,34.12610750442987,True,0.5113987787750952,0.8485970105196828,0.22573139357224464,1.1170934958297327,1.1391443056104893,3.044843391043759,0.8645,6.0,6.0,4.0,5.0,0.115,0.096
Control_hab_FINAL.db,20,191.8358577059136,127.72048445574276,206.89333954312124,154.64225551246994,289.2565835295685,184.24364248821257,133.009989517122,220.09086712178123,188.90626724154092,199.39388371121288,182.57895368294737,150.12921827345775,116.32654461100172,246.90642476576943,104.33822579659667,97.64970806039845,True,0.6781710758082168,0.8237756663927946,0.9318680109180584,1.1557744712311235,1.0831280431502261,4.2120415558837765,0.4135,12.0,13.0,3.0,4.0,0.4255,0.085
Control_hab_FINAL.db,21,63.82112172212151,17.895439981361168,70.75705679360776,28.252739267302037,122.07899219527194,57.65289435955329,18.082914730308268,78.98226090277852,48.626220992018794,51.62077783262957,57.76531010950787,39.33493294594042,19.532434745472496,121.66855914617919,7.538273981777986,8.914900144241969,True,0.7528230955751021,0.7054795692473578,0.5976851695119589,1.2344906979015524,1.6158717631714077,4.420275673423168,0.7145,17.0,17.0,2.0,3.0,0.411,0.058
Control_hab_FINAL.db,22,46.19012118088136,16.802800145018573,51.388259053076915,26.61802481442198,102.85400815093163,41.303662397038394,31.402918366401863,60.35598102212102,43.90208032165953,55.93733839170467,41.58546083784203,29.960100675390983,8.882967234343532,93.7375289699176,16.01067173910519,20.090117260982893,True,0.5710387823692453,0.8942857914698545,0.6303191458459821,1.8394248747028845,4.914122723755026,4.126528675430244,0.6835,17.0,17.0,2.0,3.0,0.225,0.0845
Control_hab_FINAL.db,23,100.73097302971169,50.195150124890546,111.55355817695315,67.84463466745854,175.24896184257187,92.81840133189056,50.92237823749023,123.2607971598824,93.05982953666631,98.70424877395781,94.7868255378196,69.41968719654712,47.574848764849534,156.45262449315362,34.37062911200336,29.863787513292106,True,0.583598520369929,0.8909221614474983,1.9223769348130602,1.6263131597709088,4.591733586971931,4.15278273839065,0.568,11.0,12.0,4.0,5.0,0.401,0.073
Control_hab_FINAL.db,24,90.24795822948988,50.192957941426585,101.04505427404514,52.44780505588928,130.75025997747508,83.97278241255536,17.29623618301602,109.08209872107088,62.309817572005414,47.64516264081486,99.11365838483948,73.75722012698047,73.80249678391696,174.8360186743932,31.746604951923924,18.94066652560181,True,0.4004726293780357,0.33528170383136474,0.08241493846133807,1.8637027532978687,4.020878065425757,3.6850649989060766,0.79,2.0,2.0,0.0,1.0,0.5995,0.127
Control_hab_FINAL.db,25,52.63701403147194,79.77884032517971,50.14567731875111,65.63962699105119,50.289009642759936,45.7313106658831,78.51161661280346,60.7421669110272,52.26305088125984,54.89988181204353,70.52762097882267,75.94718773555121,92.54992135951537,112.2469527754983,101.90068061583356,99.663831356016,True,0.4110190033112623,0.8788455604620307,0.10631395565217627,1.4717435400742183,2.3483401700312223,0.2993819648399878,0.9905,0.0,0.0,1.0,2.0,0.0,0.034
Control_hab_FINAL.db,26,122.02958494012381,65.09592670247845,133.11552998589684,70.88693052234962,171.00004634362668,114.68674114989254,31.262642476539877,140.66755192095528,87.43260499661298,71.4392414100433,124.58761637154662,95.56456107101297,88.7463967221426,207.27777269951616,40.97749339064874,30.674310912267384,True,0.5822264886721891,0.24581039320835069,0.6393085939573756,1.5332663553091668,3.5376373521416293,3.678843231621781,0.788,7.0,8.0,0.0,1.0,0.692,0.0685
Control_hab_FINAL.db,27,77.04171313719404,36.367838569827974,85.00484715414453,38.10801711996686,115.77769833326164,70.10192048768813,10.663799097427422,92.71948828538507,49.080741028700196,37.487442123776304,81.74824500314017,60.37063885015945,56.91559148974812,156.14613695578495,22.036914992598934,14.655395017475891,True,0.5688345119057345,0.20014441624123352,0.6511456539118824,1.4960860776485267,3.221915559545312,3.698066400227034,0.835,7.0,8.0,0.0,1.0,0.55,0.06
Control_hab_FINAL.db,28,48.81195825110315,15.204350020611386,55.9181567109532,24.389501959946628,104.67182312242056,45.37766338469993,22.11046537801684,63.001129616721414,41.581463067109084,48.351636956347996,45.04308691799065,29.937477779557312,12.49988065449605,98.97945792657173,9.228830350440063,11.072621095512668,True,0.5565522488088213,0.7343525072183248,0.6598343606536774,1.4590845041264393,2.3959034975499263,4.387931533066859,0.6755,15.0,15.0,4.0,4.0,0.3365,0.185
Control_hab_FINAL.db,29,41.929570333821616,10.061935717198667,47.955197995855116,17.61911021997725,93.78758299719522,37.423793795901126,15.230757686685752,55.76284329474423,33.22537374067261,39.312569192733754,39.37570473817836,25.57143186570614,9.030674580752601,95.8565008858694,5.792100884018159,7.570553401625901,True,0.5247850563235567,0.7594372636857337,0.613136585629226,1.3631601698829223,2.3894607226867106,4.196439105269954,0.7175,15.0,15.0,2.0,3.0,0.3165,0.117
Control_hab_FINAL.db,30,25.69270579211173,38.65991644777281,26.112932876268186,32.159776754927016,42.877541499999,20.157008146253954,43.92766555152806,36.38493422626388,27.69566852168116,35.11749103056393,38.35410588537914,38.94778388888003,42.594635824403305,82.47012890286744,54.597927201339886,53.562155251183675,True,0.47651800707037006,0.7218000194499241,0.5033351803634963,1.00018455150376,2.1651628859087837,3.399424907157884,0.8745,4.0,5.0,0.0,1.0,0.036,0.06
Control_hab_FINAL.db,31,39.17961866438421,62.21064880952637,38.387040836264276,51.44693470643577,45.625682131910175,32.81296166059367,63.227618098823484,49.37341190642727,41.29462183487647,46.36421334317624,56.33031001882713,59.39039631916349,70.8054688074453,98.9857699201431,81.82188081028318,78.78636097534374,True,0.42247256877847406,0.6847243871707397,0.42933513928087885,0.9287267688106411,2.138659614275792,2.4587564996314457,0.929,0.0,1.0,0.0,1.0,0.0,0.043
Control_hab_FINAL.db,32,38.400888016759296,57.93563120788622,37.088059653867866,47.54356449598419,45.14310655737217,31.50336401125182,59.22574134597338,47.90135845356967,38.583156760275855,43.01683810891157,53.35305428303935,56.23107029607487,67.3034418260106,96.45995047370641,76.96388430148684,75.23108959781133,True,0.5068475794948655,0.8715981464703957,0.09717816250878641,1.1242332923065579,1.0513827207077184,1.2565207187305292,0.9405,2.0,2.0,1.0,2.0,0.021,0.031
Control_hab_FINAL.db,33,39.39763458326625,57.94850919272105,38.95368512157865,49.43534415078528,50.639941601336325,31.86358569660613,59.650338903210034,51.07377392293293,41.65504111968531,47.48158690725762,54.99893977871096,56.47396294510096,65.44220476887963,99.27048719773059,76.11225812829694,72.80433440201452,True,0.5081287696561724,0.8880001145072727,0.06957978549304122,1.1579368528042522,1.0202092556530487,0.9328742245376056,0.9085,1.0,1.0,0.0,1.0,0.002,0.001
Control_hab_FINAL.db,34,13.538952529690258,7.365670707812907,15.967543126386984,8.836044866935929,49.00919466653991,10.213692315050519,22.295516915068557,23.13126467786205,15.47224536494275,25.446217890742446,13.846069645924072,9.533012008414648,4.777408658668187,51.70830498718428,15.644566193728416,20.214445050473422,True,0.5137981167294371,0.8770575602821191,0.2710786108023444,1.1330153316250682,1.0607399508408277,4.6664565822634785,0.7555,11.0,12.0,7.0,8.0,0.1535,0.228
Control_hab_FINAL.db,35,68.82915212938181,30.250911175819194,77.19968003888864,43.80143925224646,134.41966907029826,63.95300022878922,39.52767713176857,86.2494731475773,64.89481383152761,74.14561542848188,63.26344176344032,45.15454273474525,24.002463758267254,117.26451377263135,21.943234560700716,22.45003562216848,True,0.5101539965283757,0.8977283215188555,0.36226904067388943,1.110303299031125,1.6251764988605315,4.328612492476007,0.6105,14.0,15.0,4.0,5.0,0.3215,0.149
Control_hab_FINAL.db,36,92.00561275376141,38.82428242784039,102.36023061691014,51.989491169411316,156.7238930819282,85.84648666154386,31.130981082619364,110.58649646265582,74.78313847614017,73.30793551693799,86.19864851068695,60.888177650710254,44.41897463178926,150.9281616980664,20.644400773557194,17.18195184235686,True,0.5018369703564513,0.8069550232367431,0.417029959970486,0.9824945646096074,1.7203543892373396,4.224612615986422,0.645,12.0,13.0,5.0,6.0,0.5215,0.15
Control_hab_FINAL.db,37,24.720288426754134,38.468045330358464,25.102374748252316,31.568823974357485,40.54292063876322,18.920734083510705,42.61796948356489,35.44381665494797,26.518254184007034,33.01697853135374,37.56920470237676,37.974643862690016,43.758558974619014,80.71097712115271,54.335011757854275,52.82371567178933,True,0.6047527765472881,0.7823558340565524,0.44494023949297895,0.8646484751687247,1.6926982751816668,3.18694619725193,0.8775,3.0,4.0,1.0,2.0,0.043,0.0715
Control_hab_FINAL.db,38,47.091407264556736,13.448110306346978,52.987335479539226,23.49876050162044,103.56298051039973,41.70157683894644,23.284361722780904,61.50037733914003,41.57553626525135,49.83187090265812,41.23993773292078,26.878802819258546,9.792631844774917,93.11577675001115,9.204275017341004,12.119451407585878,True,0.5970549385278074,0.7779633920250345,0.42179691954963827,1.3105897071978523,1.0711866764769202,4.870598118496645,0.6795,15.0,16.0,5.0,6.0,0.298,0.1285
Control_hab_FINAL.db,39,55.41179106031647,26.79550179133942,59.41077270044934,38.7525395223132,115.91761216929993,51.87549723050125,54.06704518961938,66.86612695089326,58.796327168238776,75.97018721326776,44.46610381973254,35.55372585656535,12.36929667837375,85.43791581503119,28.876341615714537,38.59649636841901,True,0.46208078222622556,0.8875752099093883,0.4344781977165315,1.3795496757026062,1.1469219433289735,4.427756144882224,0.6405,21.0,21.0,7.0,8.0,0.184,0.182
Control_hab_FINAL.db,40,59.148331836318775,22.4394128588603,64.72249639602279,35.0156657797378,121.97618818022372,54.17746434901083,39.67831686610002,73.22251162072843,56.30014736887411,69.05911992266307,50.214627904705594,36.79019119415935,12.700260542206713,101.5328255039453,19.10524360680151,24.968726166902748,True,0.4722103253365807,0.8970441151258318,0.4024742767224771,1.2826374884148721,1.7299358832155716,4.532060949890776,0.6525,19.0,20.0,4.0,5.0,0.26,0.104
Control_hab_FINAL.db,41,51.99576790084709,14.525174354809371,57.10988956854122,24.360741824912715,108.98727105421906,48.17220638206995,27.77812101193192,63.596491723061156,44.07415461253615,53.37460566991372,43.31740417258157,30.522574690307614,8.78942694719029,96.50021825064452,10.515411874243608,17.3287504524969,True,0.477487589133775,0.7566456137572817,0.6572483998755845,0.7988636380932856,1.844210814330368,4.467586947336993,0.7,20.0,21.0,4.0,5.0,0.317,0.1405
Control_hab_FINAL.db,42,29.323657327295177,46.41922501841436,27.88231209951435,37.91080353102453,40.01981218927304,22.7293815981335,52.644665167586574,38.27065163682464,31.333301892490866,37.84031631963919,40.94217785042974,43.88595349086273,52.84935843756915,80.59123560072749,65.38128682846339,65.80125450660502,True,0.5101212543845934,0.7995122459003849,0.15440685265589515,1.104869562378154,1.0597991981237174,2.0784984344135315,0.9125,4.0,4.0,3.0,4.0,0.017,0.062
Control_hab_FINAL.db,43,52.72604966426992,79.81365554056866,50.23242998660555,65.6944181496961,50.41352635572207,45.79228485458343,78.53273403853117,60.85098824000251,52.340481442261506,54.97455379040508,70.60067585701589,76.00112278234229,92.59215621097081,112.35368138660871,101.92160779448267,99.67648278674477,True,0.5230304334423092,0.8117865651287198,0.15479294822728018,1.065333231461587,1.0802053523624269,0.289991693118382,0.9905,0.0,0.0,1.0,2.0,0.0,0.033
Control_hab_FINAL.db,44,16.622534962894367,29.22356403156072,16.382201038505215,22.28906855340392,32.38804567458424,12.32482348608447,37.666071450448364,24.768286248879722,18.30049218090343,25.713283548508358,26.305056171805084,28.102957301394973,32.901462851989436,65.70775259235462,45.662968606748926,47.545576549907146,True,0.530843185313487,0.817397439045523,0.23370199497468452,1.1006266740106396,1.1053359200684312,4.004730059734988,0.877,6.0,7.0,3.0,4.0,0.058,0.1385
Control_hab_FINAL.db,45,24.99231570663474,9.561094151922365,28.66462647269728,14.554816815574114,68.61922280565781,23.229932856241795,28.186464894069672,33.75945157840444,26.28570279637417,36.60813183797379,19.4383131926647,12.427889608707567,4.706526805808339,53.70709193292937,13.504754815002263,20.601294358806552,True,0.8976020315534016,0.886823796501585,0.30303994792515987,1.1422652737446317,1.0126140600432083,4.712914239595711,0.6965,14.0,15.0,11.0,12.0,0.229,0.3405
Control_hab_FINAL.db,46,33.68382860868475,14.813563749109603,38.36469890045844,22.216892123493846,84.19352439824422,30.321611606090986,32.11502852919285,46.21741842703037,35.76537668981124,48.42531392502097,30.688543513082323,21.855685395065212,6.870084724711796,73.91555728681597,17.624102191039704,22.02256918442009,True,0.8836100781638423,0.7792917961581807,0.3536475759493103,1.1332979229126956,1.051954651610374,4.685536847411745,0.6795,14.0,15.0,5.0,6.0,0.187,0.193
Control_hab_FINAL.db,47,38.6488921759505,17.070885881937105,43.98229332470394,26.002860285280025,91.50271641989548,33.35862198573231,31.40546039940029,53.530095254671,40.4895334700567,51.67070456830057,35.47192060458684,24.055379176229312,11.22711267686826,79.3339671791851,17.80730952894941,19.859513600766164,True,0.8912863205615535,0.8876861700158574,0.25546189039075184,0.8987765834937682,1.0206364486820336,4.483916216618463,0.661,12.0,12.0,7.0,7.0,0.204,0.1655
Control_hab_FINAL.db,48,43.40573396832812,26.05622249597309,49.404094980332665,34.58109909551012,95.48561836635957,36.08945024575458,35.18167963962341,61.90119213151364,46.77162374275009,57.560136625728326,45.62849096200904,33.1187990276284,21.623054317600502,94.24470321727006,27.256199245355543,24.44396813303705,True,0.8871520414357152,0.8866104445745164,0.2329252640833539,0.8134596387494198,1.00371450931435,3.845803534984504,0.664,7.0,8.0,3.0,4.0,0.157,0.062
Control_hab_FINAL.db,49,165.2831982380208,105.91261630378635,176.45386780080605,131.8527146913695,259.1452169069169,159.34163198837007,127.34182115687969,187.14750545620188,166.6855128512505,183.2841269790603,148.87719783618087,123.97009285847139,87.82925631846074,201.46737553568218,90.22430906304302,93.16673402318634,True,0.8886255528828718,0.8821074388419833,1.534212289788884,0.9471223530903943,1.0380160403689227,4.704759199293017,0.441,20.0,20.0,7.0,8.0,0.3445,0.145
Control_hab_FINAL.db,50,26.53231643347811,30.041212893087998,26.822219472188213,23.023647214262905,42.3611903174753,20.47344069003471,29.175977271822447,35.83950566838639,20.29160371511235,22.720003499935576,36.51776595314714,34.84566660280489,39.433990415530005,85.75661573858257,41.861216267639556,41.65504756997183,True,0.8143703631255462,0.7740180719673742,0.27232743314407754,0.06397949076130349,1.4737037099557984,2.984553956446045,0.915,6.0,7.0,1.0,2.0,0.142,0.0525
Control_hab_FINAL.db,51,50.276342242950165,31.147498677760368,56.260073981402,26.908364093067554,74.4404342120039,44.0559813642699,7.237979063488776,64.3361084789231,28.864142646870754,18.62837548074207,61.758596162294126,46.91907397606034,52.62522614886257,127.8021176499951,25.84123185945933,17.372564438343037,True,0.8017354078724653,0.4281328006108253,0.30359735357688933,0.07417537191124335,1.5297827471920082,3.755710100688864,0.882,2.0,3.0,0.0,1.0,0.4245,0.094
Control_hab_FINAL.db,52,36.58605987990919,8.616875445060423,41.13059749785164,16.676263129298462,87.46363952471057,32.39117353499117,22.50059317705444,48.03746651419404,32.722225098060676,41.36093309500423,29.31171493577773,18.065531102066863,5.111485315603695,73.5504951923896,7.589755982113594,13.233924618849448,True,0.4773077688921102,0.7971090289421559,0.42163898622707435,1.182884231189131,1.7367847656654358,4.451540319709095,0.695,16.0,16.0,9.0,9.0,0.283,0.216
Control_hab_FINAL.db,53,61.52461587896837,24.116798568849934,69.49798688875542,36.08759326650008,123.6381338611819,57.46016772704254,32.54586045816538,77.4954677877245,55.92223731387216,64.05384681104313,56.296244546681095,39.218785270172106,19.280511040661,110.24547569838803,16.356721378866325,17.620821323421758,True,0.47303926791258116,0.7889568615675258,0.5008882743188723,1.21897608225117,1.8408780774588684,4.382184082316788,0.634,15.0,15.0,4.0,5.0,0.3365,0.174
Control_hab_FINAL.db,54,79.40509594254618,33.04132280537634,87.90716902096027,47.839583824275756,148.2339102703008,74.62721036365846,41.93978650181275,96.11726794793432,71.83180866089506,80.22286972172044,70.8454309158789,51.32891980691757,26.946354602785476,127.93810940700487,22.075052646658996,24.191986632568916,True,0.5874502565626348,0.7992721263290353,0.6399814232270118,1.2206876883135218,1.6175786613020842,4.316646832844689,0.6135,17.0,18.0,4.0,5.0,0.3735,0.141
Control_hab_FINAL.db,55,45.85309847169964,28.45783786705502,47.23018612050063,35.88253967549758,94.86916391562495,46.78087173612656,65.76968750880908,49.333463450334904,52.19705175679577,70.47878707919804,30.94679670577159,29.06065259235955,13.088718778054995,54.70886670263451,36.815375731160195,53.97169561326675,True,0.5544537706452981,0.8115279478359472,0.7265833786838787,1.2234096910944792,1.038952996472859,4.0510939796383,0.6685,24.0,24.0,15.0,15.0,0.175,0.429
Control_hab_FINAL.db,56,51.23831750939775,79.24767048164989,48.783508235773525,64.78884205542609,48.32261583805932,44.78159724937136,78.19961140385328,59.02689925011576,51.05003550792674,53.73100376095215,69.38461653042472,75.11010058958733,91.90003733892159,110.56516860042541,101.59171936014144,99.48728206704908,True,0.5468008791688024,0.8987714993207062,0.07603174955075298,1.1811536908416522,1.1030106259146881,0.366975504730887,0.9905,0.0,0.0,1.0,2.0,0.0,0.05
Control_hab_FINAL.db,57,51.386306764170364,77.71566443433845,49.053832520190085,64.1034378095474,50.22767721675527,44.30340961925377,76.61880312432515,59.87455101418897,51.23421367896187,54.095858691526985,69.04045662205554,74.05773842779368,90.13329028240082,110.97356374576404,99.47542256303976,97.08449146490473,True,0.8968323630675941,0.5924081603438224,0.1387424576845891,1.0814384518527937,2.439046753450797,0.5535241192048345,0.9835,0.0,0.0,1.0,2.0,0.0,0.0285
Control_hab_FINAL.db,58,37.807046515308095,23.777189291991053,42.783779977071106,20.723827104725483,63.84522260146952,30.4339048559669,6.787265994482819,52.738225021587446,22.66199081667385,17.182713445258887,48.9621242553748,36.392962283734114,40.46183419682644,110.92602157589083,22.563494792459394,14.956074136084954,True,0.41599436988150695,0.6297399526520612,0.355481704014734,0.9777992976584421,2.5251228653612388,3.9811887165994952,0.8625,2.0,3.0,0.0,1.0,0.325,0.043
Control_hab_FINAL.db,59,37.18519712185555,54.93082764223292,36.86642813921601,46.65990575606008,49.24794669840314,29.92094510712433,56.99034296630737,48.69249744796412,39.38395933560503,45.38981892958706,52.37448043143353,53.66520626909924,61.94234117446233,96.64093577915813,72.71265063174691,69.70800757217785,True,0.4119255715391318,0.8863166776306598,0.41868775001460473,0.660285996228496,1.5973772458907423,2.624973405075419,0.904,1.0,2.0,0.0,1.0,0.0075,0.009
Control_hab_FINAL.db,60,39.86197731776005,14.129829445159992,43.59189650067805,22.387297155770355,92.73645661428478,36.44336314364787,34.00086761297361,50.67611911027402,38.803467954290994,52.29609818356626,33.14474917398156,24.832916097088933,4.620905334708983,79.62569241874404,16.43015555602227,24.2700553347656,True,0.6424228374174583,0.7835476227475411,0.42304235046603655,1.3343162759933203,2.407890920573762,4.538268430587707,0.7015,19.0,20.0,4.0,5.0,0.206,0.147
Control_hab_FINAL.db,61,59.722388112645355,24.11085419509088,65.05038409270115,35.91096213220044,119.23896735326946,56.80729682674445,44.09337767710961,70.37538407947397,57.08942062424481,67.8362450522919,46.495823915020424,33.54275757183598,16.465302458319954,86.35370330065325,20.273354751952112,29.015443362631952,True,0.613937474393246,0.7837024542940382,0.7446755138399386,1.4490405878984514,1.6888540788757962,4.189506901660317,0.6345,19.0,20.0,12.0,13.0,0.323,0.3035
Control_hab_FINAL.db,62,15.602468345138185,8.771518357991987,17.82099332189002,10.87135943068451,53.12357176440132,14.561510409189676,30.006135918698213,22.882763457161218,18.955351922612117,31.427571995333473,13.066532156540735,10.387924266981518,2.301956058130877,47.088716212514655,17.85761895925768,25.987083467333328,True,0.5157271164599759,0.816352738826885,0.29889719377443535,1.1557708975689946,1.0098886682825594,4.296422916429563,0.7375,15.0,15.0,8.0,9.0,0.1535,0.3055
Control_hab_FINAL.db,63,47.0122644037119,69.90272052030008,45.68305455116038,58.55801278964913,51.472770408680844,39.54250701581854,69.15740045215178,57.372011358268985,47.79716889736321,51.78536254288828,64.39052745668266,67.5386371097548,80.39237820696084,108.35041698852747,89.84981996498712,86.43047562214747,True,0.514801966356414,0.8988089659007453,0.06372074578077183,1.0846392056908305,1.1213576342002134,0.5423743428995255,0.9505,0.0,0.0,0.0,1.0,0.0,0.004
Susceptible_def.db,0,76.92413868020424,35.830488527886914,82.56894627275645,50.89103668442483,144.5941458165469,73.57149761330697,60.31901156858942,88.79313828835976,75.8703629295187,90.18650277498432,61.43111832221403,47.693539985855196,23.130250261903882,103.94100912686109,31.21483325402407,41.17296455668751,True,0.05,,5.0,0.1,1.5,4.584042759712977,0.6025,22.0,23.0,10.0,11.0,0.2985,0.242
Susceptible_def.db,1,32.96411127012877,96.22391318705257,34.54061906354075,68.09430953004492,8.440862659011403,50.49723549185563,103.82032887974984,25.813173384960535,39.47463121225482,43.12491031203247,62.78205204090923,80.12539592243104,102.5275563204404,80.38947949130599,124.3351897854366,128.07718038326365,True,0.015103726892147278,,6.704538976457596,0.6004232743671417,2.211823492551386,0.7859687958795712,0.9485,1.0,1.0,1.0,1.0,0.079,0.907
Susceptible_def.db,2,13.174517610893606,61.149468972235496,14.303881387828307,39.83385422434861,2.642834153123446,25.9888156356671,73.18359798342387,9.28124371842793,19.505793459488547,26.347083607663027,35.72191658828547,49.48130305727498,63.43467767851878,58.087227905627216,86.27184976277609,91.55011891193386,True,0.3672639220259967,,7.521287655363398,1.1102922793461993,2.0164348949199082,1.9302900975115402,0.9115,5.0,5.0,1.0,2.0,0.0675,0.725
Susceptible_def.db,3,97.78966362665909,40.46247368544576,108.1196217513261,53.756275265910105,162.64613632938153,90.23115468739688,28.827132447163375,117.1621668282765,77.22276906648833,73.7848778017929,91.9743270867222,65.21461642282081,48.53714559917608,161.42019103022866,20.59313657572627,16.17896699202923,True,0.24837696044513902,,2.0488688096158327,0.10966387647359355,2.913010359932934,4.160220788748927,0.6655,12.0,13.0,4.0,5.0,0.5485,0.0865
Susceptible_def.db,4,119.24340360513877,58.38580541951376,130.33913357714266,77.28337869880033,196.37505013187584,111.73391186302979,57.55240796480468,140.13245222148782,106.0426085947231,108.74676392062759,108.32139500837577,80.53954584989214,58.146109099579206,170.81621860952328,38.18389205180707,35.889956874407034,True,0.42367891808314245,,2.195991293370329,0.16947918629128852,0.8940637454297724,4.648938805193677,0.5685,14.0,15.0,7.0,8.0,0.5035,0.126
Susceptible_def.db,5,136.8170658002881,76.77965185376495,142.09430294585263,100.65998827686188,220.28077549490044,128.86500596876118,109.1241968138637,150.45954109251468,136.51467577980515,152.3120220401295,107.31402912777943,88.24320120367051,61.86447993597044,142.6200396210509,66.89689836209925,80.67742840523381,True,0.1293538048629546,,4.080869173441826,0.09892885128442934,0.646955372489222,4.6731238134388535,0.5175,26.0,26.0,21.0,21.0,0.3565,0.228
