source_db,trial_id,LOSS_13_hab3,LOSS_13_def2,LOSS_14_hab3,LOSS_14_def2,LOSS_15_hab3,LOSS_15_def2,LOSS_16_hab3,LOSS_16_def2,LOSS_17_hab3,LOSS_17_def2,LOSS_18_hab3,LOSS_18_def2,LOSS_19_hab3,LOSS_19_def2,LOSS_20_hab3,LOSS_20_def2,has_laziness,param_id_threshold,param_sensory_prec_slope,param_k_shelter,param_k_threat,param_delta_stay,metric_entropy,metric_n_ch_co,metric_n_co_ch,metric_n_co_sh,metric_n_sh_co,metric_t_investigating,metric_t_shelter,metric_laziness
avg_mouse_fit.db,0,58.28150604608442,24.467899152417957,47.748780884520315,54.759326087643636,61.19646629374162,42.95726730002951,35.38134933401783,63.4093836771946,26.90893938753606,71.38403393375278,14.009387722273303,28.19668746462526,25.458569232029653,25.410531845755276,19.19386389954267,24.75983715441359,False,0.8015743608573949,0.6011800254071928,1.2736228068154438,1.147344661011073,,4.457998186805288,25.333333333333332,25.333333333333332,15.0,16.0,0.31233333333333335,0.2301666666666667,
avg_mouse_fit.db,2,74.86252586847905,49.05117711751463,79.58065704448317,78.78685920368243,73.29954667327375,60.61019533739673,39.09654282389643,92.8312625675093,27.86658020327874,92.15751242499188,25.500267606144902,42.82425595767916,42.2460627230771,41.143027046925184,32.93940725955743,12.169987675719202,False,0.5742840331174175,0.6215214928358852,0.22480772473888935,1.7346718772664866,,4.205041161688423,17.333333333333332,18.0,8.666666666666666,9.666666666666666,0.48550000000000004,0.18416666666666667,
avg_mouse_fit.db,3,60.13274506170514,32.46346915947563,57.21099393871353,61.82196701315338,62.097111435161665,47.31080189274188,35.09196493619899,71.38739331838622,23.232509077004337,76.4278378241301,15.952799744867871,31.20829051712382,30.564895555185338,27.835872931176265,23.690448594360348,18.15698883668532,False,0.8163622957972614,0.36641156895310734,1.265337881665785,0.38305317569543296,,4.343365885894198,22.333333333333332,22.666666666666668,14.666666666666666,15.333333333333334,0.3925,0.23866666666666667,
avg_mouse_fit.db,4,94.2902453434071,70.74798923290862,105.79501399166236,103.32765420225317,90.35577087060449,80.04845909809973,54.95044434943248,119.97160042468919,38.73099269429296,116.70501966678572,41.173753324294125,60.986995676475985,63.254380020072865,59.02054561587351,53.09573405197945,19.402455684447055,False,0.9261522852179309,0.26511368566087584,0.5233836336875819,0.4480286271136128,,4.323086510481887,14.666666666666666,15.666666666666666,11.666666666666666,12.666666666666666,0.5628333333333333,0.10616666666666667,
avg_mouse_fit.db,7,23.422259625601303,8.481883763738677,17.242349493319566,22.008847402199464,26.917598983695814,16.09407359954325,15.751808315229457,26.00545506337773,10.546603807094545,31.730547773475006,3.859679044646395,7.964243168602911,8.90517560812956,5.394432520011831,9.743514797870333,22.357517811518512,False,0.8692809472215088,0.8328583503636546,0.7808570704680913,1.4714341426805009,,3.9062905883068986,19.0,19.666666666666668,16.666666666666668,17.666666666666668,0.2285,0.41083333333333333,
avg_mouse_fit.db,8,57.576505809072174,35.597740896755106,60.25977478786686,62.55487991049866,57.825920645318405,46.25320914098003,32.34914882016329,73.16909315012796,19.00327441661956,75.39016388673497,16.331739364052666,30.814115577732238,32.41200062751895,27.707343089880162,26.345137601442055,13.470908505566586,False,0.8577793133053033,0.5688196055554677,0.6218024797022081,1.7013254004993785,,4.34651491330343,18.666666666666668,19.333333333333332,15.333333333333334,16.333333333333332,0.42616666666666675,0.2305,
avg_mouse_fit.db,10,78.18550791154895,54.35899253801834,85.54261255265862,83.8275129925449,75.84476295269309,64.43917340354153,41.71494734326419,98.57102601926438,29.353245515734294,96.6712336577603,28.97224005923651,46.55352578203647,46.93203686393682,44.83787576737138,37.68722137194816,12.839709235069204,False,0.7065319143569028,0.556588789852014,0.35261821891611145,1.1342291801098006,,4.301270690639892,16.333333333333332,16.333333333333332,9.333333333333334,10.0,0.5083333333333333,0.17233333333333334,
avg_mouse_fit.db,14,71.70392000281389,47.90997526505466,78.17439285926136,76.2466140298581,68.78331289939737,57.378797637263304,36.18113736450628,91.14699195802432,25.09301509284308,89.07835139650882,24.377639641926763,40.736535448550825,41.24018188376909,39.645786285138854,32.82507451316369,9.82395383055133,False,0.8715105234325904,0.6061412453629199,0.28531140422073226,1.7889325732454069,,4.296016712148517,15.333333333333334,16.0,9.666666666666666,10.666666666666666,0.48233333333333334,0.16366666666666665,
avg_mouse_fit.db,17,103.92757244977477,83.45165941508758,119.21797019311482,115.96513914308211,99.81489312738358,91.20967811356861,64.01687702623104,132.79358850027924,45.4312257694325,128.43678955868324,50.65086098117202,71.25284629342559,74.72064336690924,68.68247538031663,64.22017015192021,25.05371894596734,False,0.8649441484705004,0.19232268716210518,0.4829082712503131,0.6017925498987959,,4.086738424081869,13.666666666666666,14.666666666666666,12.0,13.0,0.6058333333333333,0.11249999999999999,
avg_mouse_fit.db,20,104.68322100092284,73.52215526489904,113.77225802553194,105.84719567177746,96.2667815797735,83.12372795509356,51.762337192444036,128.29150910087927,45.838117286924515,120.26473557550227,45.5270938499182,65.05674418925655,62.82331458349466,67.879564782723,50.52122889636829,14.751646956518693,False,0.9365702473215584,0.18384508632735924,0.2623496909936246,0.5069370003161853,,3.7491222169745035,11.0,11.666666666666666,1.0,2.0,0.5401666666666667,0.017166666666666667,
avg_mouse_fit.db,21,107.3929060536681,83.65002955679677,120.47806345321207,119.044383538606,104.2410712110093,94.03198882001445,67.72253310565355,135.37801961158453,47.86626927258225,132.8933385737379,51.12276278473239,73.11814193420099,76.11700548299295,69.86751152813382,64.919120427672,27.798464750630572,False,0.8818467091717095,0.35500216359340664,0.44118984353841517,0.9365994592778184,,4.175707899839117,16.0,17.0,13.333333333333334,14.333333333333334,0.6038333333333333,0.09983333333333333,
avg_mouse_fit.db,22,111.90547972255962,92.80626140565978,129.48716504908253,125.62168854918413,107.49112582377595,99.76775003003135,70.9775322767615,142.85707553943712,51.06384750387998,137.69862475959496,57.88884852386638,79.17463065120523,83.26402211387018,76.36135879219087,72.376310365581,29.454674329096704,False,0.9365591311052256,0.2582254064924103,0.5306563548904722,0.2964989106161221,,4.093168645500782,13.0,14.0,12.0,13.0,0.634,0.10866666666666668,
avg_mouse_fit.db,23,99.52397303743473,74.07513018030198,110.22132825184468,108.89589772070651,96.20826421909231,85.04345085017692,60.01347236819899,125.31949522394561,42.36382718963815,123.15211430631598,43.91641870319277,65.03184508196902,67.16501218831965,62.44707763442963,56.359979707388085,22.833635718191122,False,0.9266653935754894,0.2357764780635847,0.46181761608042726,0.5653645845808479,,4.358671498911523,16.333333333333332,17.0,12.666666666666666,13.666666666666666,0.5716666666666668,0.09566666666666666,
avg_mouse_fit.db,26,65.4410629787918,39.05679734316457,67.91502272568692,68.0896826652663,63.66379705729782,50.63675999268985,32.80362588399918,81.75026436458162,22.222070697204543,81.97325924426275,18.63580780082271,34.54629303531987,34.41185547189703,33.11536139757461,26.577253926114597,10.042619459182145,False,0.8938105959377852,0.5864623897680734,0.34261179034049255,1.0039449578566382,,4.47662113205205,17.666666666666668,18.0,11.666666666666666,12.0,0.4411666666666667,0.16966666666666666,
avg_mouse_fit.db,27,48.57193663639224,28.59769172335605,51.34698668570052,52.352876686284425,47.804225733801225,37.122035086426656,24.304678448918487,63.29509173193416,13.433001405195343,64.27535224356318,11.334292278645714,23.586958928726006,25.35237897110852,21.526427660519634,20.614720739476066,9.10652552234684,False,0.9266906830862293,0.70069795952195,0.3810040404773451,1.0607413001168187,,4.4800035229085315,16.666666666666668,17.333333333333332,14.666666666666666,15.666666666666666,0.397,0.23616666666666666,
avg_mouse_fit.db,28,46.67409533177778,26.724241174450142,47.34921877512015,51.11937389602642,47.649996265593316,36.585302184736456,27.669007133942664,59.939320182316145,14.558220922937533,63.58383684507426,11.186195302411065,23.247873420784536,25.753263733794032,19.796938369651215,22.00083037758256,15.232604279933579,False,0.728669397205751,0.6409590281197053,0.4841268761074715,1.1045103194386021,,4.50154763511683,19.333333333333332,19.333333333333332,19.0,19.333333333333332,0.37399999999999994,0.25666666666666665,
avg_mouse_fit.db,30,44.44921221450276,20.088358055570275,44.59268907646682,39.47840608499284,37.944205301337576,25.903698610295912,10.78706990282118,56.070366453168134,12.045044815353936,51.496882775638944,8.06942416407637,16.601184570999372,15.222781502201766,20.323915155426064,11.047324429962032,0.5085512022318984,False,0.6624238657038732,0.6655428896474781,0.24842824971114388,0.4369773565726126,,4.174539206796642,10.333333333333334,11.333333333333334,6.333333333333333,7.333333333333333,0.32099999999999995,0.14483333333333334,
avg_mouse_fit.db,31,40.638204024435,23.101314811804478,42.54237320633874,44.721315351822035,40.54127487884005,30.66148534197715,21.67681506183938,54.07964469269313,10.332749270276047,56.127543867628255,8.259294085750277,18.660808085283673,21.49682992294638,16.10427076761402,18.636769313417666,11.163303693166986,False,0.7331609035340296,0.6326486265197737,0.5356401098860754,1.0299774851207852,,4.464239655618776,17.0,17.333333333333332,18.0,18.333333333333332,0.36283333333333334,0.2615,
avg_mouse_fit.db,33,61.791798188650404,41.89775428622516,68.63982151059116,67.82953717881436,59.75511818935585,49.83040662785113,32.0911117099408,80.82905266086593,19.525653410606488,79.70266833334897,19.83656525880403,34.44322104210246,36.536781124168705,32.49697479995211,30.001183701030396,9.672673372525509,False,0.6036304407531382,0.5768989094572244,0.47181161662716026,0.9483114222120552,,4.409376986761614,15.333333333333334,16.0,13.0,14.0,0.4613333333333333,0.19999999999999998,
avg_mouse_fit.db,36,82.6187394166773,55.734822838259724,88.97974298954212,86.24382856092724,79.34773322833577,66.70532327282427,42.1406135966175,102.46689548541222,31.947852857767508,99.768217429071,30.436830797010302,48.57146629181039,47.62032410759185,47.92744026200592,37.36580044675712,11.902303430217607,False,0.7405182248749219,0.5069111406888346,0.22132407871049412,1.5914950773686223,,4.220718158279744,15.666666666666666,16.333333333333332,6.666666666666667,7.333333333333333,0.5078333333333332,0.14383333333333334,
avg_mouse_fit.db,39,54.955064554977795,34.043632010354564,58.76784914823181,58.29111294869613,53.85185031324896,42.836198462669216,26.177745184008934,70.31278002308123,16.595716276890276,70.00115507388858,14.71244354548294,28.060006311531076,28.54777634543727,26.482683279164142,22.29176514592507,7.719573517332874,False,0.6559386581953929,0.7099617033259294,0.2104063474540691,0.5114113278775507,,4.379077509034787,16.333333333333332,16.666666666666668,10.666666666666666,11.666666666666666,0.4263333333333333,0.23850000000000002,
Resilient_hab.db,0,118.43807535189623,73.43680867423599,123.96969204330411,126.19171840135432,124.47322095139651,106.422394642706,91.23894086564418,140.92183434969783,67.13442232228631,151.7112065909976,47.2446008008909,75.85250908520175,71.01567277118554,70.41848650196427,47.17549796912478,36.33000166830614,True,0.15,0.15,3.5,0.2,3.0,4.437247389550706,24.0,25.0,7.0,8.0,0.497,0.1705,0.6675
Resilient_hab.db,1,151.81112828348154,127.76717429561054,175.48918169789212,170.27893709837906,149.40790161616763,141.00722867005703,108.34674534480753,189.75304494586933,81.0106685192815,186.96908379180044,85.96656812591274,113.10500282217727,115.79839601482762,109.01068216778384,100.2200183309087,48.33472460197005,True,0.3024580721799295,0.1814805079430321,1.859655152044377,0.31234840237505257,4.817122782147093,3.9899805620203534,14.0,15.0,8.0,9.0,0.726,0.092,0.772
Resilient_hab.db,2,135.51247661458234,98.26810308043773,151.56734473057293,147.58866732010878,135.89391556721787,122.36351092903948,96.27071432216187,167.22766033640852,72.20585189089672,169.60249194071883,63.36671680087232,92.30079886517503,90.08286277506602,88.85205457705757,67.74882214081059,34.22657938940769,True,0.31289562394043313,0.06854267481640983,2.795177510031426,0.17187355722997896,5.687049601238425,4.263146093622495,17.0,18.0,4.0,5.0,0.6175,0.094,0.7005
Resilient_hab.db,3,140.08318490427956,85.92950183823964,142.65181999645662,147.78200094195202,149.1075483467346,128.26728386459362,119.72877360689034,162.02112351321136,91.35009511406138,178.37339499930852,62.03541295736996,94.40119241733474,88.34457767670193,87.3500381676003,58.60989210772486,58.26054084821877,True,0.1428272862802693,0.05364180876411626,3.6364903851393446,0.4104823908087206,2.304153277852656,4.607342583863712,28.0,28.0,10.0,11.0,0.45,0.1475,0.6035
Resilient_hab.db,4,96.87915525725424,51.79284062879191,96.2372688260012,101.4913288030871,105.31983736391385,86.66876915568855,82.9481549234138,112.73199426708604,60.618607065755846,127.8293049598942,34.95347368847901,59.37357677676812,54.54612694513199,53.52896804234044,32.83947243035442,39.779746992993914,True,0.14520944521648643,0.12001389018452961,4.044011943311042,0.5733413837020603,2.7711426170635427,4.528115380791329,26.0,26.0,12.0,12.0,0.3625,0.23,0.6435
Resilient_hab.db,5,101.09166441158398,71.53157665819728,113.48900124614637,113.78345350851063,104.41897846223814,92.40081538004073,73.81562987783272,127.65601314100097,48.98031079516348,133.15767191782868,41.883574817040916,65.95694898402314,65.91199933865671,60.496131279183835,49.942560823045014,26.162051380540625,True,0.2508733912774208,0.15044456490577784,3.5559751837875804,0.21482682520558685,5.549739042041462,4.30338993780826,20.0,20.0,11.0,11.0,0.554,0.2045,0.7285
Resilient_hab.db,6,101.15697467568421,69.5881688930379,114.007415661965,114.72405165505123,105.23077806339342,93.23702014829581,78.34197067009099,128.6508843805994,51.31439901673497,135.8616170592407,41.00646661218654,65.96364078921097,66.26003513769408,60.00914106396128,47.9347672791358,27.918536731885943,True,0.3671474591661569,0.12995120454518652,2.8773885295842208,0.4432503572276566,3.058330846670649,4.173215040903867,20.0,20.0,13.0,13.0,0.529,0.1935,0.6935
Resilient_hab.db,7,142.80241443317198,120.15513066498931,166.17267326017108,160.241703170236,140.041009480282,132.0732859495486,99.89605268471848,179.61546913973035,74.51668923291916,176.15481289336077,79.75360920320004,105.34076443957251,107.86081356514504,101.86088358373657,93.2117635429077,42.76897622129695,True,0.26204969181514287,0.03307189816199258,2.145726229188237,0.16352678861904982,3.7111704796037297,4.058329843344601,13.0,14.0,7.0,8.0,0.707,0.1075,0.774
Resilient_hab.db,8,152.42430196470326,97.01305879492338,156.062281034938,162.16790137737462,162.50679171375424,141.66550359850106,134.3996993919273,176.09678928140124,102.5974212158434,193.99858019885403,71.9149074636883,106.12769613648997,100.61448062748427,97.94501245684593,68.91850523427792,68.81280117795026,True,0.19192137475524026,0.18514308375652136,2.4625665532153045,0.4185898834079803,1.580352474142158,4.623229573282454,29.0,29.0,12.0,13.0,0.4615,0.142,0.5845
Resilient_hab.db,9,93.20885418814387,64.05145593441614,104.25631239318781,102.71038861888773,94.15575442366281,81.91405048612899,61.46175467317682,118.09299300348673,41.55361808466052,120.98303473650853,36.087888719617474,57.920997982156955,57.1940494145902,54.55198485865947,43.58049544410156,18.391322717911233,True,0.29561385239833393,0.10228435935322538,4.600179579011966,0.17464012483831517,4.216147117261721,4.055433117000669,18.0,18.0,8.0,9.0,0.536,0.1785,0.752
Resilient_hab.db,10,68.32011537518432,34.82441524804065,70.94651020780103,72.88810214992115,73.30526621281714,58.66390102477229,51.00173953172256,84.34439882485724,33.68589118327075,93.54795681597138,17.784457502463404,36.43473860423708,33.71761700274461,32.56879856074018,19.28293367324518,17.959389211144806,True,0.15435053779263125,0.1363768161669565,4.214863836404064,0.2556062605910834,2.96326676825782,4.358231956461516,21.0,21.0,10.0,11.0,0.377,0.2605,0.7025
Resilient_hab.db,11,106.19926642210811,58.918265596186615,106.95459107341162,110.54820613965681,113.05960517904337,93.59585408862127,83.81499949329518,124.08112837734487,62.30700017806363,136.98609841868483,38.380928698062505,64.86696987811601,59.105214537112204,59.89363369744339,36.14479825882499,35.383931911222426,True,0.1747609273647664,0.1474148356801033,4.680819845486047,0.45580767844305425,3.6851656614006796,4.408791130673976,25.0,26.0,8.0,9.0,0.418,0.1855,0.658
Resilient_hab.db,12,104.61630386381057,68.09381441977142,114.10771494413498,113.95495708888913,107.50638308577894,92.87363328636987,74.68683476720777,129.55385635725477,52.11970739082507,135.78845114006674,40.30722549060938,65.64821884077072,63.420398605895144,61.38632844804502,44.669262121194826,24.618743888825037,True,0.11493035903478938,0.11190761272731416,4.7082128797947576,0.5783763628256633,3.0244324384769916,4.240864309499253,20.0,21.0,8.0,9.0,0.525,0.1595,0.709
Resilient_hab.db,13,124.68891264440033,74.61752026213635,126.169230620101,132.30438196801364,134.7489575924036,115.06338646621977,110.39088661167696,144.21397029185,82.62201674909255,161.48207459790228,53.800789731681164,83.24644402055443,78.07222196537512,75.76974206356267,50.918466076594925,55.833701224879334,True,0.11977339865096112,0.19123928199030016,3.7586756256324065,0.5673774357585082,1.9664542345967901,4.3480934726184675,28.0,28.0,12.0,13.0,0.409,0.204,0.6075
Resilient_hab.db,14,106.15113000926905,75.27972984096385,123.0133323680036,119.94428817179855,108.16628082589956,97.66340815154818,80.51930982152149,136.58215778280606,55.07840727236381,140.86396587249826,45.29858165654553,70.2503392476904,70.37264071234664,65.84707147685249,49.933732327576294,25.812366547063853,True,0.21369793881493326,0.14283776936731243,2.6338306106182867,0.5631918739251771,3.609215496888779,4.415155287648998,16.0,16.0,9.0,10.0,0.539,0.168,0.6705
Resilient_hab.db,15,148.8517509542849,93.81112454821972,152.80885235303307,157.82709508323137,159.0806606699656,139.15034301189849,136.49925274142055,171.76810723167512,105.81364026396474,190.16804244113183,72.12741916860477,104.63675451195658,99.12416341070178,97.05153363435412,66.22590248691066,72.49291890379757,True,0.2630976105875037,0.09987307233381568,3.6345404026829247,0.5910190436762891,2.177468707757884,4.583426512857265,27.0,27.0,12.0,13.0,0.403,0.159,0.5475
Resilient_hab.db,16,90.83935153761658,58.577528907614735,99.9431514174471,100.12074874999907,94.13467351156709,80.7773809553432,64.5486988931241,114.10113856693565,43.056700783568445,120.24858426377445,32.729990117351534,55.46865543905881,53.97630440207209,51.057348323454036,37.879826966753214,20.44078571050699,True,0.11520320423850029,0.08311493541796162,4.138060295149835,0.32821494390281203,4.708443884139965,4.376612167574539,20.0,20.0,9.0,10.0,0.5005,0.2055,0.7195
Resilient_hab.db,17,64.02234673400825,45.12005474998864,74.69365266352828,73.39407070473277,66.34104323103102,57.2324504374181,41.57062811825028,84.67689339912233,24.42822141648156,87.50487945377787,21.937639362930803,37.405544633205125,38.14797311118304,33.830822656947646,29.80017335015507,11.85482548057017,True,0.10995125770065808,0.08888520493829895,4.8472163332006,0.11263003355914394,4.480764101643704,4.038996714523325,16.0,17.0,9.0,10.0,0.475,0.3075,0.7665
Resilient_hab.db,18,148.990011400961,94.61527765685528,150.7192679437247,158.85492244828296,160.1683297871249,138.94386681848724,132.66405261500694,170.97031023676982,100.14586267707813,190.16609280781958,70.19438414604238,103.8679405634243,98.73443803398038,94.80131525660903,68.97001137045595,70.54969762401637,True,0.2440425747905724,0.19283417500828592,3.795326904220528,0.18814643069369175,1.9214116845125464,4.549958874452285,31.0,31.0,14.0,15.0,0.459,0.1665,0.6035
Resilient_hab.db,19,86.67542577609794,47.322028401263395,89.43766706120097,93.4556334699733,94.12288651546697,78.15763499275175,74.64708611389078,104.53287784524755,51.66761641210846,117.87258904773356,29.8306818705466,52.360456742283475,49.57521857253553,46.669154343203346,29.78023327525281,33.25272838445967,True,0.13571514500696047,0.15951229607733985,4.351112995792626,0.17988120415172315,5.210548088932034,4.420829082463406,23.0,24.0,13.0,14.0,0.3705,0.243,0.649
Resilient_hab.db,20,82.69645851497025,63.75897033339809,95.7883330382342,90.49629833993735,80.04320356519544,71.05036467209155,46.06429004924087,106.46661863084502,33.10224379518344,103.21479590400229,36.36932577801875,52.24352701581987,52.54122128384281,51.4111886904713,45.951757589472564,13.82911445019318,True,0.1036308344518323,0.04686974068940221,4.825989884358159,0.11808067274755232,5.547148790672871,3.7419225146768444,13.0,13.0,5.0,5.0,0.5405,0.2105,0.8115
Resilient_hab.db,21,62.345865265617746,26.531291390320305,61.601840875808705,64.01456019333442,66.8674268874882,51.12551571100175,47.03971602605502,75.5997563300137,32.10925293811423,85.58800552998774,13.6360725197451,30.71032959619313,27.49051147901178,27.761270239734188,13.954957197328078,18.474645312148127,True,0.10577868193770393,0.05037159293688951,4.823060725668441,0.13541111318199267,4.0835448707937365,4.440836192240013,21.0,21.0,11.0,12.0,0.3185,0.2405,0.6985
Resilient_hab.db,22,127.44613487479344,83.32515477827793,135.79970910376812,136.78756681407947,130.81146061408884,113.52281340719733,93.82928387325184,153.9018984274749,68.70908678800065,161.84021064738053,53.27449727391901,83.06074312594946,79.53365195576197,78.20065181329826,56.9020209149768,35.599505348583186,True,0.13173881999656833,0.19114011881151463,4.227121243751255,0.19940921475744824,5.165678429020018,4.199533775604221,23.0,23.0,8.0,9.0,0.553,0.0975,0.6935
Resilient_hab.db,23,156.61022365437674,98.2543026304381,159.04255843172353,163.83268886237838,164.40950276936164,141.75944036806598,127.71933657257186,180.19860348452374,99.26145325788075,195.40579166621848,70.78234346999677,106.09975891005482,99.00267469932805,99.46212605772479,68.08307210657831,60.77679047762447,True,0.11397364139949763,0.0802724331944688,4.460574221632518,0.17113828265455985,2.94134653517362,4.450641330497985,29.0,29.0,8.0,9.0,0.505,0.0855,0.6225
Resilient_hab.db,24,16.702107927189978,8.808923480005793,13.899539354919437,12.018479511216706,19.743349788620513,11.68528939580191,10.472631102687014,16.87805099959966,13.423098713568805,19.60740581031586,7.930763498017854,5.4983504281769,3.585350117767105,6.192134012027171,7.850290706111089,22.43041107821854,True,0.10195040492439852,0.05540701729441212,4.950524613562194,0.11514003771195819,3.1547072340035216,2.940415635517681,13.0,13.0,5.0,5.0,0.1795,0.5335,0.7985
Resilient_hab.db,25,91.8337092714054,56.48581043632488,99.94912208554524,100.83521019323139,95.1720314922258,80.97787733275983,67.36894140091474,115.24268329014272,44.71807417053231,122.71940274261627,31.89105537994581,55.392229138652965,54.0235389386272,50.9549383546338,36.674587126043704,21.805453952216634,True,0.18386516434428635,0.056107864396907396,4.714383934380407,0.10048546249947216,3.954629748949305,4.435475342426308,20.0,21.0,11.0,12.0,0.4785,0.172,0.7025
Resilient_hab.db,26,123.70544905539963,76.4709913955649,129.59512920786477,133.01297692517153,130.51019097535934,112.47663703923914,101.73879736953455,147.70912947882474,74.12535470746687,160.68726507924356,51.15734760961064,81.06077988882129,77.16216999719384,74.71589282539819,51.30837055377135,43.831317479464715,True,0.1695311071541818,0.012402505893857364,3.418453156356363,0.12949346177063567,3.2091098776291367,4.564986546279233,25.0,25.0,11.0,12.0,0.474,0.1445,0.6345
Resilient_hab.db,27,46.89307398365677,84.65346313011027,43.96374607429354,36.75576771343617,46.68105545981964,51.87095233038411,53.96504314332787,31.448566584445064,79.1901623897841,22.526026922733035,98.47837675349076,67.39861897333105,70.63724798633022,72.49192254296112,104.18966068464977,125.59519135681963,True,0.1295664362102361,0.015088075447874515,4.979333405136158,0.20502434994475685,3.5252931575589685,1.3572832218645063,1.0,1.0,1.0,1.0,0.021,0.9325,0.976
Resilient_hab.db,28,135.19278969060449,82.92785385388676,137.83637044628153,143.38918970001976,144.78215972314814,124.6055242588625,117.5983333092667,156.62605695532022,88.8723740978085,173.4280459985585,59.85185363126015,91.28720288310006,85.7508205916325,83.86702910451069,56.7851956037249,58.167679497103364,True,0.13340491612504124,0.03087740713168545,4.720073353220994,0.22693577484517932,3.1632206585282496,4.451891747337988,28.0,28.0,11.0,12.0,0.4385,0.1725,0.6025
Resilient_hab.db,29,133.6679204678401,83.12164659262872,139.23135917032724,140.11333428561954,137.80327669354642,118.1029547866746,99.58922393653656,158.04260388365455,76.23695590467273,167.55571119414822,55.05857330206121,86.23308902789822,80.20378581465415,81.94016793923063,54.04794205415762,38.75889423351478,True,0.15066565938647414,0.017814980427522928,4.29959635965493,0.27933454911987804,3.6683708527890175,4.254602800697913,24.0,24.0,5.0,6.0,0.52,0.087,0.6635
Resilient_hab.db,30,63.94625826581711,27.46098842897812,60.39856465060829,64.01146233084225,71.83663110641177,55.80641394687028,59.28558674716685,72.7376549099816,45.25892906172545,86.47394953709502,20.225154804286955,35.49316505374702,30.96442532350087,31.79914791548119,15.387745778600742,34.753215728902425,True,0.12603362796562903,0.08484931370098736,4.989859822474759,0.11532686856436856,1.7880319789810764,4.098980600321254,22.0,22.0,11.0,11.0,0.2305,0.333,0.6495
Resilient_hab.db,31,41.57679108339495,24.394399487819044,45.49737292594316,45.01613425115833,45.39255428514099,35.39215274085618,25.17118640766597,53.298754557058245,15.370392241158182,57.48622500858259,9.69735711538946,19.5361243569223,18.196102191365707,17.0243634064704,13.455375161558765,10.167577554055207,True,0.24699329833024225,0.048389915808708925,4.886265037288072,0.28180300936757163,3.9061650088544897,3.796582139814748,17.0,17.0,7.0,7.0,0.3635,0.4055,0.7745
Resilient_hab.db,32,122.12274921865662,73.42929854179391,126.47319413985433,130.6034972611996,129.6034700107367,111.03156433168124,103.44786586256956,144.73347786157493,75.86818801940908,159.16591617905382,50.43394239746448,79.89523598851068,75.8072919819927,73.49923551415924,49.40056235465885,46.8141270394741,True,0.19550722067617693,0.09866431794668291,4.251412465055054,0.11544874413490948,2.0177776103928804,4.673758284785278,25.0,26.0,12.0,13.0,0.439,0.1495,0.6195
Resilient_hab.db,33,116.78830493861656,71.1503281350678,122.40204827247379,125.49588575325512,124.14053515450654,106.58739317296002,97.19574921714528,139.31929802430153,70.86191162487822,152.45189859220588,47.4395619107633,75.87084457106262,71.74321544258589,69.69443425813554,46.19962953605592,41.90262272343237,True,0.10416005727031952,0.10932406560446725,4.734500093641741,0.1227448637086799,1.8352241778227678,4.516576369750019,24.0,25.0,10.0,11.0,0.4515,0.1825,0.6285
Resilient_hab.db,34,131.05125788021175,88.37565265299482,140.9440226450868,143.2319175998942,136.228713543921,119.8412726291583,102.33456780385174,158.8038871822151,73.43318705458401,168.55555132671654,57.45384289121397,88.11882690418989,85.62505965087007,81.61282491496108,61.91868872739473,42.02914135743865,True,0.33070271626358494,0.04933603554649407,4.6332504576611795,0.34605145826691586,3.2648906148646732,4.191814387603095,24.0,24.0,11.0,11.0,0.5605,0.1295,0.676
Resilient_hab.db,35,81.47392399453486,48.29048177657363,90.34499060519585,89.56201055491857,84.08914494622195,71.17935428828957,59.47898919416045,104.31598875054024,39.12677332042415,110.72113801693455,25.93976877760947,47.23732413641551,45.9456702287094,43.76050116189978,29.04256781014268,16.8141888270832,True,0.3301870700955686,0.030201725152371676,3.99152511790479,0.3066466848537493,3.6253837262144994,3.8668026277834957,18.0,18.0,10.0,11.0,0.4415,0.1875,0.6885
Resilient_hab.db,36,116.21508618689656,88.32061825107972,132.46840285894473,128.7644054545663,113.85988191959386,103.05784131428948,76.89425314651254,147.4076240953938,54.636249669194925,146.64845291845515,54.66831136350665,78.49106864673884,79.70621524681782,75.78662937885277,66.28342912725424,27.025169448263775,True,0.22277758914174314,0.021561277637978413,4.46850193496138,0.37370826736779983,5.554085053735237,4.203386138104094,15.0,16.0,9.0,10.0,0.615,0.087,0.7715
Resilient_hab.db,37,24.52313289666889,10.804126881108521,25.623091571761123,24.4203459542042,28.147189200485204,19.31844793153502,16.50138493672992,31.20852169527437,11.776547237193231,35.629712874461475,4.106395729224928,8.054116614874678,6.8666415886071785,7.081312405465933,5.062360659271061,13.312814192209448,True,0.16805668276332017,0.057470287180601945,4.989673123779728,0.11717516879066281,2.559438887308719,3.813127568261454,14.0,15.0,7.0,8.0,0.249,0.457,0.7605
Resilient_hab.db,38,70.0725995625102,35.53220907801334,71.48460476641355,75.1695619542111,77.60381815842305,62.73849208880114,60.60289150885954,84.5709437091183,41.22344523096898,97.11206350389489,21.131919377884294,39.76933204811381,37.03475265384578,34.68146161918081,20.732165609103475,27.88866870676755,True,0.102430551599453,0.04855758175559307,4.907637018432182,0.10618080380467548,2.4803047146382857,4.124482417575468,22.0,23.0,12.0,13.0,0.3335,0.3045,0.6675
Resilient_hab.db,39,136.31170947453438,82.79272275535163,134.07220798588074,143.9955638018,148.97969739334343,127.43080397303885,127.27242939093586,153.64974801469504,96.54699544234029,175.13638676359216,63.97621908557961,94.61778104934501,89.36745417209163,85.3966411617265,61.60806101477836,73.53142177713177,True,0.15078268630883673,0.02301790059150452,4.605905372478996,0.11034985827654256,3.001221676466064,4.3513000591248945,32.0,32.0,16.0,17.0,0.382,0.216,0.5985
Resilient_hab.db,40,14.097323904010365,20.525043323749163,16.423453866899422,11.676997903876147,15.562895646054944,12.661900411795422,8.164435749848055,14.992146864770755,13.916013116462462,12.870636644068126,18.38840506018068,10.37634608340892,11.029131323681508,11.771011840109612,21.61711286475699,29.010066536945452,True,0.21022367126753844,0.06646764349843093,4.937115451539297,0.3816172440798935,3.898368379163668,3.092608564487445,8.0,9.0,3.0,4.0,0.207,0.624,0.8445
Resilient_hab.db,41,96.78322043429102,59.425412344437156,104.71307884169907,103.20568194011562,98.20673485456567,83.14603799082751,64.94092490219582,119.99021205557764,46.30256612414449,124.85223724163305,33.91555493118974,57.640145320865145,54.49025901253114,54.96466716784006,36.68242476276944,18.16742657342891,True,0.2701706320031037,0.06639293796798768,4.776755545855693,0.2535175301182936,4.511792733535177,4.208638824823186,19.0,19.0,6.0,7.0,0.4935,0.1415,0.7135
Resilient_hab.db,42,112.7955205748272,65.02314582039166,114.29555982763166,118.97211758408928,120.87960484868302,101.56372876583654,93.48763522280322,131.77298276286515,68.98866555919103,146.2841021531862,43.85685399928704,71.57805345246044,66.38251728612833,65.47045776381296,42.01493227080525,42.42285607880283,True,0.21856540340150488,0.05581504352215749,4.8353949176344955,0.35186143086360405,3.367429853720067,4.3367684934085915,26.0,27.0,10.0,11.0,0.4225,0.1925,0.6415
Resilient_hab.db,43,107.2666402617948,68.48107761976657,116.50340023828684,117.67325830815494,111.16582165950206,96.17436032390201,81.53948821850187,132.9080480521371,56.106704973400056,141.32804916097652,41.47874338517462,68.01826952245872,66.30485058502168,62.881052099825006,45.7826841879624,29.102037974584416,True,0.24055536643610767,0.09530568558406527,4.651472970141715,0.34001895812668226,4.274866973886165,4.313345026191274,21.0,22.0,11.0,12.0,0.507,0.1455,0.6835
Resilient_hab.db,44,77.04183658922534,42.295208953409954,83.39672296307816,83.82040207899985,80.1398071995883,66.34675454635558,57.481608339867634,97.93461406965253,37.56761658358185,105.72461948881154,22.43134143516921,43.12472521498641,41.62050416453721,39.59506963349529,25.232949067230866,17.553661850765774,True,0.16477226610412848,0.04547869953954262,4.2162277158718835,0.47800193334694496,3.3803415107128876,4.473381343964988,19.0,19.0,12.0,12.0,0.407,0.1855,0.686
Resilient_hab.db,45,66.47314989035247,34.145432617030494,69.22098089709162,72.14549504119609,72.72967216123791,58.66111914932945,54.10594105205754,82.17777386518672,35.10039798735261,92.9224295499251,18.232442309887908,36.418508606010704,34.40995041988424,31.72447730697133,19.763722218914342,21.95547686562309,True,0.24763708746277235,0.024013254987733414,4.847194402337008,0.24008598706098536,3.2537172815047293,4.31033849476809,21.0,22.0,12.0,13.0,0.3585,0.2895,0.6885
Resilient_hab.db,46,109.06663955982393,59.60330006053535,109.17575759742468,112.77505677512124,116.28983460284611,96.31762738145744,88.6047950050195,126.54556809233031,67.08620915303752,140.40661507096434,40.429431558501285,67.23617891638138,60.98968772172001,62.36888674012937,36.4418336794851,39.14230875137946,True,0.18285961426367145,0.0649781003540829,4.86981832190692,0.17364487603210155,2.6088938445446797,4.192778483256342,25.0,26.0,8.0,9.0,0.3935,0.1795,0.6365
Resilient_hab.db,47,77.72316034507672,39.69352086029505,79.49876770515283,82.22482787875279,84.66312269627723,69.01187996618957,66.03760054772634,93.3646223534287,46.83693383021111,105.64302053488524,24.632434652555567,44.89244839683903,41.24394141300901,40.3045003476914,22.51606979990442,29.038230600069163,True,0.20683760243287058,0.05568651255755116,4.97099308984792,0.254376171073845,1.8344728729991338,4.709058501866921,22.0,22.0,11.0,11.0,0.3365,0.268,0.6495
Resilient_hab.db,48,152.10503462081425,100.57858528694649,160.99396869055158,163.98483831163801,160.19184962717063,141.72289634394468,130.51654082809512,179.76427452808133,98.68296145819474,194.24051063727785,72.05746943283481,106.16865153210392,101.69791666336977,98.80895032300461,69.78175636046629,61.35074129556281,True,0.31407400582487827,0.025232039860307212,2.569355803017766,0.555605558410647,1.7868676607783747,4.572223339215573,25.0,26.0,10.0,11.0,0.506,0.1285,0.5855
Resilient_hab.db,49,26.28449469477613,52.30631128066098,22.84796557957174,17.941372505557748,27.833868710339292,29.50036420171172,32.052296878565926,14.340843500782936,50.60861379438924,9.525245430886569,62.79206494676191,39.17670343761041,41.20195491028909,42.52767685895495,67.11032501458277,88.75816703161856,True,0.1779112931273976,0.0526626800886628,4.884309919516773,0.5295172218451089,4.9539541127247775,1.3134715647338853,5.0,5.0,3.0,3.0,0.0555,0.846,0.9265
Resilient_hab.db,50,133.97602488647283,98.23141862211403,149.83295868656413,142.8856660852191,130.99465052924842,117.66847721873084,87.11837882645972,164.86126897599482,68.92972471989283,162.9847268252414,63.64791177622408,90.24342305839143,87.30947642995456,89.40631873203974,67.86077026096254,29.177534476065954,True,0.3536237598283752,0.15247280836275262,1.5380914759814444,0.5540118371529039,5.184535625586095,4.176264334583198,14.0,15.0,0.0,1.0,0.6205,0.06,0.7355
Resilient_hab.db,51,11.888001639009026,17.878535586044308,11.147187279337373,8.542998098877971,14.82448654542873,11.09995270382107,9.926730953973035,9.939134275668724,15.607861604585619,10.00182828705623,18.4125080294692,9.487945158657588,10.04392245570714,10.198021787259702,21.76759091555889,35.013715813848215,True,0.21536259101166472,0.08136858879035326,4.858386477532248,0.5688614311905141,5.207956287819116,2.5549807419184387,10.0,11.0,5.0,6.0,0.173,0.6515,0.8475
Resilient_hab.db,52,75.51948837216825,38.17361610108698,77.19178145255894,78.2092692013859,78.98193535229093,62.713068301411774,51.39969489478608,91.81866654439776,35.9336204940584,99.69029584983483,19.871630211401154,39.93541342258954,35.911760733911926,37.163528883936486,20.762493336685193,15.754113231404007,True,0.20420030723555258,0.03921765613166332,4.855197249660394,0.4313377904437634,4.168432347891283,3.969411615631402,21.0,21.0,8.0,8.0,0.3975,0.2065,0.7145
Resilient_hab.db,53,21.392991631131828,40.823487998903204,19.82065877553556,14.74139448555815,22.94746834082336,22.757645916476356,20.8743512180125,13.46677869274312,35.798164426562316,9.105596098471269,46.13025181694364,28.01950158942846,29.054427421607112,30.817596831284973,49.82810344941007,65.13921884483462,True,0.1660746980819178,0.04320821997767367,4.91742041673387,0.593498105476882,4.541958116604822,1.6731037991765638,6.0,7.0,1.0,2.0,0.1235,0.78,0.9085
Resilient_hab.db,54,25.495585054833413,50.794112095420815,28.612347002436614,21.26636699347405,23.50597339794968,26.092684580165198,19.65712268240313,22.08859524539193,34.36230785519301,13.179218040122795,52.38331453741295,33.25819440938437,36.85945933486052,36.974321046157826,61.23147976242595,64.06798033124899,True,0.12221077706202424,0.03061910819334861,4.890260968974938,0.5395331980844584,5.429104149696402,1.7919604810657757,3.0,3.0,3.0,3.0,0.1785,0.7265,0.9465
Resilient_hab.db,55,91.07952696150473,52.341345386419874,95.58947748191689,94.14320406297814,92.05862604345414,75.56860868186006,56.95437492538543,110.86019529211936,42.12154017897378,115.4292711072698,29.213658651726718,51.467941051000835,46.99081041806519,49.86192093849938,30.76275965674191,14.887251958291863,True,0.1302369622950394,0.017249711868459854,4.789441618108766,0.559271629961134,5.390402637903765,4.189938887239197,19.0,20.0,4.0,5.0,0.468,0.144,0.7325
Resilient_hab.db,56,32.84104327820334,63.25917427711626,32.19852990548483,25.40433614914371,32.869629296239985,36.16783888530155,34.31754999108499,22.516308337044762,54.144904770777075,14.640909259181884,71.16939623712422,46.61641235719286,49.25917425126018,50.601959355414756,77.07967729170107,91.59298233403783,True,0.24667897577698497,0.0495556184293951,4.919103169966407,0.5681534920025595,5.424809956366158,1.2093081779408037,3.0,3.0,1.0,1.0,0.0965,0.8525,0.9525
Resilient_hab.db,57,123.82476963531848,93.80627367548534,139.63729187038896,137.34196670982365,124.0261716940824,112.26213274624186,86.1122166557841,154.65684403727906,61.65567832362999,156.23988264164646,58.94029877102814,84.99797314324981,85.11455007267702,80.77728529059827,68.93702240246708,32.44471469371624,True,0.21143472046479486,0.06668470136330458,3.6779490806564024,0.5839928616197525,5.918855052154803,4.023834017535473,18.0,18.0,8.0,9.0,0.63,0.1275,0.7535
Resilient_hab.db,58,18.076005012305867,36.01595520634126,18.643277332443184,12.323923390615473,18.16553131329915,18.322603560628195,15.551900794537119,13.178290564119683,29.38924231733775,7.711195893194976,39.72748202957621,22.99966378771899,24.499188612229545,26.25425740407367,43.82235356263243,55.27629576827729,True,0.20231257370272526,0.066042002335757,4.895594580167571,0.5069933398500734,4.3602362132639465,2.7072256526702985,5.0,5.0,2.0,2.0,0.1385,0.724,0.896
Resilient_hab.db,59,19.526261048790918,29.41606238029309,24.69327229018126,19.19733807534907,18.861790777715047,17.206069680413115,7.516554818511512,23.66964921453793,12.271983619588156,18.622792694085632,23.083776453891062,15.417149270122636,17.721748670966544,16.98348190202463,31.016305846706523,27.352845285723205,True,0.2193794369936076,0.07375682109283695,4.914607524279195,0.5692000037608662,3.91847028602889,2.6021572063044354,7.0,8.0,4.0,5.0,0.2735,0.5845,0.8865
Resilient_hab.db,60,112.49213942608596,74.40676329825608,121.76792104930382,123.12871548595913,117.13628510244013,101.89295624643992,84.56328814263311,137.70213508812324,59.30938093874332,145.97236041316992,45.751794923596194,72.83818176850278,70.4689426115617,67.2695657196284,49.99031154198148,31.60320627342315,True,0.13797637409606567,0.11130950059337806,4.295925438581582,0.5331959057278596,4.952238037522973,4.331845059016603,22.0,23.0,9.0,10.0,0.5355,0.1755,0.6965
Resilient_hab.db,61,114.16604207747731,69.89590069806017,119.43407848757614,124.1820498212351,121.55417164485063,104.30502502246551,96.12927153385755,137.15579303280958,67.70096982907293,150.93655072489096,46.052967430759495,74.28341951493465,71.67287301052278,67.34551583945768,48.17198234907439,42.688367010243894,True,0.2519187082401872,0.08950462660408359,4.371561683983946,0.5467687811153116,4.42266555452134,4.529524945897201,25.0,26.0,14.0,15.0,0.457,0.1695,0.6455
Resilient_hab.db,62,96.42306167326679,67.52592774146028,108.95653061404934,108.73348079557593,98.91271652943982,87.29393440542388,69.2705722210054,123.0527254638711,45.20335642894669,127.88711422218178,38.663709663952865,61.85211773713317,62.21019979762008,56.94044635893377,47.02901006922813,23.02608020641105,True,0.24294316883117203,0.12935006930755255,4.412701572465338,0.5628820309393342,5.071405911837802,4.295380271942798,19.0,19.0,11.0,12.0,0.5425,0.191,0.7305
Resilient_hab.db,63,120.30506726699754,90.98572485612199,136.47101670218393,134.5919851251082,120.87175304954538,109.56771377308652,85.06409915214343,151.44734538354925,59.52860600595156,153.60897604413324,56.54689171922696,82.42174663108483,83.12866857535785,77.8019003579404,66.9865683571154,31.66174782262147,True,0.2456112799448583,0.11297214436183958,4.524045134133617,0.5884669049187279,5.664236495542456,4.231574387991998,18.0,18.0,10.0,10.0,0.6215,0.133,0.7465
Resilient_hab.db,64,74.39910822096742,38.645382451673676,76.87771746931237,79.57990180574392,79.9762980441462,64.68687853340171,57.74278783414282,91.1183693078062,38.627721110917605,101.5017558647857,21.108421886807378,41.25902396555328,38.473083048443414,36.83822269966505,22.498934099938506,21.816390156082022,True,0.24244067573156075,0.08344644948239362,4.815027940802491,0.5618455899644541,3.525684865195209,4.210639690719418,22.0,22.0,11.0,12.0,0.381,0.246,0.6905
Resilient_hab.db,65,89.0273421438452,50.73739894100447,94.85917188952783,96.94982810854411,94.52204423484714,79.51398948545787,72.29009432484925,110.03197900148147,49.18780828010713,120.812575398999,30.279391640093372,53.52499670511928,51.345981192665135,48.54904047261145,31.480461513022256,27.462575204646278,True,0.2075152191174211,0.08581607629784428,4.401398636419655,0.582652706840377,3.9558752472300123,4.472102626238905,21.0,22.0,12.0,13.0,0.411,0.203,0.6575
Resilient_hab.db,66,114.29411237409795,73.74904802115773,121.79927496750145,124.54370280299736,119.72518556690697,103.44318414757616,88.00057976950332,138.72691229227144,61.81544607059223,148.63589011577784,46.05887467006683,73.928234176436,71.27282127508671,67.83200877709817,50.19996302366925,34.830496071251105,True,0.13940153576249342,0.07582610568266404,4.642259316242472,0.5313991648730337,3.9775620232733857,4.239776563788559,24.0,24.0,11.0,11.0,0.5205,0.1665,0.6895
Resilient_hab.db,67,14.15050207840457,16.998936309423517,16.46827246690777,13.670783420104776,16.840966097120205,12.803102088926918,8.501453379456704,16.9110081315204,9.991365022170921,16.9143384539718,12.667007939733892,7.976255099452786,8.797076045008268,7.850962161446823,17.12546784037587,23.603561255028666,True,0.14798263732345582,0.0874635982046398,4.908866188116076,0.4505857830053708,3.7548766029523963,3.195065402481304,11.0,11.0,6.0,6.0,0.2345,0.5965,0.8335
Resilient_hab.db,68,92.55487431755841,51.299176947285645,95.37683561692984,98.22068063766858,99.46162202458713,82.53895413492948,74.74766123236215,110.5158619122777,53.50117543730028,122.59528202310999,31.887684308072547,55.626460945339744,51.32663837390624,50.57986123377734,30.391029885185482,30.58407424833765,True,0.19543155673270374,0.016695530586430737,4.821201234300624,0.579709738622528,4.460945932046949,4.2173855953061885,23.0,24.0,9.0,10.0,0.4005,0.234,0.657
Resilient_hab.db,69,105.81918039715671,68.62089587591211,115.65213793030637,115.8789166873211,108.489361886119,93.93140485792115,76.93872954509004,131.78418185875051,52.944365516012006,138.4286364390005,40.80862666718855,66.633726711483,65.08279803308594,62.1753580944827,46.06352877698797,25.744055049358952,True,0.1131058685566638,0.10362459282610473,4.327422006643023,0.42230602280795076,3.4830705584307595,4.133918619381798,20.0,21.0,10.0,11.0,0.5225,0.1355,0.703
Resilient_hab.db,70,102.03035396624361,56.62943951069452,101.47808029531075,108.29408895418737,111.83763549079987,93.45022122242852,93.62962328260488,118.37827430785626,68.17255837697206,135.71520998661617,40.650465779761255,65.5875754575053,61.73122538459653,58.56961495895782,39.07916322347394,49.56924270674685,True,0.1058577774645171,0.11712093255787714,4.789536504012308,0.43917856917009207,3.3377020443968832,4.259377673866631,27.0,27.0,15.0,16.0,0.345,0.2375,0.6225
Resilient_hab.db,71,121.00647404200912,89.28906257147835,137.25731998223847,134.88071999025718,122.60524089950356,110.81442145532192,87.51307105591434,151.87842774833945,61.98643892663104,155.09880750055822,55.465884661836164,82.26451343416407,81.79461409721551,77.57739973949029,62.57415724351004,31.080540204906494,True,0.3674198806221912,0.11560646931402478,2.607936212606255,0.22162704686348586,4.790608549780416,4.200298780593033,18.0,18.0,8.0,8.0,0.6055,0.1495,0.714
Resilient_hab.db,72,31.675030667769896,59.262601555614424,28.158293275507503,22.889000487549797,33.43334993221884,35.263508342467475,36.0902720870743,18.789010683167035,56.03094757079407,13.319338322287422,69.38656649623742,45.12023144568305,46.64226281499639,48.580307874948375,73.31586653730345,94.35011931367644,True,0.18865869790398226,0.09919884704638884,4.988320491823813,0.49526129895610216,3.509143087185266,1.1045382332121165,5.0,5.0,1.0,1.0,0.065,0.876,0.9385
Resilient_hab.db,73,71.36718556709158,32.642425101749545,68.7589339092234,72.2399268508562,78.68722721286655,61.35285397580582,57.69696362740851,82.24310337825604,42.65954075874488,94.73825294212492,20.173922559319823,38.61970514704732,33.31572091528997,34.739662995024446,16.80810730362786,27.120862207922915,True,0.17150690935182766,0.08338601908665168,4.843496323975538,0.4680382821441389,4.202387491357566,4.042050574330997,23.0,24.0,8.0,9.0,0.3125,0.2995,0.6775
Resilient_hab.db,74,103.72753869122835,61.31470393846185,107.48653269984663,112.77760644964279,113.29489160094698,97.27169903243498,98.9502351380801,123.25511974567024,71.30813464419674,139.9473016174282,44.40319942269963,69.1509093841939,66.7957048197963,61.95370000504844,42.703263494078264,51.81257411113773,True,0.308357719373235,0.05994175831717791,3.106629628377485,0.2600367837470112,1.5185812826279905,4.547815714536177,24.0,25.0,16.0,17.0,0.3475,0.2445,0.5935
Resilient_hab.db,75,165.74047885767885,133.12308466964132,186.67057969068057,179.21721327410737,162.39777410608988,150.5657373016859,113.69323892591619,201.74781727073747,91.44435608779328,198.05691922359009,91.51927833618176,120.81659134838964,119.27821573108692,118.79847839637158,99.51623131491718,48.82741430441861,True,0.28551161079147,0.1286219039806625,1.5973841401810138,0.3001941375128056,5.992281837077876,4.258356850651275,14.0,15.0,0.0,1.0,0.722,0.0515,0.7565
Resilient_hab.db,76,91.7358221520267,46.53850993115101,89.75915222724316,94.5163176954557,100.25624435662652,81.68051311516338,81.2588530473638,105.50123554521792,61.122315754738054,121.01730236625966,33.176771812445416,55.72751805023015,50.439860705704604,50.610280806967424,28.723079265461124,41.51591864797986,True,0.2552363339636425,0.01089455363008221,4.924434390007268,0.5440604417924655,2.258493151499206,4.249757498314246,25.0,25.0,11.0,12.0,0.31,0.2465,0.6265
Resilient_hab.db,77,72.78681305045293,49.27672840360479,86.46814907009806,84.9202262159453,77.1942797831835,68.45591348023187,58.68225220559873,96.84825884850105,36.40242764274332,102.92880121929855,26.33579008988297,45.087954391592824,45.77288392675171,40.238243450880326,29.952478965471723,18.604777568115743,True,0.16118152996205087,0.07935302904811668,1.698399764959333,0.47999279963201014,3.0067810506690438,4.314236524068886,16.0,16.0,11.0,11.0,0.445,0.301,0.6745
Resilient_hab.db,78,147.37571278634314,93.096518169445,152.62236537067983,155.9673203891603,155.48191311980653,135.19046626357513,124.00159635400871,171.72371128058546,95.37413837357903,186.5769316706386,66.87886297294109,100.31822795130921,94.18182767160036,93.74500734885001,62.78162167793627,58.04804724871252,True,0.23053234337906683,0.18709035478182917,2.7255538509736574,0.38409073066603366,3.6166749568593026,4.578429049594934,26.0,27.0,8.0,9.0,0.479,0.129,0.595
Resilient_hab.db,79,142.4835896124433,114.16489574243897,165.69759889826778,158.9316966896753,141.2338884728738,132.02319673513392,102.45495151268719,179.09128398318694,76.8956988214102,177.67416544917415,75.10225967847786,102.730831532216,103.14870389373604,99.29716886780058,82.6026120160323,39.12558087284713,True,0.39749798882142495,0.046940270496831506,1.628646072375611,0.5446796206531908,3.664293542891008,4.055643183607533,13.0,14.0,4.0,5.0,0.6735,0.115,0.712
Resilient_hab.db,80,61.06479961854463,104.69482979330076,57.632635567616106,50.05296347038978,60.98627285961439,67.66805463632657,70.16711640967247,42.92715406867353,98.39834454811094,32.90328208116191,120.54563197779692,85.77424277670478,89.35323881560393,91.22021487871663,126.60640449784704,149.89725914255754,True,0.18013454972807857,0.09106011288799618,4.952098557365478,0.5388094121741367,5.931524554398714,0.0,0.0,0.0,0.0,0.0,0.0,1.0,0.9995
Resilient_hab.db,81,118.77438406119396,92.86135491164792,137.3076598683581,134.55988245105084,118.87252356214294,109.20606231036287,84.50414110002897,151.31631670153638,58.40795160028749,152.42871704139333,57.68166527285212,82.64252305982012,84.49402690645384,78.06477300603306,69.09561531234905,31.42240752997767,True,0.2522492891253818,0.19284066571056727,2.3094795606612637,0.12296719018223268,4.2599811904125175,4.034254360414792,16.0,17.0,10.0,11.0,0.631,0.1445,0.7475
Resilient_hab.db,82,101.92000916627862,68.38315321579631,111.64367978998001,109.48088308405615,102.4417388140372,88.37971545801093,65.7029726836628,126.24656894556998,47.376262327918894,128.93504544527735,39.99121676088892,63.27691513380457,60.825983820705126,60.680980974611174,45.31927171821731,19.71662496150089,True,0.19294980713771395,0.06267816291590823,4.598022496886759,0.48544723859250033,4.908858698265623,4.156519788671156,18.0,19.0,5.0,6.0,0.543,0.1505,0.749
Resilient_hab.db,83,19.047466799362375,10.811402731167192,17.671643600958348,15.862502046054525,23.0348581757157,15.105853124020248,13.30949133336037,20.438296578350233,14.348714211161525,23.83143165268611,8.296972835712108,7.250524124084656,5.28801723084903,7.243143170108637,7.630160884463112,21.511405628882578,True,0.19918552196873218,0.08669175964418206,4.886347125156505,0.4983245892025646,4.642227045419926,3.4188980403604887,13.0,14.0,4.0,5.0,0.2,0.548,0.785
Resilient_hab.db,84,118.89203400190873,77.15459621482037,127.02350201382873,128.90643077922,123.85543560268952,107.31398186908,90.50803056642754,143.9897910720302,64.70469468305532,153.32841489145224,48.682805130303585,77.2088013240986,74.10827023873625,71.56000023070254,51.888180077618344,35.031371483267336,True,0.2288387758346946,0.07254620244273746,4.639591907186004,0.454583795084769,4.912950558587417,4.119542750764339,23.0,24.0,9.0,10.0,0.5305,0.1525,0.6845
Resilient_hab.db,85,126.23670996742862,77.94941733511628,131.8389196729964,133.19408887582307,131.11678080012376,112.19616478312172,95.54007897306926,149.87695373940272,71.89676918294492,159.95505352045288,50.94990494699931,80.96647323797396,75.47244169201917,76.24229188686539,50.17297527323632,37.22196956472781,True,0.1349900862933026,0.0631067437820186,4.7177832533257416,0.38998529212570293,4.496550994439627,4.451666862169153,24.0,24.0,6.0,7.0,0.505,0.12,0.6615
Resilient_hab.db,86,61.06479961854463,104.69482979330076,57.632635567616106,50.05296347038978,60.98627285961439,67.66805463632657,70.16711640967247,42.92715406867353,98.39834454811094,32.90328208116191,120.54563197779692,85.77424277670478,89.35323881560393,91.22021487871663,126.60640449784704,149.89725914255754,True,0.211098025588106,0.08614350913384165,4.97685426238323,0.5922645634385184,4.422522702292591,0.0,0.0,0.0,0.0,0.0,0.0,1.0,0.9995
Resilient_hab.db,87,102.73897098477882,70.90150219796256,114.74127114102872,113.44354762877398,103.77006701702943,91.0248739621916,70.52336088117882,129.6407611161924,48.16219997398414,133.25509385141018,41.43663683767325,65.41082799980667,64.86183187604028,61.63601878738842,49.024846622583546,22.34796980670826,True,0.17019602509039206,0.07833108394398605,4.546212665414823,0.5927465764082506,4.71820658726902,4.468517429245651,18.0,19.0,9.0,10.0,0.5525,0.145,0.7365
Resilient_def.db,0,15.153478421836347,27.188812078234477,16.061539057696606,11.525232936151186,16.436656504936575,14.683391077528409,10.42948990582848,13.047701999958667,19.28785922206944,9.80115207165606,27.201497510387348,15.435550546029907,16.597373416403943,17.175652529459544,31.967908042804545,40.6144423809373,True,0.215,,4.86,0.57,5.2,2.567915703098156,8.0,8.0,3.0,4.0,0.187,0.677,0.8805
Resilient_def.db,1,50.45120389621347,88.19872838326427,46.191264654484506,39.03068692276614,50.280932821902596,55.189674378139934,58.12171943210985,33.39268281824796,84.87593155061091,24.591215439601463,103.61540355312006,71.51729207413021,74.35817842951508,76.97982484299379,108.57029328051934,132.36068112772818,True,0.264636424314473,,6.594999841229387,1.428136623118661,2.3224117346278375,0.47741211652398496,1.0,1.0,0.0,1.0,0.0005,0.943,0.9785
Resilient_def.db,2,61.06479961854463,104.69482979330076,57.632635567616106,50.05296347038978,60.98627285961439,67.66805463632657,70.16711640967247,42.92715406867353,98.39834454811094,32.90328208116191,120.54563197779692,85.77424277670478,89.35323881560393,91.22021487871663,126.60640449784704,149.89725914255754,True,0.3684768464531957,,5.638685068824717,1.1407823143195484,3.054612475361063,0.0,0.0,0.0,0.0,0.0,0.0,1.0,0.9995
Resilient_def.db,3,61.06479961854463,104.69482979330076,57.632635567616106,50.05296347038978,60.98627285961439,67.66805463632657,70.16711640967247,42.92715406867353,98.39834454811094,32.90328208116191,120.54563197779692,85.77424277670478,89.35323881560393,91.22021487871663,126.60640449784704,149.89725914255754,True,0.011885816981532875,,6.027146820747359,0.8041447533880742,3.351930487476264,0.0,0.0,0.0,0.0,0.0,0.0,1.0,0.9995
Resilient_def.db,4,61.06479961854463,104.69482979330076,57.632635567616106,50.05296347038978,60.98627285961439,67.66805463632657,70.16711640967247,42.92715406867353,98.39834454811094,32.90328208116191,120.54563197779692,85.77424277670478,89.35323881560393,91.22021487871663,126.60640449784704,149.89725914255754,True,0.038835254102413425,,5.434581470817349,1.0942796530466037,3.5107946205894507,0.0,0.0,0.0,0.0,0.0,0.0,1.0,0.9995
Resilient_def.db,5,174.17618478663144,121.31693387526798,176.06309873444246,189.51725821595278,190.5960196461839,171.68971273374711,184.53776601332964,196.49979003605748,141.80829145866264,224.25529324383362,103.79151132617281,136.5800609160975,135.58984009289236,123.51636867978921,103.33967673171972,124.07222124276191,True,0.2698192230021058,,4.086622411817264,0.9953552730655946,0.5494442575633813,4.606102357516109,33.0,33.0,28.0,29.0,0.336,0.227,0.5075
calibration.db,0,80.88172691838236,63.76746548484393,62.255249859417745,50.52961515844923,61.32683980541373,47.602169691996075,38.61540043530399,71.29844913908713,74.23897878591353,56.25001120710439,78.41802724137239,62.10878959379726,57.96659456332222,79.44902968379338,82.14415795280725,83.54224511786049,True,0.6422688831118438,0.6681634920188465,0.41057560400857873,,4.9659883005210474,0.3585390425955353,0.0,0.0,0.0,1.0,0.0,0.0515,0.9935
calibration.db,1,122.26215779195452,108.86962838294225,139.64907646786676,127.01449414172428,109.59414110111656,102.90899930741644,65.63054393916627,150.22541706926816,61.59252385549092,135.3287365861875,77.84869944083624,89.93832063709239,91.6916808139528,94.82259980952287,92.46452769891472,37.596267959574185,True,0.624017483170134,0.5975445281627711,0.2885407862857493,,1.6967161661454464,2.8396176671241418,4.0,5.0,0.0,1.0,0.606,0.0515,0.904
calibration.db,2,75.16985165481884,55.354062281053615,78.83004428232347,68.04172492367034,62.14059456088895,51.1816323848864,25.01353682785713,90.00742733756505,32.219735807674226,77.91996706984415,39.780318781501094,44.92438008614421,43.46209467611388,53.00690261441828,48.582184047126006,16.972813970905506,True,0.742101025518477,0.5583367733992952,0.3351847600569638,,1.7433150523186633,3.7589478940741192,5.0,6.0,0.0,1.0,0.3965,0.0515,0.9065
calibration.db,3,146.67940015606558,103.10253656889658,162.32290528796574,157.46237367363435,152.74653462831438,140.012885579128,134.8823832724551,175.14640739812972,109.46049335294997,185.5458022727634,80.40861585101044,108.1165419537447,103.80128161973461,103.99041716333528,69.5081719142036,69.22080104162774,True,0.6325490791483513,0.6615613161136392,0.5524934683301698,,0.4469744463812443,4.719622862901673,15.0,15.0,4.0,5.0,0.3945,0.203,0.497
calibration.db,4,79.30467417982624,61.85737055305235,60.93777412441278,49.18275334757056,59.91141048416304,46.19653572936997,37.44485507966761,70.00056412133131,72.68151676460656,55.15782872046459,76.39038800608594,60.37990879656027,56.208327690211505,77.61729762099839,79.81776027947134,81.49011748601261,True,0.5612350123572355,0.6761129244327737,0.36493238927251814,,3.4837958611612505,0.45516851464790997,0.0,0.0,0.0,1.0,0.0,0.0515,0.9875
calibration.db,5,120.15260044752782,97.64009794678756,133.4310434510054,123.92432617529836,110.4926344452936,99.92796599341276,64.22647827245628,146.37759298197795,57.49007015503945,136.08983460047003,66.75773503914283,83.12227936709465,82.55203273539429,86.4639948402282,78.66045012182741,30.19573642000547,True,0.6561484907736085,0.5568177169294697,0.581255321765865,,2.664513530852263,3.3665448382880827,9.0,10.0,0.0,1.0,0.602,0.043,0.8765
calibration.db,6,128.54806636342022,104.00504215169305,141.06525458423326,132.76034130930984,119.86160901947964,108.20187488832983,71.32577779775583,154.80489079966063,63.113081594561784,145.6341435537359,71.70378365533585,89.84197680516321,88.76560041708747,92.38027052960638,83.90686431719615,34.84436456268104,True,0.6630062837501198,0.6458580230972182,0.54706931931369,,1.9070998110715127,2.8148525850531443,11.0,12.0,0.0,1.0,0.6245,0.043,0.88
calibration.db,7,151.87362008156512,140.534421767597,176.72050804327128,162.75754906680174,139.44608586156014,134.9476619106272,93.23923582346964,187.07456808117317,83.05901768586061,171.11882225213697,102.07657505505507,118.12817840421081,121.39931824705647,121.47458462064962,118.47617776200993,53.210625289440415,True,0.6993827570703428,0.6517273250562573,0.4300800052463809,,3.2667254983101905,3.2666652818604196,3.0,4.0,0.0,1.0,0.701,0.043,0.8835
calibration.db,8,109.65323503601824,68.25867959821672,119.7839911029284,113.50763840002894,106.90365522668931,91.4926232190563,69.22379500231776,135.54371325963612,54.68028268918406,136.2636139289163,41.80865623942919,66.22510131717752,61.78368230491092,66.74335415070479,41.451202012573034,16.963890609388226,True,0.7076029812640394,0.7286813336683514,0.5880256598249883,,2.3455058363458297,4.223062912770359,14.0,15.0,1.0,2.0,0.4985,0.0415,0.698
calibration.db,9,139.845967799996,130.61654113629348,159.35642947860973,145.9870816570386,125.9933412305571,120.69158366062462,79.89537658739532,169.37820962433298,75.88793815411827,152.23911793788048,97.09920401886342,108.50906893417148,111.38715223098224,113.50786034020015,114.65457393703471,52.92777876622493,True,0.5594054687729507,0.6013007284993616,0.27961860851831244,,3.589633092087405,2.74486406907777,3.0,4.0,0.0,1.0,0.6475,0.0515,0.9355
calibration.db,10,105.92598334486416,53.5721049682731,104.27688054906847,105.86159397043733,111.7703422541669,91.54200425092645,89.29358962583666,121.31196506776983,71.90273393524151,135.03312227650133,40.267686313952645,64.69027407949946,57.502622201429915,61.98581614252123,31.66787780043371,42.85305807828629,True,0.6697486939427819,0.7142763380766093,0.506130161665446,,0.5544603775293122,4.819512313162392,22.0,23.0,7.0,8.0,0.299,0.151,0.5955
calibration.db,11,79.25823835908474,61.044752396841034,60.9245104748107,49.11189712676338,59.796459689942864,45.90376575504216,37.201273682138385,70.21300962203195,72.2527604308722,55.45970478694322,75.48970437986802,59.8417245793776,55.579400348372744,77.11889160472244,78.69688205903205,80.35399118927708,True,0.7095013623147418,0.6911591540546188,0.16689223587450963,,2.552460422355629,0.5380530304651002,0.0,0.0,0.0,1.0,0.0,0.043,0.9835
calibration.db,12,76.29623666907112,59.10284077087431,77.2602264891648,65.86888651887347,61.21562121616502,50.46595732035373,24.707750132815022,87.99633567439174,36.935765749399586,73.87612616129955,47.011369816026885,48.25053084973723,46.93143278573503,58.05343767533262,56.947698753468416,26.266954210107343,True,0.6221774396674359,0.6385389452888711,0.15111709049334798,,2.5373548696459363,3.174721316563476,4.0,4.0,0.0,1.0,0.3565,0.043,0.9435
calibration.db,13,58.49614513662605,35.69459178042077,60.11377598739185,48.96040025237483,46.154845356465046,34.710596296640674,15.185497901225506,70.90982781258276,24.12705276325049,60.74008033042954,25.516745371624864,29.278107764060472,26.87487311018279,38.08262712123227,29.725242453744315,8.99804377543947,True,0.5655566722432912,0.5804647137834679,0.5570438757517333,,2.6302402683876296,3.786689056714044,4.0,5.0,0.0,1.0,0.3085,0.06,0.857
calibration.db,14,79.78896594643034,63.92953402280199,61.312458714812834,49.67752075969314,60.50579496150695,47.144926007158375,38.25568676936055,69.9205652915844,73.92718443765486,54.86468500397567,78.65827313309796,61.87300203249356,57.88780485476923,79.04797633271122,82.57582766793436,84.23296935348672,True,0.6991772491097844,0.6594172470693076,0.24658009424573918,,3.330532389843757,0.3910612704298065,0.0,0.0,0.0,1.0,0.0,0.0685,0.9965
calibration.db,15,153.78467930064716,109.85963055745142,173.2394981581392,165.55782290277,154.32276256355436,141.12196754229512,121.05397070094259,188.38509172209308,96.40236047504719,192.00219734739636,77.51665718161999,108.48167710933151,104.71170972400459,106.18107528082909,72.94795507388599,48.14324871217168,True,0.7001354875731367,0.5906711464321724,0.26292053139500565,,0.4855125286369909,4.243958657188455,13.0,14.0,1.0,2.0,0.547,0.063,0.581
calibration.db,16,65.37410627618648,44.43039771376999,49.26943061422317,37.57416747034831,48.01005307523807,34.18296065369572,27.96860736952239,58.473287380370785,59.10552462130578,46.129802417815924,57.8765788673021,44.92706932458007,40.374971598026804,60.94869564772224,58.179580793507114,63.26615799217298,True,0.6373488510711043,0.6746363199460965,0.4699358172401037,,2.035683900112691,2.4638324586914457,0.0,1.0,0.0,1.0,0.0,0.06,0.9275
calibration.db,17,128.51901592701924,93.81738103783255,149.69105922076147,142.84509886874588,130.6747805634201,121.22976589899838,107.94499224195373,162.10510101374408,81.95408370489662,166.7058726080006,64.9103702468688,91.45456892634299,90.40835153396095,87.93235500512182,62.04188469087751,43.51984881926901,True,0.7310833837981376,0.5802918043851414,0.21803143151563426,,0.2930600922206483,4.5564103704855246,12.0,12.0,6.0,6.0,0.4945,0.159,0.571
calibration.db,18,100.24773785416944,84.59799797403436,111.43159533323912,99.33354870803993,86.77187498328452,78.31590612644007,45.4590100214542,122.2734861719445,47.19855041732192,107.92816032833184,60.573523949597075,69.01966459629205,69.50364174012628,75.7034914141862,73.16278288182602,27.555582319543852,True,0.7394915664913604,0.5738534829319863,0.3666946753388788,,2.4251924469751334,3.50016703848079,4.0,5.0,0.0,1.0,0.513,0.043,0.9145
calibration.db,19,56.58838361457131,27.07629213938152,57.46694512715008,45.15592079264871,45.87174319295863,33.94038053206868,25.490454449120843,67.93030483782246,34.39972909638386,61.52667235483123,23.784143169162455,27.60882384581389,23.763892899458366,37.01209908652388,19.324220844203374,15.436962280417692,True,0.7365956277387655,0.5925302161673174,0.36755912871650326,,1.0053632999984017,3.651626152929124,2.0,3.0,0.0,1.0,0.1815,0.06,0.7425
calibration.db,20,66.02713018449128,45.30544975089844,49.74940318682721,38.073730760201485,48.555328038672585,34.7217053780472,28.350626355880706,58.94019947480873,59.7454880514445,46.45957949150985,58.82999377342712,45.681311938672124,41.148804929368005,61.77150577218631,59.33216799166511,64.23589849600562,True,0.7471290321632622,0.557665636197307,0.4347369880820112,,2.11062816198875,2.4014778284245772,0.0,1.0,0.0,1.0,0.0,0.06,0.9315
calibration.db,21,58.93312563601032,37.16672398704924,43.80360484399714,32.66914667893305,42.91777121657328,29.021793255725548,22.897933347201814,53.033843026057795,51.717505560999484,41.92096792295753,49.217996891879245,37.9051112902101,33.216697382160596,52.91831048002868,48.933640026193444,54.44410822378354,True,0.7366003214855864,0.5681886350866484,0.3045438955684447,,1.137009030329044,2.8172064193274435,1.0,2.0,0.0,1.0,0.016,0.077,0.911
calibration.db,22,110.49476472955251,68.89206939647416,119.9573767008259,107.76763285518528,105.60238083824615,93.12910054840168,89.18601497843113,131.99961425355224,83.485222884505,132.67109735321603,58.685018510297986,74.47690953364085,69.50778737514348,79.62565569972196,46.09916443027427,47.002580776006,True,0.719880663014065,0.5552608007407267,0.300652542735535,,1.3880448396592613,3.079566973609789,4.0,5.0,0.0,1.0,0.23,0.0515,0.563
calibration.db,23,61.31860808212791,43.06449623812917,51.9010178374052,39.53621793857576,44.05728153010663,32.01880726136595,19.219796760769846,61.18777906229491,44.464215241415246,47.379198656058776,48.02654639480609,39.09072055251305,36.07572327251042,53.41421658597196,51.80173584508833,43.85844967107072,True,0.5632835428378292,0.5768896472820834,0.5015652679838414,,2.969354921566475,2.974496197608282,0.0,1.0,0.0,1.0,0.1175,0.0515,0.9335
calibration.db,24,109.26425069731837,94.97803809758248,121.81170226579192,109.59597190200995,95.60645036871874,87.64719798744966,52.73903411003562,132.58908375437088,53.539056698182776,117.552113216846,68.93880521965285,77.91422638798076,78.86191150834848,84.2910012497906,82.90498597489236,33.535350993875056,True,0.744831666057486,0.57596038410353,0.36297016008891325,,2.91157358872236,2.924055624058397,4.0,5.0,0.0,1.0,0.5435,0.043,0.9255
calibration.db,25,59.45303124200395,46.03574011962497,57.98827989882936,45.081640753323626,43.477685388425655,34.19284639311781,15.698174753703082,66.32921232189042,33.89580798224377,51.655711690560594,42.236989636892375,37.0989031389137,35.9430496161644,48.96960528213624,49.08253454959106,29.442378773129892,True,0.564154786522912,0.5632921104902998,0.5813560201407035,,2.71528913708336,3.118329968393184,0.0,1.0,0.0,1.0,0.2365,0.0855,0.9285
calibration.db,26,154.08535959123603,146.5244396734492,178.3000996556493,163.91345001698252,140.38457834976256,136.6803807775429,93.84173219730226,187.91817783095473,86.30480984588343,170.11693913011294,108.9755592188373,122.40312483172949,126.27589111439511,126.55505065803483,127.27300131880362,60.049708259818686,True,0.5835816904562536,0.6130912119133105,0.4583288827304685,,3.392381018349692,2.7222501599809497,2.0,3.0,0.0,1.0,0.697,0.0515,0.9185
calibration.db,27,103.25380611924363,80.31142690280292,111.0997627559106,102.1208409282332,92.66200962642642,80.83393654552592,48.02396989210425,124.03428390892888,46.78690475639838,113.65421108430809,55.210466531184785,67.79498832314088,66.3705404396036,72.73477534473018,66.36206742899111,24.525661517120938,True,0.5749062422980407,0.5795437802254272,0.5959136528775012,,2.655388644709667,3.2571351188078332,9.0,10.0,0.0,1.0,0.5295,0.043,0.901
calibration.db,28,53.86179489310568,33.86800937236499,40.47607648647835,29.902922234758186,38.81643826124767,25.468414653623046,17.095177323538156,49.413802639785786,43.59083255297023,38.45054706766368,42.96660038864721,32.89580660404023,28.63846265897878,46.75722032507174,44.09706829106774,46.11716106655819,True,0.5629200241818969,0.5880434738411147,0.5794426272323807,,1.9690037916362977,3.0310004224690528,2.0,3.0,0.0,1.0,0.06,0.1025,0.919
calibration.db,29,48.59636209537663,26.679384671164115,39.844856371739205,28.946342988419637,34.423123162033136,21.775473636815672,12.706124005794623,49.4781612655161,33.4423188608598,39.447849063097685,31.370254182522125,25.40176797955239,21.87317732523002,37.845346047420044,32.38035702917351,30.429759387962633,True,0.5547142898250396,0.588225681282524,0.5605021825188626,,2.386151678760005,3.4289851343398,2.0,3.0,1.0,2.0,0.1085,0.0795,0.878
calibration.db,30,68.92712988508285,42.11120603714668,68.65339742075152,59.84974025461005,57.78682286784759,43.9263684361009,20.678837308089893,81.39930328083157,27.30452130420416,72.71650665501342,28.658383005799344,35.850124279899205,32.5050598081415,43.37626566615964,34.49412401327767,10.375053629291036,True,0.5762243617847562,0.6078720804573192,0.5043695953099505,,1.224693708997567,3.639804337482512,8.0,9.0,0.0,1.0,0.3635,0.043,0.88
calibration.db,31,228.33344342693516,175.8163554986574,251.73173906477922,246.66099307878372,236.0007363334813,222.56557512536196,214.2942146039778,267.5355817079842,177.13691538280892,280.3921429107686,143.30485667478723,181.5134449371927,177.4647584406262,174.72521651278518,131.3949811800231,122.12447124503602,True,0.6878550690872864,0.5744849767210888,0.4958270336643723,,0.2983768952016824,4.3633774207977325,16.0,17.0,5.0,6.0,0.507,0.1145,0.4145
calibration.db,32,56.94328560961336,30.88756749520786,54.033121135908765,44.61243398839984,44.7288894679911,31.171375636167518,13.201047349808778,66.1282996892463,23.827360315798995,57.273727811923976,23.421673798803763,26.71405166466345,23.45337715321716,35.814056998359476,27.673684644528834,11.014578137059846,True,0.7290680676820861,0.6475714897807723,0.315862506646967,,1.5300101412601466,3.756630508207605,6.0,7.0,1.0,2.0,0.277,0.0415,0.8725
calibration.db,33,116.28953001788253,102.03785695439718,136.23695402857714,123.47702186749335,105.39879271372928,99.38398337238851,64.0976762948936,146.32320042107148,56.73983371386072,133.12090543596406,69.96205489208744,83.94045513872601,85.71557219961406,87.6705468236482,82.41843574916513,29.980016485993033,True,0.582953175401386,0.5820957126739589,0.4727664944487151,,1.419451407573472,3.4645928970038233,4.0,5.0,0.0,1.0,0.6085,0.077,0.858
calibration.db,34,99.9095711351654,63.89305501266423,110.41659225149493,103.75376035296036,96.4073930976535,82.43810548303301,58.82533096474367,124.88383810104719,46.13167223438475,123.81287758581402,37.626288089843776,59.39887566766554,55.87271622870662,60.26258610199225,39.44315905073093,12.48781132986393,True,0.5622693091073242,0.551868317396639,0.4639052005966251,,0.8951434081445317,4.264676608073523,13.0,14.0,1.0,2.0,0.5045,0.072,0.732
calibration.db,35,74.83285325361703,50.79534607082524,77.3243670981173,67.70668337859777,63.09339968829158,50.56025189542367,24.96873153409446,89.59433381329967,30.471396000887907,79.4972278078526,34.8075011715491,42.24561641276407,39.84117287405187,49.589950552447036,42.31291218464596,12.9516168297332,True,0.5559548826105628,0.6295255678987822,0.4361345904210053,,1.5435354704535817,3.478736836391393,7.0,8.0,0.0,1.0,0.3995,0.043,0.889
calibration.db,36,144.41229222537237,107.00887766576545,165.73062538759962,160.02917773022577,149.13365799193744,138.9179227303601,127.00233433441846,178.20557775982098,98.18497060376023,185.50194313994174,77.34434566830083,106.2570009340029,104.3395757485396,101.28969556584131,72.17785603122286,57.517342712020074,True,0.6094044094213154,0.5602765527715944,0.5279354930900387,,0.45658602394684644,4.253492886059886,14.0,14.0,5.0,6.0,0.499,0.1925,0.5375
calibration.db,37,53.24385412400761,27.875835303220363,49.26121227461129,43.13797246767526,44.95915478285769,30.681039666143256,12.20852945877923,61.14927954624226,19.2464794218598,55.49886487570693,18.330360185663505,23.538346622811726,19.804150805767907,29.824448569481852,23.39585784838531,8.948899119961595,True,0.702916858848434,0.6406096347070446,0.3570234339785197,,1.3684335284345575,4.094794328971929,11.0,11.0,2.0,2.0,0.3125,0.125,0.8795
calibration.db,38,116.16001641233991,84.84596740731216,133.51415993956823,123.50394460042153,110.22082847040718,99.29900583109345,71.05979175988882,146.96043324468158,56.99400997352213,141.93618033150372,53.72144294986446,75.97049011585302,74.22957460008783,77.42965287470399,57.55220988098694,19.364796987424555,True,0.7305303120911106,0.6259303783136894,0.44478429784457896,,1.0020535937306243,4.18464514043372,9.0,10.0,0.0,1.0,0.567,0.043,0.7335
calibration.db,39,100.58076341749083,78.56275637918576,109.25606028573445,99.63115207820037,89.62103928603854,78.42677539004418,46.09870635927534,121.80182928113207,45.10117189521545,110.9428318202536,53.75044354567049,65.80259513218897,64.67667235874511,71.00262541680101,64.69427502665297,22.82053735822766,True,0.5525363453815494,0.6314345138298201,0.5404870243872628,,2.2925412752616667,3.2262962950332623,8.0,9.0,0.0,1.0,0.523,0.043,0.8955
Resilient_hab_FAIL.db,0,47.550301858498244,20.89052663019312,46.45794307470434,36.51884192359445,37.42974590699061,24.9106511483218,12.578618233614938,57.266478849592836,21.24626861190886,50.73158010762315,15.512081917236129,19.05485915756939,15.625723145481995,27.43045167150765,15.480617743462538,7.007022187076415,True,0.7,0.64,0.36,0.45,1.37,4.314092420137293,5.0,6.0,1.0,2.0,0.23,0.087,0.805
Resilient_hab_FAIL.db,1,89.59210125822595,46.96453524057881,83.04300545338685,80.99939904749009,84.93103806230154,63.92145638167636,40.052836414873326,100.38712195763343,39.10066710001283,100.36197428569857,29.940554438160376,46.93054722636143,39.584197668192154,50.31668518149619,32.90086024459227,15.527635225190684,True,0.7525923386877873,0.38442503012508417,0.6680093223679306,0.4608826612477878,1.9225136516579602,3.3918128849774716,19.0,20.0,0.0,1.0,0.4155,0.043,0.8475
Resilient_hab_FAIL.db,2,153.3474434744511,108.01285290498461,172.08034817426318,164.9992006049773,154.99223910178046,142.40675696597918,131.84830378197208,187.1091157027895,105.82985913910035,193.64202690622395,81.10382272404289,110.70931296437313,107.73029315100455,108.21118688360943,73.93589086622318,60.40945331854915,True,0.7826867169713392,0.8300022391267803,1.2346589635474594,0.541861477494478,1.4228318442560453,4.3950471092398224,12.0,13.0,5.0,6.0,0.454,0.0675,0.5215
Resilient_hab_FAIL.db,3,130.1452818334229,101.01466600426274,152.23700712168068,144.04747363748535,127.56673190597883,118.30871371309797,90.77158202413091,165.31588516684602,68.49165504655741,163.0294969411364,65.14564971544219,90.88026468722425,90.79536993336384,89.00841544277819,70.58499918359261,30.498808871790516,True,0.6968946131835684,0.33886281480320196,1.4116559971384588,0.7031547028098823,2.9303268022380444,4.280371206164956,11.0,12.0,3.0,4.0,0.625,0.0965,0.7015
Resilient_hab_FAIL.db,4,151.30077686668395,106.82509957991608,167.40560493086534,166.4277472368496,155.74922050053246,141.00107290893894,123.74039459242397,184.8383930429397,91.85066264044012,193.75595143788934,73.24190366959927,106.55673296931778,104.43397751170431,100.38586054884293,74.50492965876711,51.888097176751394,True,0.5236184156348471,0.4165504333920438,1.1912894984798323,1.1117320201969179,1.535413793168844,4.474024407868095,20.0,21.0,9.0,10.0,0.576,0.0925,0.609
Resilient_hab_FAIL.db,5,133.4304739104265,84.81562768084807,144.3822449949265,137.02642110574442,134.50430445285465,119.27404853446973,111.81732635754025,158.88197845426652,94.82039129237809,165.58109606139837,65.95803787750806,91.30277454440302,85.24249402279409,91.35251263763845,53.91596853432556,52.01874853282882,True,0.6108819110506821,0.8039851526094688,1.1069015213746638,1.4764665001499835,1.560430115167361,4.207060024324435,12.0,13.0,1.0,2.0,0.349,0.086,0.533
Resilient_hab_FAIL.db,6,68.36342615792188,49.858974470086665,51.02431659999738,40.68016987381482,50.899318983663306,36.94353040468848,28.176183686011733,60.50182241818513,59.5755592786451,47.58653931141579,62.134506068981935,48.57423403113937,44.52095335802236,64.13812957405665,65.84791139022309,67.35623000432909,True,0.6192205859295141,0.639671610439065,0.26019125987055947,1.1556446200107935,1.345979487725185,1.1527072347656957,2.0,2.0,1.0,2.0,0.029,0.07,0.973
Resilient_hab_FAIL.db,7,175.73076745487688,136.6322059997871,199.49203729058445,191.72990040252077,175.42311312297596,163.3660296376655,132.80953616889693,214.75186614731675,105.22206570449207,215.2750978575134,95.42284366950723,128.84795406648584,126.36678771051835,125.3874827718825,96.96224913513264,55.286054148912434,True,0.6525644752282478,0.49844471413946223,1.2918859850992161,0.3422138298367019,2.4100452012540936,4.206953811981804,14.0,15.0,0.0,1.0,0.687,0.06,0.6455
Resilient_hab_FAIL.db,8,80.77974029070512,62.974331070343794,62.300686964614826,50.730964657467986,60.99517010462533,47.19886059769777,38.66683976992366,71.83577060128032,73.56059006983658,56.94569853235901,77.51379982737429,61.606044778019445,57.768866752111805,78.90421308928977,81.70550753168969,82.69569493610274,True,0.8240138495067546,0.7530430642439481,0.17477754163104017,0.5958498432371295,2.216644634185789,0.2924169402139556,0.0,0.0,1.0,2.0,0.0,0.0335,0.9905
Resilient_hab_FAIL.db,9,110.62786794434976,75.34026446180376,126.65716207098131,122.28541502597238,111.78921384616943,100.13251804390308,83.70012502768967,140.83225724499022,60.06435085632945,144.98312403302293,46.78380036338857,72.38717938229061,71.16980390255888,69.18028879544318,48.267483551794285,26.533220905024486,True,0.8312184307786536,0.5520804704926369,1.46918542316216,0.3563505307425733,2.0163232238020914,4.64916127925849,15.0,15.0,7.0,8.0,0.512,0.129,0.6455
Resilient_hab_FAIL.db,10,174.3089102272004,124.30250121728294,190.273783321726,190.04081189168483,182.52530037874033,167.3532651198422,160.09535482548327,207.3777374737029,124.86346857804001,221.63766486018665,95.0545150726305,130.0787742178366,126.81156564264072,122.56110677003335,89.2257993735607,82.3138650520384,True,0.5816319848155287,0.48147200310087224,1.3752667923770094,0.8320090053639295,1.0197179780826542,4.5537662457527945,21.0,21.0,10.0,11.0,0.488,0.1345,0.501
Resilient_hab_FAIL.db,11,51.580029804492874,30.07682802171071,40.42362156978868,29.475001940195725,36.60236830055073,23.64780380240158,15.884957237441796,49.95063688103774,39.70343120408344,39.41335367289714,37.665767094583416,29.50497301699055,25.684655892719807,42.90054286029941,38.518685850135014,39.35071294681131,True,0.7124786877414344,0.7502692130957098,0.27717134822247336,1.2724129143378375,1.7765777854364015,2.262716535021508,2.0,2.0,1.0,2.0,0.0715,0.077,0.892
Resilient_hab_FAIL.db,12,61.24348655221836,38.554972687617166,58.869281575871355,48.63901035627487,47.972394007302334,35.267454784216326,14.839718994517447,70.16212035113703,27.313603804272002,59.33569392494191,30.47829012175913,32.22380513872613,29.337117429323154,41.90200509103086,36.17886417201335,15.935630430700266,True,0.5794867288215213,0.571593929514993,0.289252218640497,0.36691667828560537,1.333756993869091,4.089872062954938,5.0,6.0,0.0,1.0,0.2925,0.0515,0.901
Resilient_hab_FAIL.db,13,69.5847811359772,27.141507633254328,68.72401188994273,64.30757786396681,67.20575264832902,49.93111991198215,40.468670935374575,83.5986982419284,35.179849920825774,87.11017931119505,15.767963933748238,31.927967385971037,26.018642757881302,34.74052169146585,11.091071026674133,9.661573081739125,True,0.8549404483247338,0.7542978279032074,0.35211974982269906,1.2621586127690592,1.5340495278412556,4.4868173285343005,14.0,15.0,3.0,4.0,0.2915,0.0875,0.6955
Resilient_hab_FAIL.db,14,80.54611687814975,62.86874394170517,62.09997629666213,50.5391956022108,60.80302055521089,47.05008738221055,38.543369415893984,71.5850249516484,73.41999747873038,56.70617746036616,77.4104956636792,61.46431070444147,57.643874421453106,78.73698590717561,81.60714979203894,82.6439477307159,True,0.7318863722739979,0.783215071692462,0.12283108106274779,1.3858235776365397,2.149213885759161,0.3020080586011358,0.0,0.0,1.0,2.0,0.0,0.0355,0.9905
Resilient_hab_FAIL.db,15,69.44435654388961,46.524013359198136,54.47370287265935,42.6700372293829,51.11690167161652,36.674661461776935,26.622981131013418,65.11865819504233,56.21974832519993,51.86248364640569,56.473938049490414,45.98031212032472,41.488550921980035,61.88425553916606,58.58605199013565,57.002747523440135,True,0.794058531621172,0.5950157232152624,0.2851722091240886,1.4321472888360738,2.2806796579262993,1.6497602226576937,1.0,1.0,0.0,1.0,0.0505,0.009,0.9405
Resilient_hab_FAIL.db,16,95.17780274157246,48.21446751533915,96.75596925679639,96.88600500879464,99.44082520289169,81.92109752846645,80.36611531827626,112.71338095137418,62.737757111698116,124.35770332709743,34.77572821822193,57.08285489378934,52.04776852247409,54.84425087827461,28.43393730243445,36.19122960927164,True,0.6782523663443711,0.8777657359314898,0.5036522521067686,0.5509453591077583,1.1916228683425367,4.490120434897775,19.0,20.0,9.0,10.0,0.298,0.1465,0.6005
Resilient_hab_FAIL.db,17,64.8744608619545,30.416292539493124,60.67422871649794,53.180787660349345,54.953804850947094,38.26862482065024,18.95653866951406,75.04741146693823,25.782779187736864,69.4335288651959,20.125981279018433,28.92787870882422,23.68458620623452,36.50144739528832,22.25885981788037,6.5855904598776345,True,0.8219199832388822,0.5677098897006125,0.5529527948212886,0.475068173309732,1.250335910536813,3.906545647165182,10.0,11.0,0.0,1.0,0.3125,0.0175,0.8445
Resilient_hab_FAIL.db,18,33.22672055836907,6.306948120389387,29.821121538761915,26.218130475684326,30.655455139236878,17.667976166913533,14.673457854643768,40.3925801783663,15.24158055042398,42.33685877261981,2.9636077573367117,8.373173915060804,5.445942902088733,11.785602721819856,2.2871594265968183,8.574121173562476,True,0.6002076153049004,0.7684830923148133,0.7206447347545831,1.1209707805307632,2.3148355689303632,4.3953005432691805,12.0,12.0,7.0,8.0,0.195,0.221,0.756
Resilient_hab_FAIL.db,19,147.88496846621558,105.6252389836291,166.6944990503076,159.80986949394307,148.97551771905458,135.7831974859498,114.6949581065171,181.52705347709352,90.15966678943514,185.22715722220423,72.85882762399315,103.37139560977369,99.66973626708877,100.6216288310346,69.42242238972617,43.97978733080838,True,0.8946705086447206,0.5461313304894426,0.7745631648049305,0.46828761882103204,1.003120278391744,4.22475988112278,14.0,15.0,1.0,2.0,0.5595,0.089,0.6005
Resilient_hab_FAIL.db,20,72.549337442326,22.07277417484428,61.46775365185915,62.12650419404427,73.3960293333667,50.715479682539424,43.78870858352206,78.55547395963771,40.50497613220252,87.10205323296888,15.13922746125674,32.10639117283054,22.99883520736487,33.97750772969451,8.619760863300701,18.720310966761392,True,0.6509012932649262,0.8459350621102992,0.7342073740529076,1.2041830850725166,2.739899397140138,4.3118773625080875,21.0,22.0,3.0,4.0,0.2445,0.1135,0.717
Resilient_hab_FAIL.db,21,79.79712223132908,26.010609457696425,69.40869814200059,67.33263397714684,77.97732621419371,54.710442882458196,45.22754280091516,87.20543262808438,44.75152425741956,93.27515979342513,18.671706350990625,36.2758000777267,26.120342569606056,40.145818795138126,10.283023485705321,16.96631656775941,True,0.5502446816197484,0.7857295560130445,0.6108831744333293,1.2580129254025014,2.0554926851236797,4.105393688955482,19.0,19.0,0.0,1.0,0.245,0.043,0.7095
Resilient_hab_FAIL.db,22,69.45431682352127,23.826498697413232,64.67920149197421,61.16825735068685,67.21363779898196,47.948162211208036,38.80189777804716,80.36506501775699,36.00082557125575,84.63311192826055,14.598649364537202,30.482717342381076,23.090371263639405,33.78685709884001,8.78398126915529,10.96762097088088,True,0.6253136260774234,0.7662289315254793,0.6810849742478156,1.473118703415546,2.700631218398753,4.211116395371747,16.0,16.0,2.0,3.0,0.2665,0.08,0.7065
Resilient_hab_FAIL.db,23,90.48194812693866,47.56053233752942,94.06485091087649,89.76639431151719,88.86486095946437,71.4883837751328,53.43928228277656,109.72925538250217,43.08586170544268,112.47980658637792,27.196857142796595,48.67024264926407,42.750317124709625,49.680387087930114,25.00169612317496,11.00173457271049,True,0.5776306656912766,0.7461077524885111,0.5313196531640326,0.8367784705774781,1.9715836310566706,4.309230960613231,16.0,17.0,1.0,2.0,0.4215,0.0795,0.711
Resilient_hab_FAIL.db,24,120.58962949742983,76.89701186517873,131.7839181041263,125.77584332105604,119.54426784559408,103.73158541154167,81.83407587902875,147.55391671488505,64.92683020555836,149.91697129824962,49.12076015951004,75.82676637335487,70.65726933000985,75.35355137294306,46.65094614390482,23.91462419385926,True,0.4090030400642807,0.7762987292313335,0.9330198603401844,0.8915363042594451,2.343473380359211,3.8884663851140435,15.0,16.0,0.0,1.0,0.51,0.06,0.6665
Resilient_hab_FAIL.db,25,44.99861101716,14.675720330430678,38.72972410445542,32.737773103153174,37.01991076879736,21.643669593753994,10.008911985758873,51.32314868706896,17.571606550277846,47.992872888311595,10.120206101699598,14.937297382727932,10.59280055788244,21.914352680536417,11.439554915291342,6.756729186982719,True,0.6653750149110389,0.6902466884141399,0.7188944870748911,0.5621953755594796,2.609387579648407,4.281682271883221,10.0,11.0,3.0,4.0,0.23,0.0975,0.8295
Resilient_hab_FAIL.db,26,113.46118132591252,71.27512412154825,124.81643595218513,117.5686441248196,110.83950429439588,95.76299125060817,74.37310762974005,140.1862203722734,59.61921538848159,140.99569087256722,44.974789858574894,69.81373471677652,65.0747463145629,70.4991063341096,42.67638008348331,19.547085253602432,True,0.48795202277250616,0.7460833771681175,1.0511093275490433,1.0323504151427079,2.608322776384399,3.846317963203471,13.0,14.0,0.0,1.0,0.489,0.043,0.6725
Resilient_hab_FAIL.db,27,79.88002419180913,59.889117397480845,61.64461035004217,49.90796279287257,60.016362818225055,45.76576947488874,37.50395725405769,71.77579045876026,71.68324660858107,57.242220608413305,74.1292034986444,59.34128048011671,55.251375771724994,76.6798866989829,77.56939751635676,78.68683247400567,True,0.7417117458827409,0.6616000041703326,0.19426775934555943,0.8213752429817438,1.3638803948968972,0.4350612962044411,0.0,0.0,1.0,2.0,0.0,0.0115,0.9765
Resilient_hab_FAIL.db,28,56.77487379001304,32.671639290454806,39.65971985932463,30.464393802371795,42.14697120347286,26.598690089760225,19.087876643566975,49.85171259253573,46.70117192692361,40.30721614865236,43.54217356993176,33.96093788331621,28.47798924904122,47.96819142306069,43.82302537251542,49.42952131931429,True,0.5966553135820486,0.6486408594199667,0.6513059525127761,0.5758861998189772,2.6178243882552517,3.0385863924776375,4.0,5.0,0.0,1.0,0.039,0.0855,0.924
Resilient_hab_FAIL.db,29,62.00425887482175,33.153283122881184,46.77227417930965,35.77743205994742,45.910148499227645,30.05551577165599,23.66863096291358,58.20157695894112,50.27647836604327,48.3292049518227,43.75043513230694,36.21350812200435,30.559835471054388,51.143891257608125,41.91243922243808,46.88759178199453,True,0.7231921445269895,0.7707956900339757,0.623968096908351,0.20903067749178567,2.759520670665735,2.8582134498098744,2.0,3.0,0.0,1.0,0.028,0.009,0.8815
Resilient_hab_FAIL.db,30,70.18549770195513,49.103116711605374,70.331051544891,59.82723998528549,56.55192120425611,44.55862495354697,20.559981083883685,81.73810228626098,31.095351418692598,69.80483975542059,37.315584075794305,40.42690978876493,38.272411463732695,49.57640981765678,45.19881709020541,18.270127425798602,True,0.5012806876027432,0.6260204608601537,0.5977786715138008,0.33838221443076666,2.8979751254531534,3.557314501156971,5.0,6.0,0.0,1.0,0.347,0.043,0.9155
Resilient_hab_FAIL.db,31,118.20923053931591,90.7386459030222,126.13698255540349,119.44411033366914,110.36520868136154,96.71070389020038,62.069496006551404,140.50889248432344,55.92887098898947,133.07713494129234,61.75705421427917,79.12114288539985,76.76205484623327,81.83049784434394,72.66604893920858,29.92940772187474,True,0.46665545225889454,0.4839848601775826,0.7048698836424905,0.31789726484047015,2.7100388319068105,3.069422767467343,13.0,14.0,0.0,1.0,0.583,0.0515,0.886
Resilient_hab_FAIL.db,32,116.43914714443808,104.0354661207145,133.29254059200258,120.14641233988891,103.11236285396163,96.76872294792318,60.515663595438774,143.46784388296885,58.15731507607965,127.97097884072299,74.67623814983214,85.22760633621375,87.09940869018682,90.78595302820817,89.05895557629033,35.52820826984238,True,0.673279515840876,0.5613661243172533,0.45086586550387237,0.8363200198716974,2.862538754430002,3.2757730042950595,3.0,4.0,0.0,1.0,0.583,0.0515,0.907
Resilient_hab_FAIL.db,33,147.19124519585532,121.2465034413255,172.92681750369917,161.0066967716794,140.6795998403271,133.01632849104894,99.00778764682963,185.44974302739539,79.66489470160032,177.88050459136136,82.2033191339956,107.06688106980467,107.57346393119231,107.29281841227117,89.37660611676095,37.916750084647745,True,0.6548996127045096,0.2295202483332991,0.9079036725139691,1.9488085902336572,3.8358638202820727,3.855802093231622,7.0,8.0,0.0,1.0,0.673,0.043,0.733
Resilient_hab_FAIL.db,34,169.15428540288863,120.01986743909299,186.62630436919187,181.77703839305377,173.79662596508976,159.84238147730582,152.23682745371298,202.3300781040302,122.88176624994853,212.62433590563094,93.35012726798655,125.39460865914467,121.60112593929824,121.13841141234195,84.27098620189284,76.72664909619269,True,0.6662824367778213,0.6663944865763998,1.9909836455091878,1.6164075104601432,3.564595098898601,4.405820356985686,15.0,16.0,6.0,7.0,0.445,0.096,0.488
Resilient_hab_FAIL.db,35,107.29040070076758,69.71808662531824,122.12421203015434,115.50336427820903,107.79806183958243,96.76027985095061,89.98221254269905,135.18859578981733,69.99539298617168,140.26214004562934,49.31608304637159,71.5973105676899,69.79428831765426,70.425713672026,44.43497253429223,36.422061279199575,True,0.651159451684289,0.6754813848713158,1.8356389947442848,1.8728327767128543,4.366815098335142,4.114209280980894,11.0,11.0,7.0,8.0,0.3765,0.122,0.5725
Resilient_hab_FAIL.db,36,100.39280876972434,69.83970547242073,117.62548945589361,112.42731592126015,102.44439586161278,92.6646307427883,78.41079420004598,129.36308104975876,55.92198601713703,133.3648376255949,43.103892119934414,66.10241027228449,65.25930604152781,62.86648246320448,43.11372001188972,25.1542424604715,True,0.6760934035331908,0.6783555041858735,0.8073743168557097,1.763066585640059,3.5607271454289378,4.241555267509541,13.0,14.0,6.0,7.0,0.4845,0.201,0.634
Resilient_hab_FAIL.db,37,85.88771092270723,47.95411594816144,84.39498103892788,78.85182629765602,78.2277372485123,60.29649163519583,35.3741201487211,100.53449845313423,35.17214320591128,96.7348794795723,29.81386510799724,45.10509169109802,39.62116098308079,49.95341250512041,33.872644987414084,10.163540156079122,True,0.7047775999799462,0.6724475333582312,0.8530071381743779,0.9976564338439406,3.4969745603748885,3.4228192126236485,14.0,15.0,0.0,1.0,0.4235,0.009,0.8425
Resilient_hab_FAIL.db,38,135.32951010954767,115.15520531097847,150.206280598024,140.5703409932611,125.21123364313486,115.33462317624162,76.44764457012874,163.0374208873351,68.86978762054702,151.5177097222787,81.57913250796517,98.31683569650167,98.4370337439422,101.35408182269667,95.7961215438248,41.684529238102925,True,0.5762530125258647,0.6669744405383569,0.8818763871387206,0.9801429521963323,4.919181205221523,2.7476596903800354,9.0,10.0,0.0,1.0,0.645,0.043,0.8995
Resilient_hab_FAIL.db,39,146.45326468118242,119.2305689329016,170.93602562754242,158.98780130276486,139.13067448277798,130.7807235111751,96.44921325893765,184.0724408679446,78.31567492965252,176.10657908809185,80.85625083977344,105.48957861258263,105.7351720567346,106.31714808232218,88.24919736727514,36.50890242150022,True,0.6961396979989576,0.6884458033140769,0.8891431043467722,0.7740033166997075,3.2922920631368315,3.498145507097967,7.0,8.0,0.0,1.0,0.666,0.0175,0.7425
Resilient_hab_FAIL.db,40,93.58092252349418,53.972201099488366,89.13236723671574,86.34276718889268,88.10965268844603,68.31470225950684,42.14656504929698,105.98331361865158,40.847145872508406,104.36574373393978,34.989072481340806,51.66501802237496,45.21295016802437,55.08683943662895,39.804478882497456,17.51028114615096,True,0.5752450220449101,0.6891673267110665,0.875123844792108,0.7089393000283692,3.1801679557121156,3.202085875894724,18.0,19.0,0.0,1.0,0.4455,0.043,0.8635
Resilient_hab_FAIL.db,41,58.91302562082822,41.922102138902005,45.76338410005557,34.33338970467453,42.48288754006724,30.09623662016532,20.897330574906242,54.13910038035834,49.42198022483397,41.33412063783139,51.57315354738835,39.5347880906443,35.874495161775315,54.195795582556926,54.05862068782845,53.996645091611285,True,0.575457796148443,0.8755961691902211,0.07458135486694495,0.6832386670793242,2.2849487990612225,2.025771122717387,1.0,1.0,0.0,1.0,0.056,0.0995,0.9405
Resilient_hab_FAIL.db,42,76.90909625258008,59.8244388843604,58.92307408980595,47.18827297987991,57.857888053709445,44.36805776740627,35.938798597483085,67.75201477603608,70.76741854231386,53.13682103929466,74.27091757586595,58.317254181967044,54.204893393653236,75.3414680757593,77.47405660443181,79.60802485019924,True,0.5911982924152644,0.8806441448865799,0.08060044434554575,1.1983052883362422,2.1806300316679703,0.8309121380363083,0.0,0.0,0.0,1.0,0.0,0.0615,0.9825
Resilient_hab_FAIL.db,43,64.15733268856692,36.919281320469615,48.30463366568855,37.38968349376852,47.40632203943875,31.645055662775952,23.834054899127953,59.64317608450764,51.65380894365498,48.814070382607476,47.43101124447435,38.90685381009399,33.48556929415772,54.14435807425836,47.0802332589176,50.03475951674919,True,0.7290940137572793,0.6824931234496512,0.46168710280794933,0.0928551467993659,1.9183256162169173,2.8078347639446357,2.0,3.0,0.0,1.0,0.036,0.009,0.907
Resilient_hab_FAIL.db,44,118.17392191798865,86.83438739784063,126.80203690980896,120.0507889723858,110.3722292617444,96.10941229971243,63.01425918092041,142.338976774784,54.773163419420854,135.9651506857279,57.52272903069474,76.97278875840354,74.51941799948851,79.52594714417536,67.28538018963376,25.441962405568503,True,0.7220271091700813,0.676877767710056,0.4244340616459615,0.5223934820266032,1.9187325044722208,3.3567047127133267,13.0,14.0,1.0,2.0,0.578,0.0105,0.8545
Resilient_hab_FAIL.db,45,57.84877496960855,34.19322359485936,42.87347047663901,32.42901918407752,42.034196895843266,27.534170978324784,20.858737114865836,53.11287594669604,47.81283491820517,42.639759890846236,44.87341225919721,35.23826247087891,30.653692511925513,49.740745816029474,45.352208758470816,49.29881720933096,True,0.7385038714697856,0.6731574474073723,0.47555818494573865,0.08200200713534167,1.820337824934,2.9132855696162103,2.0,3.0,1.0,2.0,0.0345,0.054,0.909
Resilient_hab_FAIL.db,46,60.30950023840807,36.02707292195113,43.946356926943366,33.60133040523727,44.2153404954603,29.26969871591901,23.39689672880593,54.32974273291874,51.65094389320758,43.90169854706483,48.15889120934252,37.78422719079631,32.91545319910072,52.72555543739157,48.281811211843404,53.970824071269995,True,0.7225933870751279,0.6742649947602944,0.4251362877363325,0.5224296900247645,1.78312884971327,2.772906848012327,2.0,3.0,1.0,2.0,0.0155,0.0485,0.9125
Resilient_hab_FAIL.db,47,66.41284189970828,44.952732646748586,50.14665565622105,38.41583949804634,48.85905616230212,34.8467980416837,28.505316879066662,59.561528534734514,59.74724669389788,47.153197239620646,58.399006557895234,45.58792759567135,40.9671263013673,61.726470568888764,58.70588271841598,63.57150930966959,True,0.6305348528793705,0.6990000171030909,0.39384378709168316,0.5436317331754076,1.9527036830107836,2.5981711305544812,0.0,1.0,0.0,1.0,0.0,0.0515,0.928
Resilient_hab_FAIL.db,48,69.2987876655929,45.273512360607114,52.775924601336605,40.85881727215201,51.2285069083138,36.490279029327986,29.992919263420706,63.06424800518724,61.0745243319373,50.70508517651132,58.543840846969594,46.73462186381249,41.794927184694714,63.18655453899384,58.418076287679,62.81130551151571,True,0.7588098012967681,0.7238016035155518,0.4907529674172751,0.06589002779954796,2.1017385117777216,2.3866827752236266,0.0,1.0,0.0,1.0,0.0,0.0175,0.921
Resilient_hab_FAIL.db,49,57.7335998671552,24.978131228626886,42.526223418129646,33.20954928138344,43.614793954045766,26.25282303671781,18.487062403768476,55.198885427557855,41.36572397559151,47.56325714225673,32.63238944075412,28.88535685319055,22.46708919565832,42.19620813870143,30.506135944281155,34.750895416562926,True,0.7680292589972026,0.7469482626736079,0.5327007307135873,0.10017143792253419,2.26129285900117,3.5475441357376227,5.0,6.0,0.0,1.0,0.068,0.009,0.8685
Resilient_hab_FAIL.db,50,58.0477647512206,33.0402236455167,52.15249874874859,42.81580401219738,45.07422824285145,30.94046761262911,12.710934353515915,63.891680296540656,27.25524859982904,54.171145031483086,28.069881338249864,28.869637035494954,25.026568205481496,38.99088191789175,32.487678547845874,17.541058845730355,True,0.7940593367419415,0.3574660757895226,0.5793203140867722,0.1401980532667504,2.3913281185333566,3.5846875152726807,6.0,7.0,0.0,1.0,0.2515,0.0515,0.9025
Resilient_hab_FAIL.db,51,57.75410776524672,28.46014425105801,50.437836863937164,41.008773478462764,44.60388720577302,29.24036112209957,13.19442931101396,63.135506481004875,28.185081101525263,54.37179914960585,25.284194240913788,26.819976216438107,22.151482785134906,37.47506108508274,27.566483649313156,16.291043368179015,True,0.7761850596390628,0.7846677405014434,0.5597209904870191,0.06896559668785315,2.4756579787826443,3.746470194834797,6.0,7.0,0.0,1.0,0.22,0.0175,0.8785
Resilient_hab_FAIL.db,52,56.218413661482586,35.85772487572825,52.03436228071236,42.8564371235169,44.01721205932939,31.380119271716758,11.945738935247311,62.42897194631135,25.63174355200061,52.26204090473361,29.42835050423237,29.416175098847738,26.397798743333425,38.72921695281253,35.335461647042706,18.319075098227998,True,0.8076983996344912,0.6112289500102426,0.6818554550414438,0.07476571516474806,2.60220171491541,3.6105257231810675,6.0,7.0,0.0,1.0,0.276,0.1025,0.9165
Resilient_hab_FAIL.db,53,70.55878467731777,24.64407113692348,63.13643393813628,60.51629684329058,66.62454394039507,45.8615098163709,31.90074804126693,80.17660504625967,31.14467216072336,82.78501223595147,14.065682476256622,29.695652305694274,22.19766602235068,33.681869680471635,11.916770090313443,7.744767325749074,True,0.7725394418740632,0.7770139026907936,0.6111390265080826,0.06439598345623276,2.396997258816177,4.521024272282143,17.0,18.0,2.0,3.0,0.3035,0.039,0.77
Resilient_hab_FAIL.db,54,56.60298486936806,20.28929794682305,39.28798222955744,31.90801293352401,44.25200283423793,25.036042915582964,17.227401267585403,52.987296636400174,38.597833638094166,47.6078023628885,27.436528878386163,25.741128541753348,18.268561574070276,37.991133651429934,24.711772807659994,31.226723236815726,True,0.772868684796703,0.7853198266706399,0.6320628558522832,0.13471066700628823,1.9634647273312695,3.4393462957419225,8.0,9.0,0.0,1.0,0.0775,0.0175,0.8655
Resilient_hab_FAIL.db,55,63.868023574083,40.26418055833044,47.75552430191653,36.51459219496982,46.9515530152235,32.27300030295189,25.55096905196168,57.81537628885887,55.2211443696018,46.292321563977204,52.56002442368286,41.48127254455701,36.51565843392818,57.08034691015676,52.48575621965061,57.097608276035274,True,0.7536764391565536,0.7755248685743299,0.4200597812690986,0.07042849461480205,1.8692319990963653,2.7732855387220754,1.0,2.0,0.0,1.0,0.014,0.043,0.918
Resilient_hab_FAIL.db,56,53.7633455374408,28.733666424020143,40.906861372260664,30.46221353289106,38.66390265555715,24.50628623699204,18.866676304200503,51.50334851260599,42.682378920659005,42.04852950069003,37.979160433141125,30.31500688650795,26.122177802853955,44.02549651530914,37.89919827983883,41.694621317450384,True,0.6390409406018481,0.7823458273850834,0.4103508539797459,1.2927268502437754,1.9769690914803164,3.0689189803828456,2.0,3.0,2.0,3.0,0.0455,0.0445,0.879
Resilient_hab_FAIL.db,57,68.90077286098531,32.31832172256376,66.91438297907952,63.311120769657244,64.75748846552483,47.52724166836344,28.807646866282354,81.82828766253081,26.087023133791686,81.69441123792414,16.816957463620504,31.556989117338578,26.26187250802905,34.52548473971231,18.911766294775695,5.017946643348055,True,0.8112329939440294,0.7892682749441484,0.7296769214763152,0.05150569342862922,1.9704268279937418,4.188827531051425,16.0,16.0,2.0,3.0,0.3785,0.094,0.8035
Resilient_hab_FAIL.db,58,69.03785653081675,36.01212984656478,72.8687337758887,67.61550913218433,64.88016396142143,50.45534176324655,32.22165882051756,86.56514989433919,25.907512545143717,85.67933846651576,17.914177316456357,33.33339918661421,29.845465271771467,35.67548957013911,20.336503239474638,2.917774324121285,True,0.8301667749710687,0.7829200932438647,0.7343151316714892,0.33218485712638723,2.2855884080780413,4.3460721568008545,13.0,14.0,3.0,4.0,0.403,0.104,0.7715
Resilient_hab_FAIL.db,59,165.91074924920588,116.1545294862965,183.31079183725996,177.12617729131358,168.18897404550285,153.1157059284962,136.82642739145825,199.7583387084963,110.28515439325227,206.5983706180043,85.4638051100809,118.53905830557555,113.70332364037793,115.5104842449022,78.2422067711585,60.16001566038656,True,0.6100582692846185,0.8406967107846103,0.8019625190060222,1.2614549677205829,2.5008633916390757,4.474067570520012,15.0,16.0,2.0,3.0,0.5155,0.0515,0.542
Resilient_hab_FAIL.db,60,115.11195148318765,75.50207271834462,127.76323475746057,119.38435870283983,110.25717939017531,96.03990909575573,71.08306595939631,143.27292584659995,57.537499003934094,141.2772158065267,47.40438583974016,71.48491581852828,67.61500315106984,73.01056207744905,47.95825785396755,17.71250396539354,True,0.5996559169935185,0.8989587698552811,1.1175549459727616,1.2729064571010666,2.6106639316911346,3.804846280714509,12.0,12.0,0.0,1.0,0.52,0.009,0.7065
Resilient_hab_FAIL.db,61,106.128863393503,60.842730784118416,114.53624892160147,107.01085333768549,104.05398952084673,88.27554340737815,74.05556782612891,129.52499265028047,61.9384972111717,132.2610858203951,40.92090077113963,63.761475746554254,57.93071542722632,65.43196068633078,33.86356331400589,22.792353126694707,True,0.600073670573542,0.8888538650830587,1.311500377589223,1.3690055130517822,2.694654227131668,4.042155703211616,12.0,13.0,0.0,1.0,0.3885,0.0515,0.6265
Resilient_hab_FAIL.db,62,112.60304658279915,65.100423517728,114.59558138402717,112.27753557446485,111.80007588657116,91.74048331989614,68.10010061314854,132.41726156941837,55.65629789294589,136.05032588687746,40.318878351595515,65.84696791685502,58.68728370666445,65.75751397913072,39.83880969052589,20.17162268438509,True,0.6074153845315728,0.860629565320654,1.210830735953482,0.47938127964257715,2.6843284616264467,3.99374044359045,20.0,21.0,0.0,1.0,0.494,0.0515,0.74
Resilient_hab_FAIL.db,63,69.49843966215097,24.78420152135089,65.10095212453056,58.657060272852874,63.38692498306274,44.554958434251084,32.49830848269251,80.71324739384782,34.37360951299787,80.93409945280854,16.186819965219414,29.918062284854813,22.615326506264022,35.90266750182178,10.870732856899682,7.734491865717821,True,0.637281942601346,0.7575786425149477,0.4906603975409694,0.2709362508233549,1.7136248080654877,4.528963268533393,12.0,13.0,0.0,1.0,0.2615,0.0175,0.7325
Resilient_hab_FAIL.db,64,44.99939969482919,14.343676944530882,35.39174161184974,28.188554624770113,35.017540468577984,19.15432559930826,9.864318201968274,47.673614931890626,23.20774068359288,42.98174108961951,14.953257425653774,16.134863968052834,11.082361683330268,25.400000550812127,14.642898305473338,14.664968621631079,True,0.6656854128114456,0.7506663035431437,0.5162243687879133,0.3719486768306336,1.7415132810012262,3.9366857831725115,8.0,9.0,2.0,3.0,0.16,0.077,0.8395
Resilient_hab_FAIL.db,65,83.59818124465379,44.100736407168085,86.11969344534495,80.97402219936367,79.31055822317325,62.464138580438124,41.711895293399664,101.68970929154904,35.2050162629998,101.33447157605829,24.358717539147243,43.010071394303694,37.740555049532496,45.53063140109658,25.195564886567563,6.412345642113525,True,0.6740908432281474,0.7318886872698009,0.4902942874181742,0.32464326556908163,1.710296965679639,4.010061327808485,15.0,15.0,1.0,2.0,0.4245,0.0535,0.7635
Resilient_hab_FAIL.db,66,74.062224170179,29.001233235901623,71.58171729843295,68.70277569311808,73.405374466964,54.71552714210509,45.038262469170924,87.09131547380566,38.62118841505943,92.46417903300618,17.069573073581566,34.956083212377955,27.9702079745646,36.74957359995218,11.602136659709585,12.351944386939858,True,0.6418734234953707,0.7731692734708694,0.6069268662793269,0.5041800866061477,1.6146946579888568,4.476124750804823,17.0,17.0,3.0,3.0,0.3005,0.1055,0.6915
Resilient_hab_FAIL.db,67,58.33432109705024,12.373863880299128,43.60331230513629,39.67181273944267,51.890675218626015,30.25931885302664,23.309545396579068,59.61034755455702,33.125808735910475,61.0793432643547,13.197746916183904,21.255997994190675,12.439411401092025,28.98766229507479,7.387098188180832,16.465971400505087,True,0.6591153404187792,0.776108824395637,0.6344229618342202,0.47226917868665813,1.683625498801743,4.38971479342757,14.0,15.0,1.0,2.0,0.1475,0.034,0.7805
Resilient_hab_FAIL.db,68,67.80417977423339,30.03894220613123,68.52104935767522,65.47322694648545,66.94113654881438,50.57743545991638,37.02220426666244,82.55314268021692,29.351481908493454,85.94927888412556,14.614219755083468,31.417882456686563,26.268611627193465,32.477778601544344,13.215227203566277,6.249142113719395,True,0.6496685180302049,0.7744352586584368,0.6928129385892768,0.47834793223768846,1.967759590423661,4.1525655019865715,16.0,17.0,3.0,4.0,0.3595,0.147,0.731
Resilient_hab_FAIL.db,69,52.28408958464938,16.221476007817643,45.135046062183335,40.36076916560543,46.44713146796416,28.82718199713422,15.770564057247764,58.85094867739905,21.01391432121432,57.92139286489832,9.519110073191566,18.268406555221656,12.037534247750223,24.05538411624633,8.428276644015513,5.12952384418964,True,0.5258257615059936,0.768924452738088,0.6992691041742315,0.4831619005397705,2.1650816547575498,4.236042007748596,13.0,14.0,1.0,2.0,0.2575,0.1015,0.807
Resilient_hab_FAIL.db,70,43.67156077652057,11.280816607395465,32.70138354500498,30.391669157401726,39.24622148223238,21.556993023229595,11.110984014274434,45.60163428468985,17.988945630583675,46.00910324534176,7.935740793132215,13.490731498960793,7.622068404649248,18.654647149095496,8.594019749393638,10.658759976182814,True,0.5284855436948511,0.7569846744727147,0.7451371190892268,0.5015194589849797,2.162417891850308,4.270658147277855,15.0,16.0,3.0,4.0,0.223,0.1665,0.841
Resilient_hab_FAIL.db,71,54.6337388898764,30.735817235394084,52.73911450090547,42.53816959912439,42.51563623369433,29.89496247888125,12.018171070763923,63.73152184825622,23.33194122890901,54.32097121938489,23.504304999144466,25.835208310793732,22.66290755717935,35.064597693920796,27.084912374502764,10.860944129328196,True,0.5680503306161512,0.7524559361831037,0.35013664098259234,1.0834346486676918,2.3282070717785754,3.5430813063693174,5.0,6.0,0.0,1.0,0.2725,0.0685,0.8685
Resilient_hab_FAIL.db,72,71.15442419868884,40.93762890782237,73.92035503860986,66.25996760339268,62.80780514661049,48.74520746968756,26.352398856209547,87.39348878064594,26.336749267190118,81.76893490052002,23.835223077160737,35.79103941861667,32.43702875047824,40.96516414274136,28.33954911793974,4.59947897339583,True,0.5622463234123198,0.7695004650204895,0.9286850433983576,0.7392243979311144,2.2909479447915344,4.217237404519254,10.0,11.0,1.0,2.0,0.4015,0.0535,0.8285
Resilient_hab_FAIL.db,73,172.5664203064002,131.86500091324393,197.1448713492258,190.12272642849013,175.60944053939087,164.6449873710369,145.22099423441142,211.37156056140745,114.10268673268955,216.57858601347536,95.55403366695779,128.89729196561083,126.70060209733782,124.02723643595648,91.96661354505437,65.25563087537753,True,0.4854729458375893,0.7478848478323166,0.8216439593767924,0.6977225700938323,2.3164373710433908,4.192269834239949,14.0,14.0,3.0,4.0,0.5925,0.115,0.5485
Resilient_hab_FAIL.db,74,105.42955390842609,59.269091253721655,106.52650201204953,103.6912779370101,103.45039844278398,83.62716625647211,60.05695100716938,124.11008958595404,49.91178496584001,126.57056074111688,35.96528010921057,59.658106999210865,52.692454213854674,60.484984077289056,36.06640572189495,16.28029481562656,True,0.49690615012673256,0.742331768770465,0.8695577439054972,0.6879371394816008,2.3102585228860772,3.8602411769631875,19.0,20.0,0.0,1.0,0.477,0.043,0.7565
Resilient_hab_FAIL.db,75,48.78829787553188,25.530583393352003,51.2921611318159,47.21966820433528,46.138705301643384,34.07448808237528,18.357566032665005,61.829716067799424,14.54246693393267,60.88363766360619,10.79000649557262,20.672213648396287,18.410285497507545,22.408507635484956,15.082883137727787,2.4242307732583646,True,0.4749785371940252,0.7191836353292512,0.7350219431936047,0.4096748095123113,2.775568426375924,3.9016677252271332,13.0,14.0,4.0,5.0,0.3685,0.228,0.8085
Resilient_hab_FAIL.db,76,63.58951609298561,39.702929127633766,47.14198698838847,36.506116594951685,46.92622358360272,31.81499855446176,23.71193517508023,57.55928195866559,52.85373213095945,46.18054631152142,50.91363010951221,40.50988521282518,35.443096618836655,55.74844765899,51.68572501441882,54.72473468368189,True,0.5257109292109022,0.5974806440218752,0.6785942254168,0.39736391880003574,2.8484720941083674,2.663656972223546,2.0,3.0,0.0,1.0,0.033,0.043,0.9295
Resilient_hab_FAIL.db,77,67.79224296875607,45.92674708966497,51.27802047589449,39.52144666204454,49.994850222456996,35.794161283220994,29.247189373163664,60.89737922769078,60.72310397293289,48.355634089645875,59.41229519292443,46.64006066518222,41.96035116175195,62.929804043660866,59.82263173377737,64.37588437045608,True,0.5373921795386973,0.613099949115271,0.5969726182259439,0.3882290741343951,2.8404343622289967,2.2245983083896363,0.0,1.0,0.0,1.0,0.0,0.043,0.9305
Resilient_hab_FAIL.db,78,82.15647095438354,60.089152624855615,91.70111449179335,80.26375885510339,70.7076168753601,60.652961296941974,33.476373703026375,103.22194691582499,33.890026107240395,92.43253394939255,39.074768498444485,49.30374749659875,48.28393463842031,55.558802681651066,46.62142869960059,11.114061884564007,True,0.5628228413706355,0.6064730117927284,0.5258324182659483,0.37792861989023935,1.4434678284616744,3.722489836605384,5.0,6.0,0.0,1.0,0.4555,0.043,0.8495
Resilient_hab_FAIL.db,79,48.39459352616721,30.27887735273866,41.1498888123516,30.27097500052129,34.15015102671144,22.584058458420223,10.84098929415821,50.08984423568002,31.02441175881816,38.93282595775139,32.790006890157294,26.416383198374124,23.702388480632298,38.402673427665505,36.13262932706269,29.59812901108397,True,0.652529494422492,0.6488837753457062,0.3613565784559015,0.3675084990794242,1.459297233417584,3.356676688046161,2.0,3.0,1.0,2.0,0.1455,0.1025,0.9035
Resilient_hab_FAIL.db,80,53.74842587136737,16.621039103100255,46.130556659055294,37.590043847755595,44.30219390286051,27.756970054269797,21.318797843506886,59.24352995746702,32.24626057239529,56.19884848401911,17.17677616201698,21.639343380569276,15.54990001353606,30.945747555670714,12.08267098768861,15.899404273020009,True,0.6691647205636556,0.808709088836848,0.38762661518393426,1.050704676925221,1.5063448980019734,4.559670304093046,7.0,8.0,1.0,2.0,0.1395,0.0365,0.765
Resilient_hab_FAIL.db,81,66.95754184538296,25.911571091190268,66.32178100178697,61.81142985891774,65.43839747832808,48.91722982602232,41.87230236171739,80.23041958293483,36.746695881901545,84.39755836827185,16.067806161400576,31.237346503725473,25.35036926722956,33.80737978575738,10.083180980391184,12.563374195452791,True,0.664003594227441,0.8025560996534715,0.3708457136313403,1.565712630044014,1.9227048464298353,4.472446334574303,14.0,14.0,3.0,4.0,0.2655,0.123,0.6785
Resilient_hab_FAIL.db,82,45.28628321757497,28.787450283620135,46.6268724643292,34.97778985768777,32.723614796407496,23.724442643166956,9.593570286787804,55.248588022428955,21.085480440173882,44.609407868408084,23.532200845684116,22.2650782011224,21.26830211869857,31.65857687209881,27.82919427152762,13.302340620597702,True,0.651729364914256,0.5955541049454103,0.19474125004301507,1.0344421498767602,1.2323529724651179,2.6402200824136144,2.0,2.0,2.0,3.0,0.2375,0.113,0.8555
Resilient_hab_FAIL.db,83,105.00200232265269,85.02348410244316,116.62917759844166,106.55183166593133,94.51302593809783,84.60291193459469,51.16993584526537,128.59310275967732,47.98246118253808,117.43418006744919,57.781660723990214,70.7779318463885,70.31115796488614,75.19841013181468,69.29281203090693,24.547074314081073,True,0.645024958240819,0.6621104856295812,0.19794371203778116,0.3661315963316689,1.0819921842069362,2.985309220021743,8.0,8.0,0.0,1.0,0.553,0.06,0.8865
Resilient_hab_FAIL.db,84,68.58820014280593,38.846339068225156,72.9772554933691,66.0106459067153,62.60392670146636,49.10368882313848,28.11971770056619,85.67402103126285,25.09502726991753,81.97678358672309,20.691375216606843,33.988083314679216,30.6203663727527,37.62799654363498,23.866117109206304,2.7152554271528415,True,0.6759042923187148,0.6733355221776537,0.3057583183635745,0.37479773217410944,1.0909501880479315,4.30486465660815,11.0,12.0,1.0,2.0,0.41,0.1045,0.7995
Resilient_hab_FAIL.db,85,54.298276067250235,27.67775632402976,45.475096475244776,35.78574560924132,40.72536474905581,25.955644224305107,11.82778014163181,57.121966350934514,29.74696644063518,47.785084023456974,27.60223010721474,26.086239108818766,21.562843561833866,37.51230341661114,29.675540765599944,21.760177582758388,True,0.6218191640424486,0.6655733470169454,0.3083454865836242,0.35007521251529117,1.104365111145143,3.6968497290903435,5.0,6.0,0.0,1.0,0.18,0.043,0.89
Resilient_hab_FAIL.db,86,54.65040297067309,32.37389211143275,48.12565972137745,36.78060736782296,39.41180517197712,26.83198535674938,13.463104922352258,58.70331002202914,32.34176314213463,47.29230507336354,32.969646747736235,29.137437244320502,26.132695280127265,41.41521886556109,36.26528313043641,26.268429802754696,True,0.6949367273313252,0.6748552256713817,0.46337439502241595,0.37322830558456255,1.748160456088713,3.443164890540011,2.0,3.0,1.0,2.0,0.168,0.0375,0.8935
Resilient_hab_FAIL.db,87,53.88824664458561,29.260587054902427,42.288704940778,31.456366596691755,38.73430042608976,24.766538488851428,16.857747167908197,52.78652056876293,40.07777271120911,42.727446127496826,36.506582952005985,29.71694833056222,25.473821704490554,43.2406757580653,36.78210660039076,37.421374829949556,True,0.6062395028023053,0.6817839731197456,0.5966095656145707,0.6263438819581892,1.7958037218170892,3.4162950911241676,2.0,3.0,1.0,2.0,0.0745,0.0455,0.8835
Resilient_hab_FAIL.db,88,92.20671247283221,50.383303090642286,91.82964020922495,88.0390467497194,88.04818547093856,69.15537615425106,45.32796735209063,108.4816319599437,39.79381459466853,108.37332408339702,29.76255653930703,49.296625500446844,42.97869595882822,51.77053970697433,31.604684273389516,10.992843587198486,True,0.7297854254753083,0.6987646912688528,0.627666445152253,0.66046597189732,1.9191820260915657,4.068343029326999,17.0,18.0,0.0,1.0,0.449,0.043,0.797
Resilient_hab_FAIL.db,89,80.16627425359238,36.816916777142765,80.72974970996893,80.52226479213599,83.11750553364678,65.69650591836644,59.184061131621505,96.07737695392129,44.86782882662358,105.14599606325262,22.262680536654017,42.724621397031044,37.57408838710584,41.24329326052272,18.416966341936124,20.634259661395568,True,0.728778321512715,0.7162407896350635,0.7002162130475769,0.6850153017000536,2.069695350679939,4.664421948773283,19.0,20.0,7.0,8.0,0.33,0.1595,0.659
Resilient_hab_FAIL.db,90,148.01443504039509,107.426289542107,164.96867480997201,158.3415832356451,146.42225953220412,132.1768387467079,102.92802156880757,180.97755569791428,81.35658414754509,181.2330007879727,71.53560337638775,101.52958582141758,97.90502762314685,99.77469389735757,73.3747399501529,36.663941733216475,True,0.5876839046945792,0.4767188937663437,0.9046883774094346,0.7273599090243863,1.8005655732409518,3.936387780109347,15.0,16.0,0.0,1.0,0.627,0.043,0.69
Resilient_hab_FAIL.db,91,118.37684448101163,81.97563055277992,133.57930632511273,126.67253711339046,115.75227280340464,102.83253645478977,78.01109481330676,148.37793239621888,59.853479590192805,147.9013343649287,51.15606806873787,76.43489963339186,73.86492626727028,75.81381095500801,53.5434870983568,21.90608322002428,True,0.5926161340178098,0.486405209681876,0.9166023959791194,0.781779665764383,1.6789249018470813,4.180493544861867,13.0,14.0,2.0,3.0,0.558,0.062,0.7015
Resilient_hab_FAIL.db,92,104.9222267494475,69.75307883951942,117.84478728152783,117.90448044926313,110.51216146519548,98.08976535548751,87.55708702016538,131.92651086372422,60.17587068346688,141.27805767240318,43.60862387878708,69.30141623472349,68.37277245357866,63.35798733704719,45.30522266470291,33.394261843238525,True,0.5930735148778178,0.4839413822786326,1.6314539395950383,0.8416027234153037,1.5910650143187144,4.467728588733333,19.0,20.0,11.0,12.0,0.4805,0.213,0.6325
Resilient_hab_FAIL.db,93,57.69177463944152,31.071935793878275,42.70130393506528,33.04136655061149,42.673358016425794,26.857349763763786,17.326071463829134,53.96383121188907,42.43760177541927,44.23979222838117,38.8971587974683,32.104054290123216,26.705567440333805,45.8208322116417,39.4450949021994,40.64765644588168,True,0.5954864507335395,0.6825800870412367,0.5733796843410846,0.6286342308574636,1.980070307271959,3.0631712917538643,4.0,5.0,0.0,1.0,0.0765,0.043,0.911
Resilient_hab_FAIL.db,94,75.63628033337382,48.08049800748731,75.31284180059161,67.70171378340005,65.51155887990866,50.973641652615576,25.614475032145005,88.60273642603663,30.358617558811282,80.69514159267686,32.29533101649706,41.260860933871264,37.70994174732871,47.75960889382817,39.195220311113225,12.806828171446742,True,0.6071547397965402,0.6761255720029011,0.575028915978431,0.2837999617660598,2.226042848095315,3.5348441084240907,10.0,11.0,0.0,1.0,0.4005,0.0515,0.8905
Resilient_hab_FAIL.db,95,58.60987064772707,26.945590785371913,53.64415231465319,45.81911855622964,48.373240984186324,32.46313098263469,14.609267591207574,66.96485461865845,23.635185281699854,60.75522786578309,18.93893322005616,25.184312339104817,20.21496374527508,33.31538503627915,21.023811939798378,7.702739418203065,True,0.6088214164606027,0.6908101225641138,0.5852885536754295,0.28534963987502693,2.2738491167221313,4.281241270682919,9.0,10.0,0.0,1.0,0.283,0.043,0.8535
Susceptible_hab_FINAL.db,0,136.78856927696341,120.10590421976912,158.6832164425902,146.09792961225713,125.99847813532654,119.44638828958527,81.0437604852478,169.99436070359363,70.50288150844376,156.90572446281874,83.97005856384956,101.31978511190965,103.11694193694665,104.27206324454615,97.39564622119352,39.45313261462077,True,0.7,0.64,0.36,0.45,1.37,3.087943081370515,5.0,6.0,0.0,1.0,0.6635,0.043,0.854
Susceptible_hab_FINAL.db,1,96.4507876967729,63.80905867635386,109.43692463214853,101.52357464259553,92.62393646766327,80.49542512207087,57.57585426670081,122.6271226864792,44.77225084291719,120.58065859579452,37.5033279080043,58.104494935420945,55.464449866043225,59.11102962133988,39.247362125611446,11.664240973549994,True,0.41591925612146174,0.7270520600323089,0.8897630384862578,0.2631764614574091,1.2800509976921153,4.236336820730287,11.0,12.0,1.0,2.0,0.5005,0.0915,0.722
Susceptible_hab_FINAL.db,2,104.1622174580805,52.66442563644526,105.13612727552895,101.76516270838921,104.35817697981557,84.21357156872784,69.65211368129847,122.29298322392923,58.30183841359632,128.4777909544869,34.23521271132382,58.63490098279797,50.47639325063044,59.324403800187326,27.136114406831716,21.334231480427306,True,0.5429129041504068,0.6929946784325763,1.0475703460057624,0.4202701529261075,1.8348395249622864,4.386195633875634,18.0,19.0,0.0,1.0,0.383,0.06,0.6575
Susceptible_hab_FINAL.db,3,80.46193551795072,64.00284235547026,61.888811955697044,50.210974467309086,61.0294378508959,47.485852037127415,38.528257072633316,70.71283232414676,74.20803813755779,55.64353133675803,78.70228814750706,62.13013723691317,58.06888997246962,79.39631537081657,82.54902730714679,84.05378589565893,True,0.7326105293899339,0.4147495951209984,0.3481824239399708,0.7973744681875701,2.6890461213268786,0.3643956412389178,0.0,0.0,0.0,1.0,0.0,0.06,0.9955
Susceptible_hab_FINAL.db,4,126.65333567873999,89.01481309948859,143.68801314957187,138.17730773474872,126.79298992947183,114.24296414241505,92.62562887842995,158.57521791355907,69.36626128584152,161.18680564176,57.09925438470851,84.89115951829714,82.68202616959945,82.1726588000083,58.38529133410067,30.430158805902693,True,0.504530032007257,0.4947534529511431,1.4259292052076804,0.2830705378295859,2.5248464311390366,4.394103664918306,15.0,15.0,4.0,5.0,0.5615,0.0935,0.656
Susceptible_hab_FINAL.db,5,69.50593048412469,32.429574511555785,71.79371515047006,67.05931462427088,65.58263568608035,49.99950052646821,34.571280348587294,86.62281043656061,27.889478184478012,87.21561223018378,16.09937678643423,32.41438601972959,28.354086510059354,34.842875676601,16.9717998426986,3.713575365179059,True,0.5681422129937078,0.77679198577188,0.41268509580270185,1.0372259981115326,2.613226976898086,4.177511677000555,14.0,14.0,4.0,5.0,0.3715,0.0745,0.7475
Susceptible_hab_FINAL.db,6,167.65522508166194,145.17421340322664,200.25587139526962,186.68805456131452,161.88881595689045,157.10276503678182,122.2511093389115,211.39525622115943,98.1841753109602,203.3182087359901,101.82109229484914,128.59304247224185,130.5841252787333,127.57662288644957,108.92870359882414,52.810343861655696,True,0.4634204284250684,0.3798531758861436,0.4262879759416752,1.4777543070774242,1.4630834923030234,3.900699146664585,5.0,6.0,0.0,1.0,0.72,0.0685,0.695
Susceptible_hab_FINAL.db,7,68.73362945134274,31.25027736268553,67.34559212616581,62.421093686076105,63.687655214086966,46.580943747533034,28.24349280558826,82.10496794678033,26.594379681661728,81.23780912376549,16.438773948230764,30.908406090810153,25.393232348222917,34.760520935567385,17.100864511281646,3.498044929431128,True,0.46937676136291956,0.6954154046537658,0.5607902902744771,0.39307878033184707,1.2022297263720276,4.262323477621877,14.0,15.0,1.0,2.0,0.3645,0.0745,0.79
Susceptible_hab_FINAL.db,8,119.22629313751472,74.91095713744431,131.66943064450203,125.2518932298511,119.54127241072297,105.76777465936979,97.52528621371772,146.46176122668288,78.31613874241334,152.29092912258903,54.31901445877256,78.97799679791886,75.26781681565299,78.36185546344711,47.33263557722889,39.90835707737842,True,0.8668446345032264,0.8225063667838883,1.2337989395469153,1.384003212831887,1.519088727673408,4.187393382553867,12.0,13.0,5.0,6.0,0.3795,0.074,0.5655
Susceptible_hab_FINAL.db,9,86.89144889490015,60.51621989358763,89.3001425305535,81.38962770723336,76.58717928279738,62.74702107907713,34.17090192798002,102.72851117373793,36.606218925779224,93.96953488532341,40.99275256976424,51.61967726839368,48.746507964932675,57.494106552423126,49.68596908699174,17.09241123156353,True,0.46349165698415073,0.5830661728437503,0.8055107745026242,0.25951161885687835,2.9739144503312707,3.47385325693775,10.0,11.0,0.0,1.0,0.4535,0.043,0.898
Susceptible_hab_FINAL.db,10,67.4949625459285,21.425163395465717,61.25114668359633,58.80634803985786,66.1055419346214,46.417344251213336,39.20566292894168,77.04480952177138,36.21312437839094,82.56692727006336,13.601359002762178,29.143312875004906,21.662375932859707,32.05952982885671,7.598187424470122,13.122483040270648,True,0.4777404722580295,0.8212558542890429,0.4901796168180659,0.32864289495911725,1.0007586229461873,4.638051217064454,17.0,17.0,3.0,4.0,0.2475,0.0945,0.704
Susceptible_hab_FINAL.db,11,137.03150997838145,83.77909276322657,141.43402174122767,145.3904711179955,145.33342660426723,126.27710199235112,123.89425705098155,160.33595092732133,94.76856130665348,176.98002760334006,63.09324116385471,93.86722992450332,89.27269123484224,87.37356933686841,58.491873979168034,62.849943934127936,True,0.7275119746840656,0.6375849959674694,1.496880506144697,0.48364295792838013,1.2669106799209506,4.786316570813378,25.0,25.0,13.0,14.0,0.3895,0.1285,0.5595
Susceptible_hab_FINAL.db,12,296.3513578848173,245.05294758373617,330.6601227670004,320.52337759350917,302.15886288416385,292.5947176422975,283.1080726482475,345.48817885285433,241.0184883674127,355.6336814129498,207.05746365162338,248.42933920356327,246.20457825362908,241.9383893821472,193.2711821362081,175.43389972733902,True,0.4363422817012163,0.8930707420191557,0.9491434982218958,0.9632551180149329,1.1943380866014046,4.146529937252274,10.0,11.0,4.0,5.0,0.5545,0.0615,0.3375
Susceptible_hab_FINAL.db,13,55.25280125601112,33.11709028437593,45.888885393447545,35.24498200161488,40.293760729601296,26.83322457094102,13.362858598920802,56.23367405067638,34.737559484549585,44.99941580418274,35.4939102000552,30.278781126226153,26.451164765071134,42.86859975338345,38.50149505925408,31.01770658000018,True,0.5365351943892004,0.7089149921413783,0.3607080978136851,1.1807549464010176,2.6862192454561655,2.731674451897393,3.0,4.0,0.0,1.0,0.151,0.06,0.914
Susceptible_hab_FINAL.db,14,47.99889859519764,18.797160251196942,37.78186524536228,30.703088206161443,37.511149985758685,21.476552302477725,9.004343657035223,50.04225800174346,23.63716420998089,44.15961563661166,18.188942766282054,18.99277265107362,13.763547598351964,28.393829289347288,19.495269261664134,15.970578779955915,True,0.5764306455085056,0.7345188214658909,0.3810546301964943,1.0136519759635902,2.394372061720302,3.8126492467336917,9.0,9.0,1.0,2.0,0.186,0.0815,0.8725
Susceptible_hab_FINAL.db,15,78.8819238798076,60.93552689208594,60.711816674172475,49.126120710195195,59.32118790574464,45.59973825833249,37.34076032973444,70.1914385555683,71.82191060836196,55.5239058842216,75.36087579303688,59.694234316907156,55.85278282950471,76.8513116998152,79.26124469536933,80.59561794266624,True,0.576165425951916,0.7963213157763287,0.24487075194554006,1.4244907545639058,2.6669232177399693,0.41208056105172747,0.0,0.0,1.0,2.0,0.0,0.0365,0.9845
Susceptible_hab_FINAL.db,16,71.41245249194796,53.81604258305427,70.86665779877984,59.320676696645265,56.03612509685622,45.024684539303024,21.3160645609048,81.39294841478406,35.3495786818051,67.42397857192174,44.28843830656881,44.090662684616916,42.52568048042886,54.58855540983362,53.156764504734014,25.973423345443308,True,0.4061701420046216,0.5152686169259268,0.27878000088152466,0.43226250160634244,1.480817248857765,2.566162529940426,3.0,4.0,0.0,1.0,0.3205,0.043,0.94
Susceptible_hab_FINAL.db,17,142.03439882977557,106.40873808415121,165.13416856544032,153.93403557105543,138.43344365039098,128.48423668368437,104.0480836955142,178.505093043633,83.27006553836874,176.2877287145922,72.86558685209368,99.88255002110313,98.09637958623739,99.73428942681468,71.84453175199141,37.023083340587746,True,0.40467234929672086,0.6415393090308221,0.9071470477457424,1.3270772503349053,2.887141248152205,4.232063897445667,8.0,9.0,0.0,1.0,0.571,0.043,0.629
Susceptible_hab_FINAL.db,18,78.43717219801334,61.68555702302911,60.19157303168805,48.48615799763573,59.22434058183727,45.72471493690952,37.0603671599966,69.00092300066903,72.27590377049798,54.1800267328116,76.24958001802953,59.99715818608118,55.914183473641096,77.12422334543143,79.75147748464485,81.61117568892425,True,0.43381443713894624,0.5826535480768299,0.13025884831567097,0.8035886185901016,2.780797315919965,0.5628415179247913,0.0,0.0,0.0,1.0,0.0,0.0615,0.9885
Susceptible_hab_FINAL.db,19,131.45541536102365,94.18616263153648,150.56449940041125,144.82588126453962,133.70587130418306,122.24649978620954,104.67974071863514,164.12864966139963,79.0660736490102,168.74652310631132,63.16437700968718,91.35962282111709,89.22843827736568,87.68183427539915,61.35290946293362,39.18980886861643,True,0.49353190403909825,0.6544871063081925,0.8191592364022,1.4096085740741437,2.8829834463086645,4.247147916864955,14.0,15.0,4.0,5.0,0.536,0.144,0.6035
Susceptible_hab_FINAL.db,20,163.07138862721976,147.92366994556616,195.34014567978545,180.0287785059785,153.14692782285255,150.06393997540937,110.8753130881345,205.60264529898402,92.41605344235009,192.27137914504917,105.09701719565032,126.95912127765294,130.52212826890613,128.23276000927183,117.2271725173162,52.66318317830623,True,0.5381828202425685,0.42513238280249344,0.4360238263959555,1.3071084043185004,2.946791726587406,3.6075970995563598,2.0,3.0,0.0,1.0,0.731,0.043,0.7765
Susceptible_hab_FINAL.db,21,56.99500566929581,42.26300776109474,49.97722540879937,38.684191193053735,41.34128438301737,30.390104078516554,14.87407141623224,58.67420674791395,36.74771339959125,45.181872581047216,43.28641120519981,35.709084019855005,33.50768291078513,48.162384000865345,49.50191407888845,37.15005635681,True,0.6491423951289736,0.5121625834153761,0.35916326142604127,1.3924426258680016,2.952852844341456,2.1854060225333902,2.0,2.0,1.0,1.0,0.1765,0.099,0.9475
Susceptible_hab_FINAL.db,22,75.53992156678234,43.8810016222415,84.9396062986143,79.31082452684828,74.16880275597923,61.92702444774403,46.14629660482758,97.33124341203435,33.85930556547571,98.4847746431425,23.01626313971011,41.085095275541455,38.37656456739466,41.22970165631236,23.325739966465694,7.584787667183184,True,0.7468822009828793,0.6027537825585612,0.6028921959818961,1.3515832527370473,2.124068703345907,4.360964178721538,13.0,13.0,4.0,4.0,0.4225,0.159,0.7055
Susceptible_hab_FINAL.db,23,117.38185239986208,86.43852909144788,124.12829551833316,118.70674362135092,111.23472427210051,96.26150833483725,62.90135997607163,139.18384945748576,55.096631136740115,134.0128920475648,57.515331256618815,76.74901752890315,73.4813229894501,78.56581420022299,66.83022937209554,27.623093735282282,True,0.6809299512413369,0.6241037652482995,0.7426794283161704,0.7455814223266113,2.2268785710543297,2.926419980114315,15.0,16.0,0.0,1.0,0.579,0.06,0.8655
Susceptible_hab_FINAL.db,24,63.20587623273226,37.64414298580158,73.45779244446626,62.79730843067993,55.92777368066551,46.40361499702815,30.89879966091518,83.92139271542536,27.297001699752357,78.75981938387825,21.58839461924256,32.65770146046297,31.223416615837568,37.29245126587722,22.206946642430395,3.7121511313551188,True,0.5316519534988197,0.6228833863572498,0.41390963954006893,1.1827775379164471,2.089778287181049,4.43921321847954,5.0,6.0,2.0,3.0,0.357,0.1065,0.7345
Susceptible_hab_FINAL.db,25,82.66457432077972,65.17267977721284,63.76842959547817,52.01948607849056,62.852611580809395,48.93869436888877,39.72684364750725,73.0144821886596,75.61664983852737,57.815488536152834,79.8723110844787,63.57702133488112,59.37836693493599,81.07703276893497,83.72679871274985,84.78965608643753,True,0.4612601649302742,0.7976931160729724,0.13573487763378722,0.80194442455613,1.3987203147618115,0.28673987593283834,0.0,0.0,0.0,1.0,0.0,0.043,0.9965
Susceptible_hab_FINAL.db,26,49.640394941254904,25.140595761100577,48.43523714150406,38.492675054209705,38.49206906168181,26.190279930494164,10.971614173985667,59.289485403558274,20.61938307530632,51.21016101174534,18.55765328093332,21.370094102336072,18.40385927533244,30.03590392893497,21.007047973746527,7.934362132390147,True,0.539333414194765,0.6296675379904029,0.5697167014973706,0.8427542495799953,1.4143050933480497,4.077685499757621,5.0,6.0,1.0,2.0,0.256,0.0795,0.841
Susceptible_hab_FINAL.db,27,55.56842322572547,16.29644574672705,47.60962078300872,42.37551956922435,48.9143310967971,30.47098456899478,18.368963371837737,62.28080965140136,24.313318780552333,61.384936454056216,10.62866058321699,19.931902719608548,13.17911870964912,26.418591425098,8.389411036030708,6.3395302028026075,True,0.4037801574608767,0.7723679469186647,0.6351469888005852,0.6608415241778635,2.4953028798469803,4.700048142870305,13.0,13.0,1.0,2.0,0.238,0.0595,0.7935
Susceptible_hab_FINAL.db,28,80.83826504826808,63.000846756927594,62.35098353602715,50.77902582570642,61.043326396403074,47.23617280599371,38.697826262855216,71.89857591811243,73.59585712203727,57.00569770478136,77.5397447727222,61.641597200838085,57.80023373920062,78.94613878924244,81.73021587102653,82.70875064187359,True,0.7416080374837518,0.7435815246401293,0.21148377753681735,0.6895604248673259,2.5385963976550636,0.289991693118382,0.0,0.0,1.0,2.0,0.0,0.033,0.9905
Susceptible_hab_FINAL.db,29,94.32364947201793,48.29356667815774,95.05103183497644,92.98110346732945,93.94134151886277,74.66209416877993,56.79196235075646,112.0259061387579,45.44170828710763,116.7527562214863,28.02502440229208,50.86062102454117,44.247833485853,51.04006677426297,26.335278799280772,14.228359545860066,True,0.48986481447904984,0.7100764711304214,0.9430851316650151,0.954240813294042,1.9172930389927132,4.2998178310507855,19.0,20.0,2.0,3.0,0.4255,0.0765,0.7205
Susceptible_hab_FINAL.db,30,82.39275311894784,64.84535154317504,63.53987122757148,51.78603003127158,62.60772761519508,48.695442963045224,39.522773676162,72.78918894029444,75.348093756237,57.624479042973675,79.52539213319177,63.27989545660243,59.07634337734501,80.76276501306329,83.33008668845468,84.4386557357237,True,0.462830558099608,0.7596403593143577,0.3168735753133159,0.2552841465697939,2.608653552847841,0.2929103351806387,0.0,0.0,0.0,1.0,0.0,0.043,0.9955
Susceptible_hab_FINAL.db,31,78.95003320950619,41.04868850215289,81.42904453086746,78.31552190022384,77.23785578931067,60.799033697956965,42.53974127197634,96.47125947066795,33.105994642828854,98.58194174243022,21.380913145224024,40.32864448886543,35.59066978156643,41.02488925655154,22.65583025229707,7.557493972335061,True,0.4068086021336931,0.7320777848580886,0.7355423953770285,0.6806938351993658,2.280900410322212,4.160665230145974,17.0,17.0,3.0,4.0,0.423,0.1115,0.7535
Susceptible_hab_FINAL.db,32,132.55970211615545,85.14465784160943,141.9518300126503,137.71263318204706,132.4104996046872,114.56121154152694,90.42290026876178,159.31215442534,71.98707470294775,162.99735188110014,55.42732798846479,84.70808164041055,78.66496428930725,83.39146218618467,53.73152393781622,29.428222143363765,True,0.606979485826894,0.5876817275522126,0.6326440506382385,0.6997998308374958,1.2251210731788347,4.404951986750883,18.0,19.0,0.0,1.0,0.543,0.043,0.6795
Susceptible_hab_FINAL.db,33,145.6320081170589,100.31711457795622,157.97577838587097,159.47527938469068,151.35169079438072,135.0472941935795,118.16661436939387,176.0490993523053,86.67065328286097,186.62070430795012,67.91206720200447,100.93403186729196,98.27412625000046,94.05913381903139,70.29205640972033,50.46537857070601,True,0.6067317535601815,0.25718812697639293,1.9179162593769825,1.9117931065656022,4.5044124274008706,4.155246025717697,23.0,24.0,10.0,11.0,0.57,0.1145,0.635
Susceptible_hab_FINAL.db,34,58.3913394327547,30.483035341549012,41.86090392802987,32.91236598634092,43.72091385644466,27.061796751985888,17.75184816264549,53.52716693905261,43.23512604743004,44.44523937439257,38.91405973865298,32.26172329470309,26.391849104648013,45.90423599757606,39.28013693313413,41.90164600914159,True,0.60841757124019,0.7254611010948655,0.6353714709219854,1.8323327189450946,4.699179624992198,3.7816493841113883,5.0,6.0,0.0,1.0,0.0705,0.043,0.9155
Susceptible_hab_FINAL.db,35,160.24521971554498,147.47776453451186,187.20830643338593,173.6417838269195,149.26374179534514,144.78669932514234,102.55126401397767,197.81298662894415,88.77263365722337,183.1545764919033,106.32517206967087,125.12240112761052,128.35516699012112,127.17972219801742,122.13944481352183,55.80886087119168,True,0.605106315396424,0.27571976156028793,0.5928183185708589,1.0200922056123531,4.3127293785505145,3.5731909917617726,4.0,5.0,0.0,1.0,0.7325,0.0515,0.859
Susceptible_hab_FINAL.db,36,54.16666208766242,27.322363957678157,45.52475021145152,36.02548309632469,40.44808343145327,25.734403675318184,12.078424454188072,57.50850181978746,29.31314515768287,48.31223345550954,27.171979712069508,25.867491972732793,21.706685178041557,37.20071799258034,29.800396244980604,21.54839739391856,True,0.5960345866523357,0.8957682302978284,0.6078191153958408,1.025245083256855,3.838793926312511,3.6608194812940904,5.0,6.0,1.0,2.0,0.18,0.031,0.8885
Susceptible_hab_FINAL.db,37,59.59933559166343,21.00581309202506,56.432744379106374,51.75449207046583,55.32107642985287,38.15161176626763,25.481398112389854,70.82340467998641,24.87908979206175,71.62980086597858,10.594184922335403,23.537857227299213,17.691669638638988,27.627405418354943,8.617910021899743,3.7444990949540085,True,0.5717959266464037,0.8946317477386188,0.6066017470255752,1.066740586439361,3.2434041707034083,3.974493037670993,14.0,14.0,2.0,3.0,0.2945,0.091,0.758
Susceptible_hab_FINAL.db,38,46.75189353986853,69.11332773342015,38.3304892109037,29.36067975036572,40.028998907882,39.69840445426404,38.56307510708713,31.928653016660157,68.83567664937172,20.380087185923543,84.44916419901679,56.32448494810848,57.346405364648085,65.77658589996827,89.6527102611309,105.48751155374394,True,0.5801677146544262,0.8918861005706591,0.06160364099571847,1.000289798530496,3.9141385567033002,1.2773024359712049,0.0,0.0,0.0,1.0,0.0,0.669,0.9925
Susceptible_hab_FINAL.db,39,65.99759739025558,37.421553194274665,47.76846131695436,37.64637475820231,49.445579874193456,32.64905404718884,25.48701764704086,59.50799123399862,54.53113634163395,49.29729659431799,49.421802271791975,40.450812819529276,34.42992287581967,55.86136490675392,48.78928264444056,54.155505350198034,True,0.6193042939515091,0.8658836146581392,0.7058093583748414,0.9387342613461142,3.4543127636542192,2.904175472386441,3.0,4.0,0.0,1.0,0.019,0.009,0.9155
Susceptible_hab_FINAL.db,40,46.61436410849648,16.844616530076177,46.951887111041394,46.063494024306124,48.82950333988708,35.39218612420511,31.185509474804924,58.202266534648075,22.082045473517454,64.54260784745847,6.84249414581629,18.95268316030413,16.0236477138325,18.310479545789015,5.937656211533333,10.575291001836195,True,0.6105355275363952,0.8921398961926101,0.7115196394029992,0.9322684122492897,3.667385843935061,4.069987216496758,16.0,17.0,8.0,9.0,0.28,0.27,0.712
Susceptible_hab_FINAL.db,41,106.39581600451568,66.69058314400233,104.49257866844721,100.99338942324076,100.04939978859662,80.68970999917764,51.385543528413805,121.97965833171247,48.27911169105886,119.16009567226345,44.26787536259272,62.803234876280015,56.86878450762426,66.0503046707289,50.6203602610268,21.907948681103882,True,0.653150141769689,0.8835888214640747,1.036340355078458,0.8097777689725898,3.773531607828589,3.0210064560143994,18.0,18.0,0.0,1.0,0.492,0.009,0.8675
Susceptible_hab_FINAL.db,42,121.61983497146774,87.4052993400257,126.97503765528475,121.37954168814699,114.30806228119724,98.10573010254723,64.35468017641868,143.30325060457312,57.558454754613976,137.81540089464443,58.9945202542488,78.81160868909367,75.03763259465434,81.44365241716824,68.14235603334309,28.35762304928209,True,0.5618945868074536,0.8993946668249366,1.2516914223313589,0.764002600938777,3.827180372431764,2.903298967299688,15.0,16.0,0.0,1.0,0.572,0.009,0.8685
Susceptible_hab_FINAL.db,43,56.849067652897745,20.44886470820643,51.54353656661429,43.85055438100619,47.451867236266,30.743784237053323,17.438822346476744,65.668066809572,24.884185818824033,61.704568796262365,14.437205547251303,22.127307216590392,16.620959528568132,30.11619856500817,13.394824774710223,6.289488579220529,True,0.5667784203533215,0.8840183356743242,0.602926663955637,0.9497651361718407,3.700261406610677,4.26567201449251,9.0,10.0,1.0,2.0,0.241,0.0205,0.8015
Susceptible_hab_FINAL.db,44,72.62063697121695,32.53439593672676,72.35921106575756,67.43740113583111,67.92027645915593,50.6273407696209,33.75383564296165,87.86054807823892,29.77572094725491,88.03410699557995,17.158349051514485,33.4385658169479,28.03077274859604,36.893451323264955,16.923237474258176,4.079265573490331,True,0.5546233250914514,0.8997447640244842,0.6018533004033428,1.0125620343208055,3.6541594066635352,4.189808600351061,14.0,15.0,2.0,3.0,0.3635,0.05,0.7605
Susceptible_hab_FINAL.db,45,55.362292744882474,22.487302316774255,43.708595386634634,34.04193976174708,41.985758332402334,25.39293159892735,16.1586920800455,56.41067723571774,35.29924230841527,49.06356715154915,26.539502129991334,25.399075960481255,19.460024834727626,37.63451954928627,24.525324247989282,25.103938426653087,True,0.5413733343383019,0.8981573160031537,0.619862092982442,1.0206685745431014,3.506341996219454,3.7516648373297468,5.0,6.0,0.0,1.0,0.1115,0.009,0.847
Susceptible_hab_FINAL.db,46,47.52124310834096,18.855781222555454,38.19804496173475,30.742594998824394,36.92133460253769,21.295545447950897,8.846607957415374,50.20281393706027,23.107775554411727,44.10632369625305,17.940606735527474,18.72483863115237,13.773066593345542,28.163631857773233,19.190660017320575,15.052716428001263,True,0.5444634236074074,0.7702142802170171,0.5825945438593654,0.9817543392610655,3.9472643450959763,4.25112899456916,8.0,9.0,1.0,2.0,0.189,0.082,0.868
Susceptible_hab_FINAL.db,47,59.43375854013714,22.656292830604833,55.00285245223973,48.26147655399814,51.77663865013621,34.69286959487789,19.081691436829924,69.10652647071032,24.08261343876378,66.19806268483936,13.678948721729391,23.581517672827747,17.620741243096802,30.1821192337349,12.725880007544049,3.8092888161090483,True,0.5379938099492492,0.7665441442176769,0.5649344325747877,0.9034520656392042,4.041126003328566,4.110350169845622,11.0,12.0,0.0,1.0,0.2845,0.0515,0.801
Susceptible_hab_FINAL.db,48,80.26946448419623,43.15690678720556,82.62845491122269,75.33386770239755,72.88130173084227,56.819660524212665,34.58978386948229,97.75295954224511,32.507615464616556,94.04580589186908,24.92392872962743,40.65381925885883,35.7663993646462,45.34813390275911,26.686310375316474,4.722859758561242,True,0.8486478522521071,0.7532829687965046,0.5588221352527243,0.6138215381911996,3.9387171257133673,4.04359789195135,12.0,12.0,0.0,1.0,0.408,0.0175,0.7915
Susceptible_hab_FINAL.db,49,75.136322930036,44.83000669557689,82.16212204379565,73.89324446269656,68.20482403789549,55.40680600919774,33.52579095133289,95.18721490683615,29.219226322742937,90.53539380641625,24.884746445409608,39.44559395969657,36.516481636252344,43.29443074345186,28.053857796514084,3.5032445316321597,True,0.5621163012644741,0.7795997415120044,0.5131662554627094,1.0642240191239831,4.241777656896103,3.984038799429549,10.0,10.0,1.0,2.0,0.4275,0.07,0.7835
Susceptible_hab_FINAL.db,50,68.27890315342775,46.289027306035024,50.35872688970941,39.35943549046887,50.7992983018445,36.027220640748396,29.157331377845015,60.13579432808741,61.155989095489716,47.930579691621375,60.117861468980536,47.11169647028552,42.15400529256374,63.26703731583471,60.95372344429346,66.09423518942695,True,0.8969011825240548,0.786592187407322,0.48934575097023125,1.09615369664678,4.101408222335145,2.6017933175286156,1.0,2.0,0.0,1.0,0.0,0.0515,0.9435
Susceptible_hab_FINAL.db,51,52.502845362545315,24.786208632721966,41.56070939606883,33.03041977922971,39.88801141721955,24.19583448911511,10.888859741272844,53.4503720227688,29.23616740442218,45.292317545352525,25.79159891160212,24.2499834956239,19.050270533543806,35.303574548122185,27.41358931103057,22.56373629624457,True,0.5621356821544463,0.7805274616987066,0.444432318215328,1.106224184851095,4.288036707928192,3.409448019108452,7.0,7.0,0.0,1.0,0.1675,0.06,0.8935
Susceptible_hab_FINAL.db,52,57.67837774210557,24.978909449358206,54.2834300306476,44.72758379770517,46.562008753306294,31.449069949429287,16.29180059214042,67.41134588284847,25.631541650671824,60.81417054124909,18.467762984398004,24.45474657719603,19.617279142642374,33.4057997201811,18.36630110775716,7.335678359355883,True,0.562173903019953,0.7730559072077243,0.43661707579838976,1.0979380613040808,4.825344656892949,3.905135103506091,7.0,7.0,0.0,1.0,0.249,0.0175,0.8165
Susceptible_hab_FINAL.db,53,66.57882690106533,43.48673679998497,49.39126735403729,38.26181638286021,49.28029806823743,34.43708816481618,27.65724947649738,59.416641337724805,58.625263998357966,47.53555185405994,56.65880695080512,44.63259637633767,39.61643620218378,60.5926366975862,57.00076072311545,61.92677581243106,True,0.545172273827774,0.7618312775907042,0.5141435548092268,0.9917864026601358,4.201575157496499,2.738201074738598,1.0,2.0,0.0,1.0,0.0055,0.043,0.931
Susceptible_hab_FINAL.db,54,82.66457432077972,65.17267977721284,63.76842959547817,52.01948607849056,62.852611580809395,48.93869436888877,39.72684364750725,73.0144821886596,75.61664983852737,57.815488536152834,79.8723110844787,63.57702133488112,59.37836693493599,81.07703276893497,83.72679871274985,84.78965608643753,True,0.5578293885778592,0.7590273005241277,0.3666205134452369,1.1230158158974475,4.721112356829217,0.28673987593283834,0.0,0.0,0.0,1.0,0.0,0.043,0.9965
Susceptible_hab_FINAL.db,55,81.26495855568878,61.196981844682895,62.684644513431465,50.73843488626706,61.38213707637023,46.94292512298051,38.07454730448621,72.62415015522868,73.08639813216543,57.86486697598591,75.5344631556832,60.57563699823254,56.08026482775775,78.10927364704158,78.47940163624901,79.72507314895469,True,0.5611708678780953,0.7936672003051553,0.4004048851920805,1.1144643655012854,4.700746873851069,0.6873877052733891,0.0,0.0,0.0,1.0,0.0,0.0175,0.9795
Susceptible_hab_FINAL.db,56,80.79610966314257,62.91566589413432,62.202804775317375,50.41957750314377,61.17270757669526,47.27021828316997,38.332637603276474,71.47171320528948,73.77104101768089,56.51270583908473,77.47816218065618,61.5314239421163,57.298485786985154,78.91144223301914,80.98409829786965,82.36693738662667,True,0.5432431662586293,0.6970048411129505,0.3189923276933077,1.2088964800900537,4.9842784673560505,0.6001050729007434,0.0,0.0,0.0,1.0,0.0,0.043,0.9895
Susceptible_hab_FINAL.db,57,82.66457432077972,65.17267977721284,63.76842959547817,52.01948607849056,62.852611580809395,48.93869436888877,39.72684364750725,73.0144821886596,75.61664983852737,57.815488536152834,79.8723110844787,63.57702133488112,59.37836693493599,81.07703276893497,83.72679871274985,84.78965608643753,True,0.6339361954477919,0.6717886201521934,0.3120664378592743,1.2732113591174288,4.607118488148181,0.28673987593283834,0.0,0.0,0.0,1.0,0.0,0.043,0.9965
Susceptible_hab_FINAL.db,58,57.71361129437282,39.03322565818958,48.79729445429062,37.3424366229913,41.706638211361316,29.421232454256028,15.560224138185422,58.30777626343282,38.74267500849649,45.45925079418377,42.08007807527494,34.78729859650505,31.599814645907212,48.00218209448251,46.20396476790223,37.35614600372121,True,0.6341239502932641,0.6895410068098118,0.26636799022821134,1.2595926749821542,4.902608971427369,3.2590655074898414,2.0,2.0,0.0,1.0,0.1445,0.0685,0.9315
Susceptible_hab_FINAL.db,59,82.66457432077972,65.17267977721284,63.76842959547817,52.01948607849056,62.852611580809395,48.93869436888877,39.72684364750725,73.0144821886596,75.61664983852737,57.815488536152834,79.8723110844787,63.57702133488112,59.37836693493599,81.07703276893497,83.72679871274985,84.78965608643753,True,0.6604674335327211,0.6779113197305183,0.3157410977205151,1.2886479022459405,4.745440390618872,0.28673987593283834,0.0,0.0,0.0,1.0,0.0,0.043,0.9965
Susceptible_hab_FINAL.db,60,58.83515851069923,34.565364113621406,45.10684595467306,34.49772085978227,42.96710387419773,28.27278463878384,18.40738161473262,55.78406801192756,44.20971451128554,44.776716593866084,42.32093707595831,34.49034474160813,29.68450963035645,48.612066477092,43.493557094936335,43.03357520648919,True,0.5254408921246776,0.6855805306242388,0.3579863423848865,1.2125705720839624,4.691851288587509,2.8124775903218255,3.0,3.0,0.0,1.0,0.0765,0.043,0.9155
Susceptible_hab_FINAL.db,61,82.39275311894784,64.84535154317504,63.53987122757148,51.78603003127158,62.60772761519508,48.695442963045224,39.522773676162,72.78918894029444,75.348093756237,57.624479042973675,79.52539213319177,63.27989545660243,59.07634337734501,80.76276501306329,83.33008668845468,84.4386557357237,True,0.533957501895266,0.7011012531716365,0.4031708743684736,1.1516169879637312,4.9364507186318605,0.2929103351806387,0.0,0.0,0.0,1.0,0.0,0.043,0.9955
Susceptible_hab_FINAL.db,62,177.3262331736158,125.35373833175183,190.90184307171393,189.24450075236987,185.56878555311334,170.34510448466594,170.91841396251422,206.76430456230608,139.7678029308971,222.1851586017037,103.58877881335798,135.36861166898098,131.00457784982217,129.53744230613844,91.86493159816654,98.01990410525377,True,0.5140748590299713,0.7561338620391033,1.6955211018823348,1.0590345700759782,1.8307305623922825,4.6337040938013,18.0,19.0,9.0,10.0,0.37,0.151,0.448
Susceptible_hab_FINAL.db,63,168.71144707398335,135.0953712564394,198.2141276636341,188.08575200816733,168.5741856493735,160.9371369974525,138.337719734398,210.92589819547277,108.35087453455193,211.582992713162,96.6591120663858,127.61457873601984,127.69322796275438,124.08129490363112,96.14117523812716,60.08745338431036,True,0.532488392518863,0.816111577378063,0.7969180441610851,0.926250348368847,3.7862433695883437,4.163085178855241,9.0,10.0,3.0,4.0,0.6235,0.095,0.573
Susceptible_hab_FINAL.db,64,97.49303059040402,56.95054194868015,100.55439646841575,96.79072427836788,94.34036353580396,76.67060906117858,52.54308329588194,116.9197131385585,43.103046816207915,117.36443009332797,33.44579515741722,54.78864884822493,49.41965606756857,55.97727437140431,35.935408855511874,12.7820204130418,True,0.5419424511968226,0.8072953828956958,0.8289056496104004,0.8934498609314158,3.7625499334431667,3.982331789131152,17.0,18.0,1.0,2.0,0.483,0.057,0.7775
Susceptible_hab_FINAL.db,65,167.86326444081348,126.49526735505593,192.64161934940222,181.8912537338872,165.71177714071422,154.86908965712422,132.52013595982987,207.42308978321475,107.05662306061609,207.78483548930745,91.34455166837455,122.51021664883969,120.33528684635237,121.21222392055601,88.0392567183538,55.176171773795076,True,0.5709250206054217,0.825234886302844,0.8634767892946509,0.8768056741843998,3.8832277433312985,3.8606848831448124,9.0,10.0,1.0,2.0,0.578,0.0115,0.5725
Susceptible_hab_FINAL.db,66,107.38475924701319,68.05203924483952,117.98145854763617,111.05752832640769,103.45119368434088,88.67180066411788,65.01485237310301,133.4948733109987,51.62046747864515,132.67591120879672,41.30930127921718,64.64310984772432,60.73797352848927,65.73562604016072,42.35961784124868,14.921134045682907,True,0.5873466634097015,0.8300196469802525,0.8077653171837986,0.8345892557290528,3.9742516813141355,4.111264647978319,13.0,14.0,1.0,2.0,0.5065,0.032,0.7175
Susceptible_hab_FINAL.db,67,58.35239914396041,37.044187661703006,42.914383748546776,32.64959206018513,42.44262716659647,28.353783241772163,21.16036890147122,52.59093339224135,49.14144986777071,41.573515643151936,48.082868017255336,37.135006551553595,32.8176285107608,51.70012968873064,49.57079055429148,53.06154638565766,True,0.6058452535994321,0.8257868773704012,0.6327513622364096,0.8296050612755612,4.1161952897141525,2.9455444638443926,2.0,3.0,1.0,2.0,0.035,0.074,0.928
Susceptible_hab_FINAL.db,68,62.46858783744767,36.2035675838424,47.535227619263644,36.586877788981106,45.905933939866735,30.562812236599207,22.056845075799714,58.643099014752686,49.14370270068934,47.66590074434684,45.730661778001014,37.462850257962764,32.30818496536502,52.390227314631275,45.85621118869846,47.44405211232825,True,0.6165899568843888,0.823368229164525,0.5728083352604896,0.8028627445625353,4.128172924691517,3.1894933426932295,2.0,3.0,0.0,1.0,0.05,0.0175,0.9085
Susceptible_hab_FINAL.db,69,62.34991476034554,30.709257196429604,44.32314970512326,34.720629625318985,47.0786289005195,29.57043685552212,23.722842415360653,56.57321077624506,50.702905742931996,48.12387014187089,42.32016900739819,35.34181437822915,28.743483235945753,50.022154236736945,39.93516667898022,47.79360834204037,True,0.6173779111860153,0.8101318974164878,0.5256223339374603,0.9314778305553459,1.6549622020765369,3.2107892584598647,4.0,5.0,0.0,1.0,0.0175,0.009,0.886
Susceptible_hab_FINAL.db,70,115.31270634365544,80.56550268634862,133.71222127827454,125.0113062595285,113.73925475886986,103.09560576890772,84.30670580876244,146.48792166287583,65.14560730544892,146.99967822712023,52.37400211268317,76.52903816379367,74.44938034851202,75.85636191036245,50.60958230764325,26.258232182339526,True,0.5023121818392823,0.5066691751728543,0.5076515323811257,1.4994824659927684,1.3633203925754487,4.273944827371979,10.0,11.0,2.0,3.0,0.501,0.1045,0.6325
Susceptible_hab_FINAL.db,71,63.028260501762446,41.5264918923045,47.79608072105081,36.008659859195355,46.02154723791838,32.30767199324156,26.290906444847373,57.0355953603713,56.32441099327139,45.063940005583625,54.32561163472127,42.192729399224554,37.65331508364611,57.910709486787326,54.15572766011212,59.22590297358166,True,0.49739821526647393,0.5389273732158614,0.4955742786642445,1.1313854314193867,1.755438560969273,2.5669081115951236,0.0,1.0,0.0,1.0,0.0055,0.06,0.915
Susceptible_hab_FINAL.db,72,121.07098888566242,96.14126494953076,143.72472929468432,132.5825631238034,115.19568633590649,107.46600020345257,78.24762157453297,155.46695311979002,61.38782635104185,149.0798684664302,62.047198872103465,83.89029407479211,84.22684098546897,84.49674521879045,67.93118596215193,24.653872277742607,True,0.4954380003416762,0.5612971922589687,0.5104463295525921,1.474201558519327,3.2492352678474496,4.082980008093386,7.0,8.0,1.0,2.0,0.6045,0.0785,0.7295
Susceptible_hab_FINAL.db,73,66.23182478194104,43.56546804713116,49.54774215140301,38.37392319469761,48.89185825610389,34.2209337437659,26.765752197003263,59.55347727255509,57.359582992839314,47.461257980312716,56.02851704465135,44.22369923180173,39.36332231830708,60.06454445137428,56.80531164940147,60.472032272134555,True,0.5106655435552477,0.7354711723010005,0.5203938259411975,0.9899713126193319,3.4104822650415283,2.788255908388533,1.0,2.0,0.0,1.0,0.016,0.043,0.934
Susceptible_hab_FINAL.db,74,71.53983040520879,33.955331496763556,73.52823227306898,67.04033294423394,66.16315779823277,50.29185858341429,32.891521492553125,87.95129942135944,29.459059544894988,86.7273753627083,18.12718077019481,33.56990137278335,28.6077790963693,37.46998115021455,17.52450633544224,3.014295313618544,True,0.5203623317201914,0.7376578119039842,0.555799703507863,0.9057350283136032,3.362963261710549,4.142154263628026,12.0,13.0,1.0,2.0,0.3665,0.0595,0.7545
Susceptible_hab_FINAL.db,75,60.14499696873692,36.67023752926026,45.213319826442806,34.47892558345308,43.97387062179808,29.332497579796602,20.859216238944946,55.433985135220766,48.450647257865,44.263653742232286,46.534558547733454,37.00550660288728,32.17833708793976,51.71288200051799,47.28963068645408,49.25103877455987,True,0.5541779335656082,0.7244410698635464,0.6284351291513073,0.9361373218540442,4.149642226172372,3.2226666664291868,2.0,3.0,0.0,1.0,0.049,0.0515,0.92
Susceptible_hab_FINAL.db,76,68.14292764739888,48.08733160027694,51.34604664263247,39.72914636775419,50.347878666969294,36.49466528909476,29.653409052948806,60.497661496115704,61.8221040798538,47.6056364505848,61.84696422979535,48.10076551894146,43.627030661384765,64.39666188357165,62.946655324132244,67.3018457454967,True,0.572246005546554,0.764005174972107,0.6274873113567759,0.6190070611410698,4.152743354758183,2.4654172001706693,0.0,1.0,0.0,1.0,0.0,0.06,0.9435
Susceptible_hab_FINAL.db,77,63.11258486631072,23.73719675535725,60.16023041797521,52.74758243109911,55.179026970873814,38.19902826319807,24.667085451091822,74.92364330335265,27.919332662192318,72.57832824430018,14.826079425087748,26.085780703383715,20.360824940465747,32.77503187008206,12.577529971375041,4.660008976550357,True,0.572017148375303,0.8958459965340791,0.7600926849828042,0.5533704665904718,4.155692707277354,4.106001165351232,10.0,11.0,1.0,2.0,0.272,0.015,0.7655
Susceptible_hab_FINAL.db,78,56.39815979922172,50.18770581654337,42.012877070243334,31.02319520523791,41.498194453222446,31.97846639108689,26.4003076967763,46.33434609724718,58.767998514411076,33.22056149826436,64.56766427642285,45.81398210529661,43.15655241226505,60.27833683599511,67.52382487090753,74.5393151648284,True,0.569520936613636,0.8854948637884239,0.11157223394443466,1.0159447239923336,4.244706794108086,1.6073399250591291,0.0,0.0,0.0,1.0,0.0,0.2435,0.9685
Susceptible_hab_FINAL.db,79,81.1513771931992,61.330961940274335,62.577169433920695,50.649269905111865,61.30382927237448,46.92804926010483,38.05844429929856,72.43835748365757,73.10909788230808,57.66162741568741,75.69145841593908,60.625194320655865,56.15983244387228,78.13773318425365,78.69360960557964,79.96348524609985,True,0.588684631532019,0.8906303319539138,0.16865652642269446,0.06153312853160642,4.183276605115685,0.7630224030563544,0.0,0.0,0.0,1.0,0.0,0.0205,0.9805
Susceptible_hab_FINAL.db,80,67.11849621985765,45.54567654033848,48.61203748131008,39.07896140246264,50.02305878560726,35.01105696889316,27.617597838840865,59.131898552624335,58.09809315392158,47.48673747976971,58.38572555271553,45.93297166794312,41.55570010391998,61.28179519376168,61.60330546792788,65.10462801853637,True,0.6030983360768453,0.8116604401075254,0.20721596037103684,1.0858691611585312,1.031398973904488,1.095706663427816,3.0,3.0,2.0,3.0,0.0185,0.048,0.9615
Susceptible_hab_FINAL.db,81,79.25823835908474,61.044752396841034,60.9245104748107,49.11189712676338,59.796459689942864,45.90376575504216,37.201273682138385,70.21300962203195,72.2527604308722,55.45970478694322,75.48970437986802,59.8417245793776,55.579400348372744,77.11889160472244,78.69688205903205,80.35399118927708,True,0.5783921927630044,0.6349764280778561,0.3300070467591978,1.1027870102545407,3.6277752269548103,0.566025769620546,0.0,0.0,0.0,1.0,0.0,0.043,0.9835
Susceptible_hab_FINAL.db,82,74.17542555216338,33.37979715406306,74.8621516112935,73.74810072989803,77.11298354917466,60.426759324765584,53.541870681288,88.78878861568847,41.418415564626216,96.95714186630087,19.718757589639033,38.451225318372394,32.97003061722535,37.43730099513529,14.853151357605565,18.10565712407255,True,0.49862948462147105,0.7760741659491069,0.42162137080025575,1.1561676750495438,1.0588643074577606,4.504704276541351,18.0,19.0,5.0,6.0,0.3195,0.197,0.664
Susceptible_hab_FINAL.db,83,103.28577753642541,65.45704835420713,112.39967602246223,107.43711215452535,101.67695752213643,86.60084211850844,63.15407116227192,127.3130386926152,48.98627057731276,128.2265545467032,38.6870830316902,61.937521142426846,57.64128947328026,61.61027676776004,40.05322093474589,15.420557070338926,True,0.42512803173729724,0.7362722698833597,0.796564449902118,0.603592680828964,2.3417981694462386,4.013754991673867,16.0,16.0,1.0,2.0,0.513,0.0975,0.7285
Susceptible_hab_FINAL.db,84,124.77305036392252,86.82800893267537,142.20251375610547,135.5014899304318,124.5272595745158,112.31411421675358,92.25132205380437,156.479126498451,70.21240152263016,158.80663313984095,56.45762690190898,83.44414831739755,80.97412062011702,81.46910246655553,55.70698611535144,30.160916673567883,True,0.4104875233933273,0.7521562063782004,0.7943885289302504,0.5609275631758895,2.229022003750234,4.235171587468094,13.0,14.0,3.0,4.0,0.5345,0.0935,0.6365
Susceptible_hab_FINAL.db,85,104.53117021772067,74.729060982776,122.87765385555554,116.34000583922216,105.07960515950444,95.47137406221418,77.13431473417329,134.57679628796612,55.99647697611481,136.34488322529228,45.915128752498156,69.07487810359619,68.07682885352266,66.61768872575735,46.75205436027268,23.019009278071362,True,0.4454409073077484,0.781108588075708,0.7891673657043635,0.5462850940954116,2.3990271120017814,4.297048205067282,12.0,13.0,4.0,5.0,0.518,0.1795,0.655
Susceptible_hab_FINAL.db,86,59.50828690034128,26.446722429303346,62.76142385029745,58.13476013774727,57.60378873983377,43.69408332926695,31.988517810788288,75.31623506865924,24.905582836720093,77.18690333821922,12.12967194597875,26.493925473968194,22.84834238617647,28.13423278766188,11.243607695824414,4.003914631604805,True,0.4055596762677608,0.7755366524563538,0.7024320431644848,0.6090795450070983,2.2959809299246583,4.091816632450085,13.0,14.0,4.0,5.0,0.339,0.1595,0.724
Susceptible_hab_FINAL.db,87,75.36408221424607,37.362613484215245,77.11002465740995,71.54915735054591,70.68543488894436,54.31063414644239,35.25225312217594,91.97915078778112,30.68082226988046,91.23296181478315,19.8887250036703,36.53617977546209,31.36817908749581,39.68388410401807,20.217599087470447,4.0401904149187065,True,0.4012590711320077,0.7839512499894092,0.5701125844623661,0.7286193282559065,2.4240899783388654,4.202897235399439,14.0,14.0,1.0,2.0,0.393,0.066,0.765
Susceptible_hab_FINAL.db,88,92.55269495775723,65.01530953942996,104.72707287203069,94.41635660258052,84.0176086733956,72.99627124914771,45.80764885646492,117.46963775273709,39.63374575952445,109.9502442190689,39.80767236597823,55.88983780033277,54.11310523232763,59.79404136132099,45.205121801513705,9.978613579789172,True,0.41707837924481816,0.6609242073470404,0.5641287671066547,0.7549130603609088,2.732259529200189,3.8863597939889196,8.0,8.0,0.0,1.0,0.5,0.043,0.7935
Susceptible_hab_FINAL.db,89,54.639781689487386,33.39851171452958,44.30596695481312,33.23751785634572,39.295768546586025,26.142255968722996,14.73749063405236,54.06768372054825,38.0942454704724,42.60872129297495,38.32614907834749,31.206594946932274,27.360234219150488,44.48722457134108,40.480761432178355,36.226770791499796,True,0.47438636733961703,0.6627035480023669,0.48897337094501137,0.7552777506491384,3.1724865367631985,3.5208873254076067,2.0,3.0,0.0,1.0,0.1145,0.0685,0.9115
Susceptible_hab_FINAL.db,90,61.18150271968435,41.983729929953114,53.32903962828351,41.32982070319622,44.43914707278722,32.218301509262716,17.13855040601088,63.20537088689242,39.76454245284473,49.68644398713363,43.80473756612986,37.21969039388434,34.29790691174093,50.670060763416416,48.42403497202387,36.6856913565306,True,0.49814777330693044,0.6525059806304541,0.5294265999105873,0.8056963158612795,3.426051366309126,3.314848299391883,1.0,2.0,0.0,1.0,0.161,0.043,0.932
Susceptible_hab_FINAL.db,91,147.79867535038335,136.86933887821579,171.0532763447219,157.25133146832275,134.9205527051954,130.1284633874599,88.70188525047558,181.37499177427873,80.32169409697599,165.08712737012277,99.86552831633489,114.63014623160625,117.75730779937932,118.48510317326549,116.55214145670536,52.333726968007994,True,0.5047575598557299,0.6608702296924914,0.4778655119594165,0.8772901164681128,3.4957831644768134,3.0454484543555758,3.0,4.0,0.0,1.0,0.685,0.043,0.898
Susceptible_hab_FINAL.db,92,58.84008956005731,24.832477064127257,56.75391351230187,50.39877318252418,51.397923374772574,35.59614383331894,19.31513729620332,70.70986967613217,21.590493387860704,67.62557532101974,13.649730239108214,24.035772058862523,19.516115913181224,29.712466630554257,15.17323532780749,2.569736211795901,True,0.5221648350738926,0.8209155438299878,0.4797404425257341,0.9095382567716328,3.7752519887211458,4.000690319211978,11.0,12.0,2.0,3.0,0.3155,0.058,0.807
Susceptible_hab_FINAL.db,93,65.40187551265495,39.80373138310884,50.337909831503815,38.78938848689534,48.037939253352405,33.00384122175205,24.937619868424616,61.24895529962787,53.290368229040155,49.531057835359846,50.3247154002976,40.99978254222356,36.013341495950726,56.56332648591616,50.4408130601135,52.206220692438464,True,0.5863850382421342,0.8965724752276745,0.6168211483850213,1.116675197604406,3.047606487955118,2.963878723242982,1.0,2.0,0.0,1.0,0.036,0.009,0.9115
Susceptible_hab_FINAL.db,94,82.2964307926363,34.89102573343925,79.44627709300642,78.70456385763747,83.27383136726473,63.43020951081496,52.816786206759005,96.22447183231216,42.77620672021749,103.61416234356936,20.522981888649376,41.226861207521125,34.206173246468104,41.412298787144806,16.35985601838412,15.868015019824396,True,0.5912906274503859,0.8962531970466474,0.6981857450773747,1.1394934044913565,2.808306549484125,4.48521632095676,20.0,20.0,4.0,5.0,0.337,0.104,0.693
Susceptible_hab_FINAL.db,95,58.85630900863433,34.666524324026874,51.67866055602603,41.856547751212595,44.80377484942135,30.745791617086862,13.313569706908996,63.205449855668384,30.374701561998336,52.58686262616792,31.807194171228502,30.667536386215062,26.859638943786557,41.781898834025505,36.28535208628487,22.51709013369942,True,0.5393031945842758,0.8319797742118674,0.42381559156929266,1.051455303134414,3.9380113604079794,3.1135391622623265,5.0,6.0,0.0,1.0,0.2245,0.043,0.914
Sus_def_FAIL.db,0,95.74492021584753,53.403393346939865,99.20826123257316,102.18915029225707,103.03460243426322,86.49820199772323,82.2215100373295,114.65264925973412,59.31185916240232,127.90781406514577,35.17713911907971,59.28596710873454,55.487180610826925,53.92610235100381,32.89089622406127,36.32940063699181,True,0.3,,1.5,1.0,1.41,4.350003778156537,23.0,23.0,11.0,12.0,0.374,0.223,0.6265
Sus_def_FAIL.db,1,77.7335870801723,38.73970407948405,78.09308788426638,79.21175809954953,83.47885041839055,68.83883569663521,76.32220178827077,91.2436738251338,60.21497112924614,104.31243223720094,32.20948579888041,48.400667038583684,45.26466285627765,45.78666555005465,25.949271325781133,45.157350308432854,True,0.19104461737539113,,4.772987096504314,4.580996420155357,1.2655959867840099,4.255801177248569,18.0,18.0,13.0,14.0,0.1985,0.246,0.5905
Sus_def_FAIL.db,2,138.83827777601536,88.65702773260034,135.19227028706737,144.36591264259022,152.4503763868985,134.09279117236264,153.39573830711794,152.00437542170283,124.89280364489439,176.7884187405864,83.67761388146018,106.85771570709412,103.48705576058302,98.75206622880417,75.60423545307633,111.56651683633275,True,0.21615379086340236,,4.536129360081194,3.262557421391912,0.37993573350859433,4.655743013910466,27.0,27.0,22.0,23.0,0.159,0.273,0.499
Sus_def_FAIL.db,3,148.52385930513134,96.05244123247651,147.89044306561806,155.61707534504148,161.06348884729002,142.7504696529611,159.06840883668582,165.55387238190326,128.707001029194,189.216676323318,87.57531085660491,113.48478536610878,110.12550684630247,105.56540382596012,79.39133510281421,109.41626442688153,True,0.19069972105546945,,2.6559979191238865,2.3241032112012565,0.6415859792428943,4.408179172940319,26.0,26.0,21.0,22.0,0.2015,0.2215,0.4845
Sus_def_FAIL.db,4,111.70275306220367,69.28884855510954,113.7855165160228,115.40404498849323,120.99773748607788,106.3043381405579,118.54372098828335,126.36502948697648,98.25130473192762,143.3043341088411,63.02934556499834,82.01035539376493,77.94033828219261,77.61627148065351,51.7823136145925,79.28200208924284,True,0.2116993943525733,,3.023226153573659,3.1215676271366863,0.6595282741347734,3.892380237085483,19.0,19.0,13.0,13.0,0.1755,0.2965,0.5115
Sus_def_FAIL.db,5,146.25056567532226,103.40364255761548,151.41335386628742,154.36355077975176,158.25891528918265,144.90508038351663,163.58829368038272,163.9080918871024,136.57902925375637,184.5269490917241,97.15636774277712,118.10171334313397,115.64163143060358,111.51918373761981,85.00792990981047,117.89403459045153,True,0.3736516094049941,,2.527719394526692,4.847298493720055,0.16923868441846726,4.108675848947793,19.0,20.0,17.0,18.0,0.1575,0.3205,0.446
Sus_def_FAIL.db,6,104.64280064663038,60.06671794496805,101.66766945342472,108.7125645508817,116.11571447367292,98.92599702489764,112.1684227806602,116.75202570448641,88.51531724937658,137.32412020355758,53.75649596792455,74.12767917184081,70.60467635967908,67.52850878673804,47.24716295318402,76.20535583662213,True,0.178513613907269,,4.604737198576263,2.6275024593033014,0.5229053715970637,4.125786432881401,25.0,25.0,18.0,19.0,0.192,0.2955,0.5545
Sus_def_FAIL.db,7,165.90747714967455,105.01884639923033,162.31144209996586,167.42883110146164,178.15678917956674,156.3447154405197,168.27374409414358,180.00102083302298,144.02884359064103,202.89690281529823,97.14770802960369,124.93892909763774,116.5457785541693,119.13960223555776,80.97570745710388,114.08571130691726,True,0.09015888297790134,,1.712393162889645,2.4730298043064334,0.3207918211195342,4.473773010791673,26.0,26.0,11.0,12.0,0.1915,0.211,0.4625
Sus_def_FAIL.db,8,97.33448734315853,65.32988044951105,108.5969908972457,109.94411240390042,106.88867043502461,96.25648115713395,98.56791150030438,119.79645271059653,71.19246589609301,133.65884651817646,47.563731249633975,69.16375762017825,68.47089816725683,62.07352782073022,44.22235797652543,52.04953380139803,True,0.06595843209661637,,4.202318020062393,1.0433638657080602,0.9614828215391263,4.259679654104652,19.0,19.0,14.0,14.0,0.3465,0.34,0.5615
Sus_def_FAIL.db,9,138.71337493373989,89.10514027117749,138.17252802221805,146.71790563080881,152.13493002441854,134.29832575694263,149.31465193512042,155.13805472818555,118.51386955190642,178.86324518547283,79.60994254597364,105.05399299915518,102.00525032812638,96.3646975866053,72.85134635525112,101.65665536281517,True,0.05688387917889735,,2.663499126229708,2.1944287282422072,0.45815116687012947,4.456869805475551,27.0,27.0,21.0,22.0,0.2225,0.2625,0.5045
Sus_def_FAIL.db,10,127.27127337957751,81.0612756471599,128.25239898327254,134.6026568601891,138.61548669042497,122.58364452095094,138.75835332753363,144.0394062720623,110.43721611140009,165.45557164756485,73.43681045558833,96.00768201436397,93.96640394571253,88.85291098186975,66.67477353564682,94.85112991733168,True,0.2283952916918235,,4.070455295476273,1.7189642097867046,0.22874717940542905,4.229651245981995,23.0,24.0,21.0,22.0,0.1935,0.251,0.5045
Sus_def_FAIL.db,11,146.08501427253918,100.2700534707362,148.03670963118321,155.43693627602056,160.032985157111,144.5934485025987,164.2291955094647,163.03504198232608,132.91652617483467,187.02155821507154,93.03682604486055,116.35926714077567,114.4740652125231,107.64308546991847,84.66667368890828,118.05943992995779,True,0.15638624669197476,,3.7662259254643353,3.209633797437571,0.4962249659973871,4.264067385788052,24.0,25.0,22.0,23.0,0.18,0.3055,0.4685
Sus_def_FAIL.db,12,171.11804592073932,119.94720843630249,175.76429146398652,178.31511461782512,182.0755549978791,166.3526520167002,183.97736786378437,191.00163003910504,155.8381689958841,212.09186530897324,112.32242396803784,137.16449390093362,133.4098600629564,131.1272585430283,98.5561026462171,129.80872021337018,True,0.11014273233583599,,3.408097943003761,4.355646462505774,0.3706122961260606,4.2809900435290125,20.0,20.0,17.0,17.0,0.168,0.224,0.4205
Sus_def_FAIL.db,13,115.31225311337022,65.87317168240722,113.68556509056741,118.04175754656836,124.6580175173686,106.51802269472341,116.77179281289258,129.72791431485842,94.62207845577814,148.40514697766315,58.03815854006829,80.47447763255929,75.5903333857431,75.49464094021312,48.91667497823529,74.11681977904193,True,0.06325419975446983,,4.068215849539275,2.757168799956627,1.1955769300408092,4.297004607661904,23.0,23.0,15.0,15.0,0.2055,0.2225,0.5345
Sus_def_FAIL.db,14,216.7196552472062,161.4655751390824,224.3075064371685,226.56125707638182,229.01778475046643,213.27799835300416,232.9917433745287,240.18940236326299,200.32136672224917,263.30786915271005,152.1035526721386,180.53895545792383,176.67446539041603,173.47019797883357,135.73070551864734,168.56499825896012,True,0.32463689854896816,,3.5124678922091808,4.309689393851823,0.1280847193085215,4.185536944427367,20.0,20.0,17.0,18.0,0.175,0.206,0.359
Sus_def_FAIL.db,15,120.75061725794444,73.18608951900165,119.97742360028471,124.56257937441808,131.12121076340924,114.09689548001043,127.914711515607,135.0556098979368,104.57273089587176,154.86305646362823,66.90087173827759,88.33977213381478,84.23884766479722,82.85146910130999,57.08717983294846,86.26173785492378,True,0.13663699886278702,,4.753974424255636,4.5183549111759564,1.3553339687066688,4.300049365013985,22.0,23.0,16.0,17.0,0.1785,0.256,0.5125
Sus_def_FAIL.db,16,185.24897002927747,130.61225425093537,198.3971700015445,195.04223033379262,192.21032653882048,176.34720798415492,176.42159710489014,214.4841880015376,147.86150557076098,228.80967762062937,109.82440206579535,141.62436624139715,136.06453014696353,137.148391709816,95.66775127391718,102.48171991528463,True,0.3161142847349389,,1.224231828990776,1.2448584019881663,1.414570717219739,4.661891751468541,17.0,17.0,7.0,7.0,0.3515,0.119,0.4355
Sus_def_FAIL.db,17,130.6441309456369,79.67943143477112,136.82224773128397,137.60232751993243,137.5741178989677,119.85913712828591,116.76047279512187,153.72426649652996,91.39467609318966,167.91968228510763,60.16787644552899,88.78418147980487,83.61376349257702,83.99190761148483,52.630466663714785,57.17772192514618,True,0.30239625160177697,,1.3531805095638967,1.1021682711926992,1.415369517522353,4.491492659132063,21.0,22.0,9.0,10.0,0.369,0.146,0.5475
Sus_def_FAIL.db,18,125.00816673227399,72.4118641737647,122.06313588926095,125.07526203332048,133.38507876248542,114.46798897615216,126.90841751351442,138.19635615814832,107.44571700667058,156.72250742746087,67.57906411058687,89.23742071734478,83.3338074155711,85.75771302352456,55.23204156147484,84.67941588152107,True,0.16644375019209537,,4.6378568393245745,4.527556796940352,1.2205799954815901,4.38692297865024,21.0,22.0,13.0,14.0,0.1575,0.1945,0.511
Sus_def_FAIL.db,19,138.6337581268234,87.41568320877836,148.23820258819157,147.45033142138095,143.2769934475499,126.16335370194209,118.33079586960179,166.237443509441,91.47230695966658,177.87286168515695,63.47698214288073,94.17335846680666,89.85512680121644,89.83012414796374,58.40814550498982,52.84122259503601,True,0.33386947977243064,,1.4707778280714676,1.1612918966012715,1.2638168525985674,4.463853121083105,20.0,20.0,9.0,10.0,0.4295,0.0755,0.5595
Sus_def_FAIL.db,20,119.54991925576988,73.75825733508424,128.16645442650199,128.52322339134287,125.63786627588817,109.76837020326244,104.23288672930673,144.29748598695195,78.19415749104982,156.62036787753755,52.03734928101187,79.65119633070859,76.08190248425417,74.64933408940851,47.83961059317653,46.31899241663454,True,0.2601299598297151,,1.5076899535336112,1.2806617545061696,1.2569692848980885,4.418592870323622,20.0,21.0,10.0,11.0,0.4055,0.1565,0.576
Sus_def_FAIL.db,21,153.40323613923084,100.45596696870093,161.26536896676924,163.96943535166818,162.76908793337697,144.20559620558373,137.4535763889093,179.18210866570178,106.70105622670049,195.28470825851014,75.37425146959869,108.65772416629649,103.18130993914866,101.41185876471698,69.08750681085588,69.15090380902473,True,0.2670851135547898,,1.4315153364576958,1.0651649081809098,1.2681952742064149,4.420164025382034,25.0,25.0,9.0,10.0,0.448,0.1625,0.545
Sus_def_FAIL.db,22,100.87476097700207,57.25895571717218,98.19405993761642,103.54271541898709,111.37385470647598,94.74914186850106,108.11913327551173,112.32614015537823,87.16525131830343,131.5368705933172,52.36979592341724,71.17034752330744,67.24555855887004,65.72994330209906,44.189945921631406,74.10535721859316,True,0.27412222670478803,,4.43764895940031,4.876996366217887,0.9482909718911313,4.332116445834028,23.0,23.0,16.0,17.0,0.17,0.2995,0.5495
Sus_def_FAIL.db,23,115.04664005322856,66.72967614024903,115.56147023373333,118.23407198777272,122.70778662463988,105.75561699931514,116.29843959462356,131.36709278005813,94.4110365706841,148.47172085850846,58.908646670256545,80.63583926774001,76.70184449901043,76.58919062405518,50.0530754461021,72.85703897160585,True,0.2546790413829676,,4.982117449549505,4.4456263394242335,0.9775822376667693,4.3263065168910515,20.0,21.0,15.0,16.0,0.2005,0.19,0.5265
Sus_def_FAIL.db,24,121.55995188114991,70.64628426044403,120.37135104007717,124.77115892336971,131.21879876416648,112.6405486691012,122.1089979515817,136.71161048706927,98.97134896261042,155.77379439272852,61.7171087663059,85.40738159300282,80.24915439382548,80.20297776936039,52.117882645267294,76.47384929938691,True,0.337053436592048,,4.178934902479512,3.613924919238813,1.3588568477780119,4.189856208890389,23.0,24.0,14.0,15.0,0.22,0.216,0.5275
Sus_def_FAIL.db,25,217.2015553136531,154.21259594869332,227.23698777105486,226.36449380598788,226.39178337258073,207.50265350627143,211.18409648864196,245.5518250646336,179.68442007188997,264.1583878484623,134.63326416092855,169.8559987405731,162.8938694469889,164.28608742911288,117.91469327289134,131.65312142090878,True,0.10534300971799554,,1.9598107235144666,2.0362484567796173,1.4443751504009341,4.394807786008361,20.0,21.0,8.0,9.0,0.328,0.093,0.3965
Sus_def_FAIL.db,26,140.54559982987186,96.81102456885117,143.51402146164864,148.12384722485032,153.28694277503558,138.88796661393118,157.68347430334833,156.67536588239346,130.428756866199,178.391803874671,90.93639031730012,112.074323495114,109.3968593119384,104.9618217053639,79.79929153354561,113.81660829370797,True,0.2844114457157551,,3.981215631204448,3.7317902150757694,1.1341856170200515,3.9808186686244835,21.0,22.0,18.0,19.0,0.1585,0.326,0.462
Sus_def_FAIL.db,27,134.73593449220297,86.2602801457301,138.10707535029826,139.77283188952873,144.12055158568114,127.97585564355322,138.7740674059374,152.7095570718067,115.09891295368782,170.63958744046386,76.93761986296025,100.29912033102356,95.62375241582501,95.40583799493193,64.8381812073347,89.46919075243137,True,0.29975813123765527,,4.978648110180306,3.0523609778579415,1.2751393721779039,4.131839513105181,20.0,20.0,13.0,13.0,0.21,0.2345,0.4835
Sus_def_FAIL.db,28,93.89687100798588,52.59176890773121,88.57774557266752,97.68711003261583,105.77290701890132,89.03734380018929,105.53749264325626,103.57076876558278,82.0353296494771,125.06090582968024,49.035785486606116,66.77738805148417,64.62644186123369,59.70523542067038,45.4302541128886,77.53026300302892,True,0.3547327145603039,,3.778228297766689,4.332780777704845,0.8926685851115216,4.405191310041016,26.0,26.0,22.0,23.0,0.161,0.3185,0.5805
Sus_def_FAIL.db,29,143.55444967469109,91.18345370258658,142.51020005354405,149.49262218002505,155.1092170070442,136.83694589926358,153.16075162454194,160.10903322448837,124.52297335262728,182.85070115992073,83.68675948606946,108.64975275529687,105.17875720382337,101.54721963989509,75.25805410249164,105.2723591380606,True,0.2956557370347119,,3.5228041183538004,4.353040073610982,1.2258660528023828,4.495216300527976,25.0,25.0,21.0,21.0,0.188,0.2075,0.489
Sus_def_FAIL.db,30,128.84103247569107,82.24318489788877,129.79670685953042,136.52317260444278,141.51819794792274,124.90724206247657,138.42416089713282,145.25819094030328,109.80227178256246,167.0903841549175,72.64980092078318,96.58259766482254,93.41137215417132,88.66253624557599,65.04722168571743,92.41494132158903,True,0.41181128089031094,,4.377881346466232,4.6679956166562375,0.9267383157246917,4.2370174307580175,25.0,25.0,19.0,19.0,0.224,0.2865,0.5085
Sus_def_FAIL.db,31,226.81830301302205,160.12697926835787,228.99739529880972,227.58579787035677,235.92952622271184,215.1964198642069,228.52202694238022,246.31356597098423,205.88601305604897,266.57428317337406,152.62276139754343,182.21816218228093,172.58375486599306,179.36061335554353,128.62316294247896,161.98411294298265,True,0.30425411259322654,,2.4176816329377107,4.844545129251121,1.133997450952986,4.331292198600543,19.0,19.0,6.0,7.0,0.153,0.1185,0.363
Sus_def_FAIL.db,32,152.0524720626559,101.24990836116773,156.8260641236378,156.91198430540408,160.88599150597054,144.7204897335879,155.9584124754721,171.40564117722016,132.37623983267355,189.04484814846427,91.94508836224026,116.17747110682042,111.00588326600007,111.9796042524843,77.34173804905114,102.4651590981558,True,0.23739105897346469,,2.65818011566373,4.426100674642308,0.9711393694423542,4.190891074554776,18.0,19.0,11.0,12.0,0.201,0.2105,0.453
Sus_def_FAIL.db,33,129.57132318551737,80.15948341677074,129.56832063326968,133.96813238079594,139.30029375914268,122.22986085386552,136.91653560311164,145.6500994922539,112.23023075292502,165.54283431400427,73.51928562765374,96.04709735072036,92.35648616438561,90.61026106043961,64.03063365781453,92.36412927650004,True,0.2544488780019133,,3.7936142191391418,4.820863513658566,1.1991892627352048,4.292336901508346,22.0,22.0,18.0,18.0,0.177,0.214,0.4985
Sus_def_FAIL.db,34,205.84893078046719,147.26499306219267,210.8945723228853,214.0751206109576,217.82960319350707,199.99352358050265,216.70660415579397,228.21484030567976,184.95818032170013,251.35402927818407,136.9223958337478,166.68131775671688,161.6993838447932,159.79731152559376,121.23658801314845,151.87096400423863,True,0.4014764484119103,,3.050278653581723,4.384412575968935,1.0231502254592002,4.304774792771341,22.0,22.0,16.0,17.0,0.1975,0.176,0.385
Sus_def_FAIL.db,35,191.62749614531722,138.2730659852476,196.31524345394047,200.47728441055574,204.65979667747553,188.36189053917542,207.97168141462683,212.11304847580777,176.38566143447935,235.82702210400012,130.04573882676397,156.96565765502942,153.1539194696087,149.44092941189666,115.65066135829981,149.80089719263304,True,0.3491199580338661,,3.1253369732250746,4.469524770573077,0.7176140736724187,4.298542836652493,22.0,22.0,18.0,19.0,0.1715,0.239,0.3955
Sus_def_FAIL.db,36,104.57432638710509,63.4918406082835,108.01737658026094,107.86041745390554,110.8557923870664,97.27008990674987,109.4198216103425,120.96762622186604,90.53075550353589,135.34885178214782,57.78137347903855,75.27287208882468,72.54520699132394,72.4539896640674,48.313564607476316,71.7421064648593,True,0.3538385893267249,,3.0465567890291414,4.585133866992345,0.8540165454548482,3.95786832446221,16.0,16.0,14.0,15.0,0.166,0.2325,0.5215
Sus_def_FAIL.db,37,124.69275122559326,70.40884675072957,119.54607552555053,126.20976437246108,135.0848818345166,114.55421616516514,126.12887661881723,137.41557383421537,103.03979068158823,158.49639878890912,63.54104325636098,87.55388863314059,81.82933324727244,81.98246346315113,54.370492299889726,82.89708565972163,True,0.3977530325457559,,4.034147303920293,2.922720298826497,0.8033659291565639,4.491235000414177,26.0,26.0,16.0,17.0,0.195,0.2005,0.5355
Sus_def_FAIL.db,38,134.44913793215602,83.58054589421327,132.05980068732802,140.3296569736822,147.37888418701863,128.66870542978268,143.27519617429624,149.13206810546785,114.9110410983013,172.45963127633854,75.40040834002447,100.16983132836808,96.18341650526867,92.25909055792377,67.63448948543069,97.77832620776721,True,0.31985353540185457,,4.116828448962829,4.911403077530446,0.8892512464930186,4.344994716461968,27.0,27.0,20.0,20.0,0.207,0.2565,0.5125
Sus_def_FAIL.db,39,161.57497272223617,102.53287244852403,159.50467403609943,165.36862627712947,172.97609883893682,152.33535650513892,166.13348964989876,178.01363830775807,138.92664824967576,200.90162238424602,94.20219075523653,121.80784557745231,115.80183469858167,115.56912334045975,81.72960942455961,112.04219875853869,True,0.39475276905893464,,3.5107788389363015,3.4417488780006336,0.7838060991686215,4.498776720266687,25.0,26.0,16.0,17.0,0.1965,0.1735,0.468
Sus_def_FAIL.db,40,140.2164154038864,94.78053660658227,144.32606660644515,147.458217549014,151.4984884756901,136.74854702579105,152.2849348396027,158.01464617021549,125.77008824029727,178.07446203628677,86.96418312068468,109.29674058979538,106.11469558200744,103.02310167627748,75.51813475588102,104.86669506431105,True,0.33790782807448483,,3.8759686251038326,4.625614131941672,0.6905775185698861,4.124558918139929,20.0,21.0,16.0,17.0,0.185,0.2845,0.465
Sus_def_FAIL.db,41,195.68870067401411,139.88308917169965,199.5238134570927,204.52438366648943,209.18221566760423,191.72318137501279,210.4510939723693,216.19686565398018,177.893808442457,240.74366392047813,130.74106486581644,159.15428521883294,154.8744663424611,151.2579966652102,116.42060900624942,150.03020899909166,True,0.3224841441857068,,4.269712987318222,4.442812637386982,0.7621022981023623,4.267641800616962,23.0,24.0,18.0,19.0,0.1865,0.226,0.3975
Sus_def_FAIL.db,42,169.87854511256754,113.09818578841131,175.52438382723105,178.29150869677517,180.05218926005077,161.61148923577446,168.11357112167593,193.42578029594688,137.6839825112743,213.11149134576237,96.93013073250226,127.90765734207532,122.62716183812105,121.36008472682755,85.40788658724475,102.61276702579485,True,0.35126100995641607,,3.4640170474205423,1.833565872543033,1.3456679182409261,4.433493274858178,23.0,23.0,13.0,14.0,0.299,0.152,0.459
Sus_def_FAIL.db,43,153.5812953023493,96.93691374181887,155.52284634305963,161.5037867780689,164.53045107142935,144.646569156552,150.75024217177088,174.6526375679058,119.67864119057789,195.71052890358544,81.02720895294327,111.72177201384585,106.87868523176158,104.2394551706755,73.24867076009238,90.18576467830427,True,0.24794547990742843,,3.2792869552748387,1.5497777090563458,1.2577166314089312,4.592028233653926,26.0,27.0,16.0,17.0,0.311,0.156,0.5055
Sus_def_FAIL.db,44,128.11409762223656,76.80279822052168,124.25188792125937,132.99145448633166,140.49775959989435,121.14873746662657,135.31797910132468,141.81283751766574,107.85663133203158,164.94443524479362,69.18275107676075,93.45782807495996,89.49310696081234,85.9138202756855,62.37254907290564,91.95752184671417,True,0.10388763350437205,,4.892546083237228,4.871459565527108,0.5454615957787363,4.51772844627754,27.0,28.0,20.0,21.0,0.205,0.241,0.5305
Sus_def_FAIL.db,45,170.98676350240424,113.36797381378143,171.40316108093702,179.33947062008372,184.69308580096123,164.69868183943515,177.37382350765952,190.27576822475226,144.25918975601184,214.97556004909828,100.74458295188082,131.23891061743905,126.3605143525225,122.37521943628411,90.96331592203718,117.88143092829853,True,0.2451184979041574,,2.8763152942832217,2.0699185805233062,1.218140780035353,4.572957091292492,28.0,28.0,19.0,19.0,0.256,0.204,0.466
Sus_def_FAIL.db,46,141.5380116312526,96.009644894693,146.77908502342717,151.92283265055818,153.45129269947782,138.71182617728482,153.59302469023098,161.93227863824245,122.30325439503028,183.1365044231245,85.14889956770153,109.75989812824142,108.08645216458727,101.86454708072722,77.52965397098276,102.5594216221609,True,0.1816802680727657,,4.3010535808186425,2.0887746094284876,0.4569449677801867,4.264828434371289,22.0,23.0,20.0,21.0,0.2295,0.261,0.4755
Sus_def_FAIL.db,47,73.58629031923029,44.4573566040344,74.18956574634294,81.03113269277388,85.12133872320345,73.49690538931327,89.55929621874672,85.26967452849846,66.05058423571877,103.8106062700635,39.712714265855325,53.51402208297165,54.01908508615551,46.220829596679295,38.230209278728104,66.29199594586858,True,0.2302969612933321,,4.373483479177817,2.9805802819520877,0.4021997624036212,4.314647917371809,22.0,22.0,22.0,23.0,0.177,0.407,0.5905
Sus_def_FAIL.db,48,136.1581764958568,78.12483199037857,128.95137218896338,136.75124012703378,148.22987024270327,125.73791908232593,136.53629727162922,147.29257562604812,113.2287606816141,170.1783654450033,70.93920478608213,96.74506700455242,89.31341042169319,90.57612287033365,59.71869106059014,90.91678838483836,True,0.1172954953941267,,4.089464643417437,2.0959895684935903,0.7751528272606969,4.46608625308874,28.0,29.0,14.0,15.0,0.202,0.219,0.529
Sus_def_FAIL.db,49,131.0081569667609,77.4592823249428,124.13566655605419,132.0169299874904,143.50672203564997,123.00185785230052,138.78239640468792,141.02416585831838,115.82373073352807,164.32140599245866,73.60958747200877,96.32016137782625,90.22973235236606,90.00975163962896,62.59052260927797,99.03723376028785,True,0.07721302759453849,,4.896495363663918,2.9537856631240165,0.5234497045720303,4.593373187844769,27.0,27.0,17.0,17.0,0.1505,0.2615,0.5175
Sus_def_FAIL.db,50,126.45598271366538,78.08259425169217,125.86874579913145,132.67725662443706,138.1844731989483,120.74782467559301,134.48438781803182,142.17939955285655,107.0355870549049,163.7707453799469,69.5571561021243,93.23348153743311,89.88592584899517,86.00856851029096,62.224125204590244,89.74946835554343,True,0.15311934674266223,,4.196025259998321,2.1958555323188946,0.708461460096879,4.440218591864784,25.0,25.0,19.0,20.0,0.211,0.252,0.5165
Sus_def_FAIL.db,51,112.67229030543139,66.54951333609691,108.5892661797003,118.4029516289234,125.13829600605814,107.22648790177215,122.88269171974497,125.37729762759909,95.28090391929796,148.31728250991992,60.02059672737637,81.76454349821185,79.49268346822309,73.75971911312638,56.380047985590245,85.99671635782005,True,0.12273017798222971,,4.491137899262669,2.765698260794014,0.7095267871891684,4.54489765657943,27.0,28.0,23.0,24.0,0.1965,0.2725,0.5575
Sus_def_FAIL.db,52,157.39166240275895,99.34372951106681,153.89048974364843,161.3346870921197,169.87634967599854,149.08172882421957,164.0788251707156,172.43964823369015,136.30582474696791,196.4780012873412,91.73965605972725,118.87492261157455,113.07982920766273,111.8179496585393,80.35991224146318,112.80910779760491,True,0.15015902815808568,,4.2640452464793945,2.282282001372717,0.7585826897285823,4.603812872737804,27.0,27.0,18.0,18.0,0.19,0.2,0.4785
Sus_def_FAIL.db,53,131.76174790061913,86.71387343108243,134.2677511898623,136.485207427774,141.53600138739262,126.77001390302237,143.20808211108576,147.80007386998574,120.19415613742079,166.5788232527408,81.58578016270643,101.69715227834433,98.25815379174959,96.81915329286738,69.69519244099925,100.7080898298081,True,0.2629710441674365,,4.215997861839687,3.486018358763465,0.17531782877921714,4.279118767988877,19.0,19.0,16.0,16.0,0.1485,0.268,0.475
Sus_def_FAIL.db,54,195.2595081260468,139.44511523139892,193.37585475546786,205.77421116016626,213.2873730458574,193.9667778646451,217.63095264374135,211.87376984269116,179.70213963134307,242.4606832890368,131.80733918167803,160.87313141639527,157.7683223426847,149.21410470961516,122.52701938602965,163.18654704670885,True,0.23564670826767217,,3.8260556562333923,3.3803421099804334,0.23308421760180315,4.404985346772092,31.0,31.0,26.0,27.0,0.1795,0.285,0.4295
Sus_def_FAIL.db,55,161.14595397359204,113.10281491876003,163.53472477981157,170.38077921801198,175.1978874157893,159.52817910153667,180.34459028156851,178.81006529181263,148.67241441722825,203.25874426690757,106.21651593142121,130.45920703678775,128.06881723172356,121.85255135415545,96.01277668714286,131.25733244117095,True,0.3242983640508477,,4.658682048093489,2.4152734008392174,0.13116083589153393,4.251762813944367,24.0,24.0,22.0,22.0,0.167,0.292,0.4425
Sus_def_FAIL.db,56,177.29618994763013,120.52332907573361,174.94962416896024,184.6059604514187,192.46994248491205,172.67512848544575,192.9241742612952,193.26383411389727,160.00848941379343,220.63267716668355,113.43129254475976,141.217254988846,136.98107088869386,132.01087645743664,102.71507566041278,140.04820411172324,True,0.2084153630888383,,3.7799720147334552,3.6338618430336274,0.4723801704221471,4.74388570665092,28.0,29.0,22.0,23.0,0.1755,0.242,0.4465
Sus_def_FAIL.db,57,120.77743134633275,70.38039083769337,120.58130341974794,123.70633205422342,129.52572419008902,111.49927773935033,120.40168376950638,136.59726434523816,98.32221988982357,154.47786351204567,61.417640732762685,84.70091064665004,79.50183212257998,80.15029160441377,51.26644760005085,74.49643553604379,True,0.20461724446541052,,4.513485958221155,3.6546786633800945,0.6369489805685722,4.181977331512049,22.0,22.0,13.0,14.0,0.2175,0.2055,0.5235
Sus_def_FAIL.db,58,159.3133320376562,111.63378123332093,161.78929555520702,164.47971985962025,170.78963175163426,155.6754361556384,176.1432415675963,175.24356753473387,151.31737657175262,196.47518855845925,108.06178578505157,129.14154843581653,125.28044282614407,123.62994220930013,93.25348948951584,130.53929675889617,True,0.25043303437631853,,3.8993523056071657,2.9372948724755776,0.5476336227371595,4.082326113493057,19.0,20.0,16.0,17.0,0.1165,0.2845,0.43
Sus_def_FAIL.db,59,106.18839156144882,61.584074669091095,106.98630992369336,111.65741339806104,115.59499203484899,99.38073253904844,109.5980378872267,122.2608134917001,85.25786899110668,140.44144867896202,52.31832154718619,73.91841804352386,71.0156163716443,68.17134691848482,46.2204570752612,68.07641783149799,True,0.25419243636695665,,4.749819164948755,2.5708714056748363,0.5524170512257098,4.258113621253082,22.0,23.0,17.0,18.0,0.228,0.243,0.5475
Control_hab_FINAL.db,0,88.41171387709637,63.46906046371916,98.39832394113468,92.12232069934916,83.01338449238864,71.52697308467248,44.83570641534066,111.10611644258438,35.57452206517138,106.46836926443115,37.50553041940567,53.735849988329726,52.64490770356294,55.13114583468529,46.15263976280989,12.641379079295119,True,0.7,0.64,0.36,0.45,1.37,3.9838932553744257,12.0,13.0,3.0,4.0,0.524,0.1155,0.825
Control_hab_FINAL.db,1,128.49452110544513,81.56722066117885,138.10798835578515,138.5267175652623,134.24446918612267,117.74699447658526,107.66197396582157,155.1077923917686,80.32860856759606,166.66389689905412,56.07764585118104,85.95726689946406,82.16467765801949,80.60670700862175,53.37778671252377,45.43882919768259,True,0.4819194869333162,0.5886885248132862,1.4655484221976904,0.9829901468466027,1.321123346675184,4.580632512372248,21.0,22.0,9.0,10.0,0.463,0.1325,0.594
Control_hab_FINAL.db,2,54.10345027132813,16.455126704908782,49.996492669591674,47.45211049342423,52.593397059320544,35.5753443925754,26.83855447405651,63.801824945322124,23.95901542193169,67.55313364618644,7.520759565548967,20.290957089004554,14.693330423024307,22.72645214964011,5.072972534966877,6.541966247787359,True,0.4570067682396939,0.8212386121401327,0.5095417134150473,1.0668972811524777,2.312406731156579,4.4560524329528635,16.0,16.0,4.0,5.0,0.272,0.153,0.741
Control_hab_FINAL.db,3,72.05837814787587,49.947073256262044,55.54943344418767,43.95149938441318,53.487629857465784,38.896336094338125,29.425622206439606,65.95663685680859,60.78807058189973,52.4932544262781,61.51415855212487,49.55663063857478,44.95110414342396,65.87569023936231,63.79164856804864,63.789325186656605,True,0.8791376496515115,0.7562331239379085,0.25831974146932823,0.24242657493569314,1.8590617953877588,1.3728958050207676,1.0,1.0,0.0,1.0,0.032,0.0175,0.9535
Control_hab_FINAL.db,4,125.05457308230244,80.0488421620653,133.95966699986496,135.7092388971021,133.4191863840809,117.8726581108852,114.30687181210354,149.60671843265345,85.81613230772412,164.0144476746982,58.18144379882234,86.4533596436009,83.0067612338128,79.91496913044898,53.58902524463038,55.45100014253629,True,0.6268405768808398,0.48548753711659454,1.4977895524745917,0.4401146509830596,1.6063972501482668,4.6957283227382876,22.0,22.0,11.0,12.0,0.4045,0.206,0.5595
Control_hab_FINAL.db,5,99.265649145761,65.18768666302286,103.86528392218491,97.95121725576189,92.84872097235377,77.11914723339639,48.37174008429464,119.09970461976417,42.7135374558186,114.87832067901358,40.640927704707856,58.713989483413975,54.63108308044286,61.59432736842236,46.72351875678337,14.981466173527041,True,0.48180605759453005,0.6429580987761763,0.5634235446541921,0.6048924277576747,1.4970607625722383,3.482040808708512,14.0,15.0,0.0,1.0,0.5095,0.043,0.8345
Control_hab_FINAL.db,6,153.15244167236665,101.25823732164099,158.18751054495203,165.85553513236258,165.71100919144786,147.2552174657272,149.88845785682162,176.94369579372238,113.93057381195992,198.29197414912113,80.12575637228565,112.4638117367849,109.31568714027779,102.62884325828091,76.79742940224801,86.66112554902789,True,0.7652626356267975,0.5150794591854658,1.4944263118551064,1.0482977650312022,1.0069825579573148,4.5376914614230826,28.0,29.0,18.0,19.0,0.3915,0.2,0.532
Control_hab_FINAL.db,7,147.45367594507258,100.25574480061579,163.22319926881286,156.23485585025412,149.25185429548662,135.08224256502328,123.0683659493925,178.1942113645454,100.26563961163275,184.6789600351319,74.58820996241616,103.69953079618271,98.93948277573354,101.85985533031068,65.66897551035177,54.27653526128613,True,0.8425442921497006,0.6795419296264323,1.0698809622745895,0.5795534244662978,1.5778518251371965,4.561488801978352,13.0,14.0,2.0,3.0,0.4435,0.081,0.536
Control_hab_FINAL.db,8,111.90171172218594,81.43015306258607,132.076460468029,126.15894809594718,111.75943576868048,102.59393297090523,84.84165697445555,145.2590575362956,59.98826163480065,147.26283973158604,50.77640231951604,75.56667553784116,76.26326501855837,72.50590310036279,54.50177833025931,26.8815279358911,True,0.8040564044941596,0.4668502405388162,1.2457011214338496,0.3552131375970685,1.8355831068259476,4.241794448395471,12.0,13.0,8.0,9.0,0.5395,0.125,0.651
Control_hab_FINAL.db,9,124.99749573630618,80.55136245676118,123.49960468666505,121.90892888220579,121.07381253098916,99.98318401040078,69.12905029105698,142.40016909827332,61.20288372198095,142.3367489407091,54.44265521723256,77.66373689496238,70.90270139397384,78.94657735982935,60.28369407872454,30.596152978765016,True,0.7014357169697,0.718875428719246,1.0153258363832731,0.6008364793532739,2.7377800218005586,2.9434395597198626,21.0,22.0,0.0,1.0,0.5415,0.009,0.848
Control_hab_FINAL.db,10,67.07843313017351,43.29153997397423,64.46523955257584,56.06267993150655,55.45883518719201,41.74073956013496,18.579657535414636,76.48023977988521,28.34708795412871,66.97432405108701,32.079291100847286,36.3216460438709,33.07682828516308,44.45538654216362,39.125036806845074,16.267516887844046,True,0.6719803631822484,0.5711608594659034,0.23300679925710693,0.4519197422682978,1.0193509154259848,3.0166765301261345,8.0,9.0,0.0,1.0,0.3425,0.0685,0.9145
Control_hab_FINAL.db,11,76.52572117240553,26.838837772247004,70.14363791776681,67.63021199990868,75.88393446065417,55.23382945429867,48.95000936454345,86.36356176942975,45.12622579651065,93.13319492233974,19.106668165184107,36.28708534172471,27.870624839334223,39.07978315983802,10.643424860361968,18.684568277120157,True,0.49414133535045107,0.7902575397369637,0.5737254457393999,1.25058759366534,1.9425803961623207,4.444907787942838,17.0,18.0,2.0,3.0,0.24,0.0865,0.6755
Control_hab_FINAL.db,12,49.86997242619347,16.75191028928531,35.99539189572547,29.163007250494122,39.33965098338967,21.47726336709822,11.389938719507452,48.783774780939204,28.816428394994027,43.8954795644711,19.755935556109428,19.804939056471113,13.116042777837214,30.179208474987778,18.391755914525817,20.971519374808604,True,0.4387106483218424,0.7860285496695887,0.3388845119102189,1.1114034046785615,2.372174393272936,4.041510121155037,9.0,10.0,0.0,1.0,0.1355,0.0685,0.8635
Control_hab_FINAL.db,13,54.95660944394421,13.077982683195284,43.239163331869285,37.45037827097277,47.6787100593717,28.123296117031384,20.220092074332314,57.791763922245764,30.63193560951523,57.31980194161998,13.056175026556156,19.881539501464413,11.828894060482499,28.014524518460227,7.404257209930227,13.75926413234303,True,0.45982365063872943,0.8399363175769754,0.6217463156388423,1.2193762137164919,1.9532390016173262,4.504162182514252,12.0,12.0,0.0,1.0,0.156,0.0515,0.7785
Control_hab_FINAL.db,14,60.532494590980875,37.33935940829041,46.7648848124817,35.29878732154202,43.94367516318707,29.84266501664866,21.634851515748906,56.817819731127,49.0103325277956,45.20643305669717,47.03864663531348,37.516281980085196,32.964080270918984,52.44243087285727,47.50168886461509,48.87615547899404,True,0.5210169065343753,0.768599266277868,0.3279973076536333,0.9332360395997129,2.9328385635216683,2.127082833385562,1.0,2.0,0.0,1.0,0.0475,0.043,0.9105
Control_hab_FINAL.db,15,123.25438258280727,82.88513519997602,137.77859203755165,129.7617367058273,119.34451657162268,105.40388307166684,80.93722185796585,153.5165810073618,64.18475664640044,152.6039159584869,53.07096529123223,78.98375383755867,75.57634033544832,79.54344164816696,53.58504131374463,22.681631966319088,True,0.4410045888968555,0.8486947143683224,0.8940514028270853,1.2638697797245038,2.9909315850921816,3.7079354673773812,12.0,13.0,1.0,2.0,0.5385,0.0095,0.6855
Control_hab_FINAL.db,16,95.84856411066566,56.862917298929894,91.67012341246068,88.86137095573608,90.22435773148621,70.57828787641432,43.63120574166738,108.48930793025794,42.26960843109752,106.53378545841694,37.32225356838823,53.98510796180317,47.694976921292195,57.37255137851083,42.74448627369239,19.115019704613115,True,0.41834817394414137,0.851347803225082,0.9861464119798868,0.8658277489072935,2.737447726308454,3.165036139125955,18.0,19.0,0.0,1.0,0.455,0.043,0.8705
Control_hab_FINAL.db,17,276.83948524188713,226.39061297203756,310.5736909115118,299.20826957944536,280.3711688996101,270.5257556419871,256.68952281136774,325.5747251989119,217.8877400153148,332.8948285245701,187.51816470087005,227.90087649343985,225.37180489400487,222.83506992555948,175.1664321284575,151.6713868598881,True,0.525523605739954,0.88426714959193,0.9195833958975045,0.810675943176874,1.75034625338521,4.105171860655004,9.0,10.0,2.0,3.0,0.5765,0.0295,0.3775
Control_hab_FINAL.db,18,47.877358052556694,11.396536372755444,42.10628495464408,37.73030502929525,44.959649175081424,28.85129967997348,26.32784428397833,54.51808033067667,28.256672503696976,57.62765818433624,9.290390770175563,17.490766631672237,11.91008775964816,22.067025911307844,3.668166128430049,13.851766039693839,True,0.5569505139180873,0.8468597234522456,0.3270151663311487,1.142963217197962,1.1598987631528672,4.781720537000216,12.0,13.0,4.0,5.0,0.169,0.156,0.717
Control_hab_FINAL.db,19,40.996755636375696,16.57993178862555,30.974159989731678,23.106800873160765,29.47213289850208,15.712073456583916,8.966619969899586,41.82139167274107,25.45476785319765,35.292629529308535,20.69125037402933,17.0962659600271,13.64476738469501,27.41553502022243,22.411672151994047,23.851668530582504,True,0.5113987787750952,0.8485970105196828,0.22573139357224464,1.1170934958297327,1.1391443056104893,3.044843391043759,6.0,6.0,4.0,5.0,0.115,0.096,0.8645
Control_hab_FINAL.db,20,212.26180515707506,160.09379670306475,233.60851929288643,225.73481006918564,216.94630629720132,203.80805819667205,198.08676486829881,248.51528339773063,167.87568310322783,258.8298825255667,133.23650372840316,167.0645346713336,162.3793251092655,163.39530277847106,118.64042876020328,113.7556354331312,True,0.6781710758082168,0.8237756663927946,0.9318680109180584,1.1557744712311235,1.0831280431502261,4.2120415558837765,12.0,13.0,3.0,4.0,0.4255,0.085,0.4135
Control_hab_FINAL.db,21,89.95056361443415,45.53553159734295,92.19882770164446,88.47152580472986,88.07174370617824,70.01992964321344,52.68441580293458,108.68629361897976,42.5329343218297,111.80099600120423,25.95190118162783,47.539588865259695,41.53113134408751,48.66432030802513,24.166855725986377,11.01245083524751,True,0.7528230955751021,0.7054795692473578,0.5976851695119589,1.2344906979015524,1.6158717631714077,4.420275673423168,17.0,17.0,2.0,3.0,0.411,0.058,0.7145
Control_hab_FINAL.db,22,73.01099167409504,23.979962215240185,65.81865292683834,63.10422318369899,71.81927221237439,51.25413239411759,45.34950891097991,81.91874468341813,43.027461963401336,88.16304617790036,17.42017882542892,33.47429466641428,25.036524663445096,36.75226865460917,9.100339644623995,17.858839254471224,True,0.5710387823692453,0.8942857914698545,0.6303191458459821,1.8394248747028845,4.914122723755026,4.126528675430244,17.0,17.0,2.0,3.0,0.225,0.0845,0.6835
Control_hab_FINAL.db,23,121.76910927394903,78.8217164217316,136.05388581832892,128.61649664337978,121.52215347575579,108.50635451937777,98.36726809792518,150.3983372703755,79.09885899895642,155.02341962207606,56.65833088648304,81.48830448253115,78.01331503854593,81.0473834836533,49.961810900961865,39.244316772880026,True,0.583598520369929,0.8909221614474983,1.9223769348130602,1.6263131597709088,4.591733586971931,4.15278273839065,11.0,12.0,4.0,5.0,0.401,0.073,0.568
Control_hab_FINAL.db,24,110.1962559231449,98.63921821934322,135.80582932128152,121.36018102181309,100.92021960634226,97.81251187464503,66.06451452326006,143.88825049529524,55.02353270975803,131.52712508329617,65.7097176515522,80.40536896721795,83.12846902562393,83.05543820138689,75.30257066479598,25.659402519924072,True,0.4004726293780357,0.33528170383136474,0.08241493846133807,1.8637027532978687,4.020878065425757,3.6850649989060766,2.0,2.0,0.0,1.0,0.5995,0.127,0.79
Control_hab_FINAL.db,25,80.72126309491178,62.94786294552965,62.25043795497217,50.6829510509992,60.94706137461722,47.16159595117148,38.63590083876175,71.77301284621784,73.52537057940555,56.88574692170631,77.48790244379603,61.57053991697047,57.737547326792644,78.86233495110673,81.68084675412251,82.68268679210155,True,0.4110190033112623,0.8788455604620307,0.10631395565217627,1.4717435400742183,2.3483401700312223,0.2993819648399878,0.0,0.0,1.0,2.0,0.0,0.034,0.9905
Control_hab_FINAL.db,26,144.5561615882309,123.76581999862199,169.47782437597283,157.8342092398216,137.16300821456656,130.28361131999378,93.43335329585413,181.1654102537795,76.39172610908557,171.657746045759,84.43989267674893,106.74577497297486,107.99049353606618,107.2807361678255,94.93141516771244,39.521127165163584,True,0.5822264886721891,0.24581039320835069,0.6393085939573756,1.5332663553091668,3.5376373521416293,3.678843231621781,7.0,8.0,0.0,1.0,0.692,0.0685,0.788
Control_hab_FINAL.db,27,101.47649788490436,79.24529524130868,115.66076741896131,105.00807138815595,92.10854380291539,82.57187708505295,51.316115888085214,127.54066302239038,45.054788505035084,117.8382962569732,51.213919440252646,66.32860477911807,65.82428456471045,70.0850222457001,60.16416557423048,17.583204743600973,True,0.5688345119057345,0.20014441624123352,0.6511456539118824,1.4960860776485267,3.221915559545312,3.698066400227034,7.0,8.0,0.0,1.0,0.55,0.06,0.835
Control_hab_FINAL.db,28,69.76723882233918,33.204256492419375,73.73909673242416,69.8745849119956,70.40432147563487,55.8551688540844,46.30526529733053,86.48446348018939,36.024746981763926,91.16830943278786,18.227876089751714,35.40752569811746,30.788503333119678,35.6061279425637,14.284184057194242,11.678371322622038,True,0.5565522488088213,0.7343525072183248,0.6598343606536774,1.4590845041264393,2.3959034975499263,4.387931533066859,15.0,15.0,4.0,4.0,0.3365,0.185,0.6755
Control_hab_FINAL.db,29,66.63426182040514,26.610162035850163,65.99110679600953,61.76260326354891,64.56032693097247,47.65759913405009,35.81335412894038,80.25572910486513,30.944617150322706,83.1041824209977,13.9049827142692,29.719247821235022,23.775160575133235,32.17674726577665,10.331695099895857,6.54776877296341,True,0.5247850563235567,0.7594372636857337,0.613136585629226,1.3631601698829223,2.3894607226867106,4.196439105269954,15.0,15.0,2.0,3.0,0.3165,0.117,0.7175
Control_hab_FINAL.db,30,54.12451354921541,25.567157687053907,38.55029942749271,29.0154072608467,40.289962681642876,24.218821284612186,18.484248378200235,49.54467402410794,43.285973137888746,41.585046823610675,35.658213175395936,28.925781102083015,22.946628627422687,42.45829761608299,33.329680496530656,40.92523695826629,True,0.47651800707037006,0.7218000194499241,0.5033351803634963,1.00018455150376,2.1651628859087837,3.399424907157884,4.0,5.0,0.0,1.0,0.036,0.06,0.8745
Control_hab_FINAL.db,31,67.54674679322774,45.597990365827776,51.09741855125395,39.33349821843557,49.78975990125502,35.59151980167516,29.103320043365265,60.72167498236252,60.48250547671684,48.23135547709662,59.05415239321352,46.356607474983676,41.669551452584976,62.62063803707282,59.38979932455409,64.0116194716048,True,0.42247256877847406,0.6847243871707397,0.42933513928087885,0.9287267688106411,2.138659614275792,2.4587564996314457,0.0,1.0,0.0,1.0,0.0,0.043,0.929
Control_hab_FINAL.db,32,66.62619908650068,43.623566253004256,49.56884517366672,38.93616129729327,49.19881250805089,34.31524698498178,26.75288046427652,60.13564933220202,56.82283026188928,48.19820694255475,55.80286710017758,44.32776024018674,39.68134368994414,59.96165712784779,57.58404771718445,60.52406892993865,True,0.5068475794948655,0.8715981464703957,0.09717816250878641,1.1242332923065579,1.0513827207077184,1.2565207187305292,2.0,2.0,1.0,2.0,0.021,0.031,0.9405
Control_hab_FINAL.db,33,68.923883348096,42.51785618018095,52.28090626159637,40.55755410936004,51.11065412901126,35.72873345668104,29.406145671177832,63.27595294932748,59.62981196387509,51.572104002414896,55.37821989632639,44.91907850855944,39.55192214320775,61.16455957581386,54.558609018756215,59.43494388610009,True,0.5081287696561724,0.8880001145072727,0.06957978549304122,1.1579368528042522,1.0202092556530487,0.9328742245376056,1.0,1.0,0.0,1.0,0.002,0.001,0.9085
Control_hab_FINAL.db,34,31.37940711611572,4.535490902233086,26.117719230393796,22.437012444421125,28.556152082753762,15.361005758390482,14.679270562317198,36.29959762736982,17.48375858202621,38.388267980089715,4.224957192093208,7.719488895917948,4.545758478535953,11.878476120867598,2.4976703134680274,12.89583509864673,True,0.5137981167294371,0.8770575602821191,0.2710786108023444,1.1330153316250682,1.0607399508408277,4.6664565822634785,11.0,12.0,7.0,8.0,0.1535,0.228,0.7555
Control_hab_FINAL.db,35,89.79263379548189,47.9366846354645,95.74445202861695,91.26900401617317,91.15385885196858,76.17190324090856,69.78915890801898,109.36174772136712,56.18020536759788,115.97967227433006,32.742661821257926,52.918939456653646,47.98162133262913,52.78294914375517,25.460538885908058,26.01809730573952,True,0.5101539965283757,0.8977283215188555,0.36226904067388943,1.110303299031125,1.6251764988605315,4.328612492476007,14.0,15.0,4.0,5.0,0.3215,0.149,0.6105
Control_hab_FINAL.db,36,109.87589943075247,78.3442886409065,128.69448683022785,122.20736617170914,110.15786191176885,100.29906644274769,82.35960128008227,141.19278943311036,59.9497715382816,143.2585943507022,49.01307024027887,73.26741634269567,72.4908653944585,70.73787383891136,50.03373326275968,25.570706414357304,True,0.5018369703564513,0.8069550232367431,0.417029959970486,0.9824945646096074,1.7203543892373396,4.224612615986422,12.0,13.0,5.0,6.0,0.5215,0.15,0.645
Control_hab_FINAL.db,37,51.584950804045434,26.120958309461656,37.789639434436324,27.876949779507456,37.50537422395216,22.845235911174715,17.25277019545335,48.098925442331506,41.323409350832634,39.450823534578596,35.661372496915696,28.1352981382728,23.244353513352692,41.48772486225283,34.60324956274658,40.47261921113023,True,0.6047527765472881,0.7823558340565524,0.44494023949297895,0.8646484751687247,1.6926982751816668,3.18694619725193,3.0,4.0,1.0,2.0,0.043,0.0715,0.8775
Control_hab_FINAL.db,38,68.85342060262982,28.172517279728737,69.39587318381066,66.20558838477197,68.39722449969287,52.040797324064805,44.587419983479315,83.76734296565348,35.940671348795675,89.03802484178757,16.07237807608831,32.859958031325895,27.830785375329327,34.08094173501217,11.953053265678182,12.248124065688716,True,0.5970549385278074,0.7779633920250345,0.42179691954963827,1.3105897071978523,1.0711866764769202,4.870598118496645,15.0,16.0,5.0,6.0,0.298,0.1285,0.6795
Control_hab_FINAL.db,39,76.44382056335843,27.833592315533416,67.87911457847017,69.49845012675846,80.55918905209609,60.11817808597512,62.450207260668726,83.52892412488092,54.313479046853416,95.93816561954955,23.697498394741846,40.409479294799,32.7270583147517,40.27777131411797,14.689178487587732,35.37327357449329,True,0.46208078222622556,0.8875752099093883,0.4344781977165315,1.3795496757026062,1.1469219433289735,4.427756144882224,21.0,21.0,7.0,8.0,0.184,0.182,0.6405
Control_hab_FINAL.db,40,83.90949212005597,33.03515066275644,78.67752808154985,77.83057881426615,85.43411233622689,64.6972608261041,59.76120835552129,95.40515021374975,51.35664835530329,104.6373812670046,23.50416700639054,43.165677065538844,35.16696710292464,44.07808441790509,15.316035062208998,24.394694825408084,True,0.4722103253365807,0.8970441151258318,0.4024742767224771,1.2826374884148721,1.7299358832155716,4.532060949890776,19.0,20.0,4.0,5.0,0.26,0.104,0.6525
Control_hab_FINAL.db,41,75.93514620837813,30.05107768968744,71.70316560933239,71.58703428614405,77.64259841008192,57.8471544945647,48.56261594305607,87.72192389633503,39.584373106866074,95.67724217923545,17.403200548483813,36.58766256016553,29.480243612325083,36.67393179287028,12.977353752706161,15.627044659517965,True,0.477487589133775,0.7566456137572817,0.6572483998755845,0.7988636380932856,1.844210814330368,4.467586947336993,20.0,21.0,4.0,5.0,0.317,0.1405,0.7
Control_hab_FINAL.db,42,55.387754293054506,31.191887970047862,38.47153097886864,29.676187867266265,40.451411649774,25.377062800610307,20.80413351200497,49.2471223268244,47.15276878554863,40.26695632513171,43.24478732086396,33.3928580039153,28.930218423941497,47.27866680542791,44.43301860796362,51.51867151754903,True,0.5101212543845934,0.7995122459003849,0.15440685265589515,1.104869562378154,1.0597991981237174,2.0784984344135315,4.0,4.0,3.0,4.0,0.017,0.062,0.9125
Control_hab_FINAL.db,43,80.83826504826808,63.000846756927594,62.35098353602715,50.77902582570642,61.043326396403074,47.23617280599371,38.697826262855216,71.89857591811243,73.59585712203727,57.00569770478136,77.5397447727222,61.641597200838085,57.80023373920062,78.94613878924244,81.73021587102653,82.70875064187359,True,0.5230304334423092,0.8117865651287198,0.15479294822728018,1.065333231461587,1.0802053523624269,0.289991693118382,0.0,0.0,1.0,2.0,0.0,0.033,0.9905
Control_hab_FINAL.db,44,40.69929483398686,16.952090526089577,26.610308290640127,19.379333011508262,29.679473995595163,15.150533094211546,10.995021036461965,36.532952888400494,31.53954481375525,30.63994876086672,25.635505178682443,18.91918779949668,14.490559903029247,29.978408605730248,25.716520824474806,34.26628262201683,True,0.530843185313487,0.817397439045523,0.23370199497468452,1.1006266740106396,1.1053359200684312,4.004730059734988,6.0,7.0,3.0,4.0,0.058,0.1385,0.877
Control_hab_FINAL.db,45,35.98904930315573,13.276541491967459,37.98984186213052,37.0696128006987,39.0973180179202,28.764297290471198,30.303147375816692,46.84462350340853,20.76791244855803,53.63853139589109,6.527388513328312,14.819112739100982,13.955779345534346,13.67885732003511,6.102627276976792,16.198850969714165,True,0.8976020315534016,0.886823796501585,0.30303994792515987,1.1422652737446317,1.0126140600432083,4.712914239595711,14.0,15.0,11.0,12.0,0.229,0.3405,0.6965
Control_hab_FINAL.db,46,54.32012125798214,16.418269691548794,50.212905811039164,47.279736682755,54.293509600200025,38.19740588500264,37.37786927287493,62.662003419455715,34.422522788684034,68.70482194376774,12.429524054830047,23.481443311538094,17.913470565809742,25.93288040238803,5.69479118058312,18.3724640436495,True,0.8836100781638423,0.7792917961581807,0.3536475759493103,1.1332979229126956,1.051954651610374,4.685536847411745,14.0,15.0,5.0,6.0,0.187,0.193,0.6795
Control_hab_FINAL.db,47,57.612151118143515,21.77842745487071,57.79101247241827,53.30000509499053,56.45177677053974,42.4125897969253,41.68107790023421,70.0526909209989,36.45256585464267,74.75664657897012,15.852508128782654,27.438642422868043,23.454516399871117,29.876767746089815,10.243177745498107,18.679446849783464,True,0.8912863205615535,0.8876861700158574,0.25546189039075184,0.8987765834937682,1.0206364486820336,4.483916216618463,12.0,12.0,7.0,7.0,0.204,0.1655,0.661
Control_hab_FINAL.db,48,67.31388150033578,27.900167278722794,66.1683382369739,57.65089022992902,61.30826547726568,46.40398340546545,44.44594306144715,79.02028507933562,46.31499026095466,79.71398359871613,25.163145863576318,34.595253786524296,29.40052385993051,41.12075505459339,16.897724634281044,23.80427557410975,True,0.8871520414357152,0.8866104445745164,0.2329252640833539,0.8134596387494198,1.00371450931435,3.845803534984504,7.0,8.0,3.0,4.0,0.157,0.062,0.664
Control_hab_FINAL.db,49,183.93920297818875,127.23902083971322,194.05987693124908,192.97830496216466,192.77143553043675,175.29654271529222,176.37191166105845,210.7234560861492,147.25295818816107,227.3750223182023,107.33717075038584,139.78463101451447,133.38486951345985,134.3455823942111,92.90991541230454,103.71476972831104,True,0.8886255528828718,0.8821074388419833,1.534212289788884,0.9471223530903943,1.0380160403689227,4.704759199293017,20.0,20.0,7.0,8.0,0.3445,0.145,0.441
Control_hab_FINAL.db,50,54.32069488205328,27.995496016691305,41.61089611271355,33.20689522178312,40.683335104472015,25.01693927104789,12.692261463015136,53.418674022297516,33.26331688273476,44.56093042254999,31.24639231831766,27.444131754424106,22.66967105051816,39.32614994615204,33.971593355228904,30.05386296264262,True,0.8143703631255462,0.7740180719673742,0.27232743314407754,0.06397949076130349,1.4737037099557984,2.984553956446045,6.0,7.0,1.0,2.0,0.142,0.0525,0.915
Control_hab_FINAL.db,51,73.64221213076108,60.048881001129814,83.70069607745309,70.85806459407378,60.78411014936998,53.462925563518596,27.068285741161557,92.63017011874211,31.545435758494516,79.1288967544304,41.75951671725228,46.56547822182964,46.95361403788381,53.978011258547426,50.936214624730866,15.494580932286429,True,0.8017354078724653,0.4281328006108253,0.30359735357688933,0.07417537191124335,1.5297827471920082,3.755710100688864,2.0,3.0,0.0,1.0,0.4245,0.094,0.882
Control_hab_FINAL.db,52,53.25229703009743,20.18388972941782,54.2498727046621,52.83140106399216,54.61188645108402,40.63517695834794,36.45909975525634,66.77785713050882,26.367781296608733,73.03604961298133,9.457037285023302,23.288764392531267,20.24498024282179,22.94652148954132,8.161048186098872,11.459706884493738,True,0.4773077688921102,0.7971090289421559,0.42163898622707435,1.182884231189131,1.7367847656654358,4.451540319709095,16.0,16.0,9.0,9.0,0.283,0.216,0.695
Control_hab_FINAL.db,53,82.01482829847092,42.754062802922405,87.75605283736604,83.7630917486357,83.57269583076659,69.00770371933237,61.223626365453775,100.91211444534017,48.02015269388194,107.04998853088051,26.9521113272258,46.34754632329772,41.681157266750986,45.881985274845775,21.22475966504112,20.197631799151228,True,0.47303926791258116,0.7889568615675258,0.5008882743188723,1.21897608225117,1.8408780774588684,4.382184082316788,15.0,15.0,4.0,5.0,0.3365,0.174,0.634
Control_hab_FINAL.db,54,101.12897444509412,56.04074237200537,107.00527651009116,104.18309458594626,103.91361160704164,87.42718645177916,78.29996783408104,122.00257972793526,61.41336140422692,130.1400627028752,37.3306673138011,61.07760924978418,55.54833798532245,59.50333443733411,30.863432107704604,28.49030058780324,True,0.5874502565626348,0.7992721263290353,0.6399814232270118,1.2206876883135218,1.6175786613020842,4.316646832844689,17.0,18.0,4.0,5.0,0.3735,0.141,0.6135
Control_hab_FINAL.db,55,54.6746847570367,23.750216436310943,47.82611651151203,54.588988446783745,65.07037178369876,49.94103093267218,59.25618540094629,58.706224806788796,45.38579714360422,74.99741016679927,21.08523641344771,32.38109779785919,29.059190118448193,27.31282062586293,18.074738080540893,46.205078387926896,True,0.5544537706452981,0.8115279478359472,0.7265833786838787,1.2234096910944792,1.038952996472859,4.0510939796383,24.0,24.0,15.0,15.0,0.175,0.429,0.6685
Control_hab_FINAL.db,56,78.87510544390418,62.12599556585602,60.66758226078592,49.17162825837714,59.432694628737124,45.994239876709116,37.67096765595976,69.78987729859797,72.42345949999127,54.9924079951989,76.6842987836707,60.459496977782045,56.76043833095844,77.54734714362894,80.91681448635185,82.29153879844205,True,0.5468008791688024,0.8987714993207062,0.07603174955075298,1.1811536908416522,1.1030106259146881,0.366975504730887,0.0,0.0,1.0,2.0,0.0,0.05,0.9905
Control_hab_FINAL.db,57,79.5672309987044,61.05318184310984,61.3087356485838,49.68237555451214,59.867536808295284,45.974214384945014,37.65320644501506,70.99176257623797,72.13835956100361,56.313615349521015,75.44980816703747,59.98667940344757,56.07336326505572,77.22858734290729,79.28059830018435,80.47424108400702,True,0.8968323630675941,0.5924081603438224,0.1387424576845891,1.0814384518527937,2.439046753450797,0.5535241192048345,0.0,0.0,1.0,2.0,0.0,0.0285,0.9835
Control_hab_FINAL.db,58,63.341720381398886,42.944732042880176,67.40361087679486,54.79713703116501,49.57819532410669,39.50372861441651,18.51370915164897,77.7659256999758,27.549081323056804,65.67302693013231,31.490888771557156,34.73427199000564,33.26299079018318,44.0794472602152,36.86539931988278,11.760371291967147,True,0.41599436988150695,0.6297399526520612,0.355481704014734,0.9777992976584421,2.5251228653612388,3.9811887165994952,2.0,3.0,0.0,1.0,0.325,0.043,0.8625
Control_hab_FINAL.db,59,66.55894849232111,39.840925460744636,50.10059078745945,38.67564534027148,49.290169176475274,33.78738986636769,27.52905392092463,61.06284273418871,56.9388991806429,49.89597233629722,52.29898949797919,42.34112359715147,36.93499078007573,58.23921688098866,51.26681473096383,56.420921268139075,True,0.4119255715391318,0.8863166776306598,0.41868775001460473,0.660285996228496,1.5973772458907423,2.624973405075419,1.0,2.0,0.0,1.0,0.0075,0.009,0.904
Control_hab_FINAL.db,60,64.30992572717977,17.57511727967998,54.40891325564493,54.2979373540094,65.20381448862481,44.40833150999277,40.96507855292572,69.95141615860597,38.2715119088656,78.30193270537255,13.001813797909154,27.4903928881527,19.366009824889836,29.572128471959616,5.891802250521437,19.50382221636405,True,0.6424228374174583,0.7835476227475411,0.42304235046603655,1.3343162759933203,2.407890920573762,4.538268430587707,19.0,20.0,4.0,5.0,0.206,0.147,0.7015
Control_hab_FINAL.db,61,71.1561753502849,38.63119917225572,76.29638056632453,77.90747236515284,78.04108765257786,65.23430941012452,64.70013088953526,88.28691771037553,44.497266578361184,99.85852308839759,24.114355222169145,42.31326249049974,40.50601032301874,37.58978108079996,22.511915669185825,29.325509890568778,True,0.613937474393246,0.7837024542940382,0.7446755138399386,1.4490405878984514,1.6888540788757962,4.189506901660317,19.0,20.0,12.0,13.0,0.323,0.3035,0.6345
Control_hab_FINAL.db,62,31.403236088173216,4.298933996839578,25.049258428041455,24.184787233043785,32.46485327541326,18.750237115188433,20.555895903416616,34.87623498211281,20.032258389380008,40.71703989188716,3.9291705078299115,8.80716668540569,5.170998925143928,10.53295724813047,1.3433372766105012,17.705169986909787,True,0.5157271164599759,0.816352738826885,0.29889719377443535,1.1557708975689946,1.0098886682825594,4.296422916429563,15.0,15.0,8.0,9.0,0.1535,0.3055,0.7375
Control_hab_FINAL.db,63,76.4877709408133,53.94584537939801,58.939918056318575,46.7913198434031,57.10618073560305,42.4215227615567,34.51861222867436,69.31184829115462,67.77594093921226,55.47102811324227,67.69978587680423,54.44436072830209,49.69394909306589,71.65296140953326,69.1673368778318,71.42402581811496,True,0.514801966356414,0.8988089659007453,0.06372074578077183,1.0846392056908305,1.1213576342002134,0.5423743428995255,0.0,0.0,0.0,1.0,0.0,0.004,0.9505
Susceptible_def.db,0,92.77964648470068,48.51072440548769,93.2366280323106,96.01852085425529,100.50894051978088,83.17591030033546,83.5258573016489,108.06805627587508,63.76296362026822,122.5347089907429,35.388554773020786,57.415076889985244,52.427896674227725,53.0185480863239,29.327188739326807,41.98998285617759,True,0.05,,5.0,0.1,1.5,4.584042759712977,22.0,23.0,10.0,11.0,0.2985,0.242,0.6025
Susceptible_def.db,1,36.33675222261976,72.37007456726839,37.675552301030024,29.892640353313936,36.5542105023209,42.214680040718044,41.982475848586745,25.833735974332832,62.51698895593374,17.112776168182478,81.38599169252926,54.21359856893806,57.8834396946189,58.218061200655,87.24173478826057,103.11145713789685,True,0.015103726892147278,,6.704538976457596,0.6004232743671417,2.211823492551386,0.7859687958795712,1.0,1.0,1.0,1.0,0.079,0.907,0.9485
Susceptible_def.db,2,22.316501425736732,39.11031844782605,17.78870492872168,11.822004185359607,21.71121998979461,20.507709863910375,20.628159529389418,12.282877989374965,39.64433199000816,6.958618271025073,48.35016223971186,28.355985753056405,28.763337686671488,33.1443497276601,50.939519577480056,69.35971973669541,True,0.3672639220259967,,7.521287655363398,1.1102922793461993,2.0164348949199082,1.9302900975115402,5.0,5.0,1.0,2.0,0.0675,0.725,0.9115
Susceptible_def.db,3,118.23724746374438,83.81722479096717,136.4385139839215,129.3649483990074,116.68867892986864,105.56098106042344,84.01566161942768,150.40140627405947,62.70224702223493,150.97304753485008,52.872580478697884,78.37349769748724,77.05821653854466,76.78611497169963,54.831522654917435,25.191509147500394,True,0.24837696044513902,,2.0488688096158327,0.10966387647359355,2.913010359932934,4.160220788748927,12.0,13.0,4.0,5.0,0.5485,0.0865,0.6655
Susceptible_def.db,4,136.2215998926311,96.93805038404074,155.53011096853226,150.47564731029877,139.1080323414687,127.70853941837564,114.70671377749328,169.78464572665843,86.6757107288706,176.3061846643444,67.49122357125498,96.34617113853636,94.86734148667875,92.16571428269441,64.98733107715628,47.101374996474135,True,0.42367891808314245,,2.195991293370329,0.16947918629128852,0.8940637454297724,4.648938805193677,14.0,15.0,7.0,8.0,0.5035,0.126,0.5685
Susceptible_def.db,5,143.76542912445967,97.05836964260173,151.00453046258878,157.926009904061,156.10115957242306,140.33581948529414,146.92987407661477,168.25228827629073,110.60233670377661,189.12882316434496,77.90106092608053,107.57775913231289,106.26930853899654,97.71550738729766,75.28033137766003,87.44504048925263,True,0.1293538048629546,,4.080869173441826,0.09892885128442934,0.646955372489222,4.6731238134388535,26.0,26.0,21.0,21.0,0.3565,0.228,0.5175
