source_db,trial_id,LOSS_13_def1,LOSS_13_def3,LOSS_14_def1,LOSS_14_def3,LOSS_15_def1,LOSS_15_def3,LOSS_16_def1,LOSS_16_def3,LOSS_17_def1,LOSS_17_def3,LOSS_18_def1,LOSS_18_def3,LOSS_19_def1,LOSS_19_def3,LOSS_20_def1,LOSS_20_def3,LOSS_21_def1,LOSS_21_def3,LOSS_22_def1,LOSS_22_def3,LOSS_23_def1,LOSS_23_def3,LOSS_24_def1,LOSS_24_def3,LOSS_25_def1,LOSS_25_def3,LOSS_26_def1,LOSS_26_def3,has_laziness,param_id_threshold,param_k_shelter,param_k_threat,param_delta_stay,param_sensory_prec_slope,metric_entropy,metric_laziness,metric_n_ch_co,metric_n_co_ch,metric_n_co_sh,metric_n_sh_co,metric_t_investigating,metric_t_shelter
Susceptible_def.db,0,76.92413868020424,35.830488527886914,82.56894627275645,50.89103668442483,144.5941458165469,73.57149761330697,60.31901156858942,88.79313828835976,75.8703629295187,90.18650277498432,61.43111832221403,47.693539985855196,23.130250261903882,103.94100912686109,31.21483325402407,41.17296455668751,60.12747237741757,32.080473102753295,41.022577170225475,43.85281800769995,37.32346071104265,58.6750747395198,87.9810229146641,90.02305847462699,97.73043929821381,84.41112214202982,63.812498557085206,176.00554829395048,True,0.05,5.0,0.1,1.5,,4.584042759712977,0.6025,22.0,23.0,10.0,11.0,0.2985,0.242
Susceptible_def.db,1,32.96411127012877,96.22391318705257,34.54061906354075,68.09430953004492,8.440862659011403,50.49723549185563,103.82032887974984,25.813173384960535,39.47463121225482,43.12491031203247,62.78205204090923,80.12539592243104,102.5275563204404,80.38947949130599,124.3351897854366,128.07718038326365,117.630021087169,146.05205277337134,87.7326236991043,96.71668538136521,104.21785782379368,90.77682722907433,151.03777259145778,36.14928897271691,124.59099672053466,130.73660017610638,88.28175013022313,7.177913600430763,True,0.015103726892147278,6.704538976457596,0.6004232743671417,2.211823492551386,,0.7859687958795712,0.9485,1.0,1.0,1.0,1.0,0.079,0.907
Susceptible_def.db,2,13.174517610893606,61.149468972235496,14.303881387828307,39.83385422434861,2.642834153123446,25.9888156356671,73.18359798342387,9.28124371842793,19.505793459488547,26.347083607663027,35.72191658828547,49.48130305727498,63.43467767851878,58.087227905627216,86.27184976277609,91.55011891193386,88.80518919981655,107.78418742112417,50.672844960492,61.43603632806025,69.68016400668363,63.851987494837154,121.01776826904687,20.27058969723271,98.62228134235329,102.48162394353703,63.075888225411866,7.907512420905105,True,0.3672639220259967,7.521287655363398,1.1102922793461993,2.0164348949199082,,1.9302900975115402,0.9115,5.0,5.0,1.0,2.0,0.0675,0.725
Susceptible_def.db,3,97.78966362665909,40.46247368544576,108.1196217513261,53.756275265910105,162.64613632938153,90.23115468739688,28.827132447163375,117.1621668282765,77.22276906648833,73.7848778017929,91.9743270867222,65.21461642282081,48.53714559917608,161.42019103022866,20.59313657572627,16.17896699202923,23.594979526859312,9.873363822777318,68.9208952893412,42.66879818437293,28.86767038611956,43.65916837096428,26.8157570776901,122.31614611807356,36.83071703264723,27.289712023298414,37.88370069349467,199.23028764746192,True,0.24837696044513902,2.0488688096158327,0.10966387647359355,2.913010359932934,,4.160220788748927,0.6655,12.0,13.0,4.0,5.0,0.5485,0.0865
Susceptible_def.db,4,119.24340360513877,58.38580541951376,130.33913357714266,77.28337869880033,196.37505013187584,111.73391186302979,57.55240796480468,140.13245222148782,106.0426085947231,108.74676392062759,108.32139500837577,80.53954584989214,58.146109099579206,170.81621860952328,38.18389205180707,35.889956874407034,52.84729176783511,24.895934793891257,82.6501007555942,62.419783467809,49.02849968775341,71.48898059349588,63.789898478909166,140.47767458291145,78.12014974512448,64.02060641476767,66.29837368958889,233.15110167363736,True,0.42367891808314245,2.195991293370329,0.16947918629128852,0.8940637454297724,,4.648938805193677,0.5685,14.0,15.0,7.0,8.0,0.5035,0.126
Susceptible_def.db,5,136.8170658002881,76.77965185376495,142.09430294585263,100.65998827686188,220.28077549490044,128.86500596876118,109.1241968138637,150.45954109251468,136.51467577980515,152.3120220401295,107.31402912777943,88.24320120367051,61.86447993597044,142.6200396210509,66.89689836209925,80.67742840523381,101.13792906971133,62.032145530088904,86.93432401797725,88.36446081879927,77.78471207224372,101.22422321323825,131.5533844096244,142.09827383287234,151.24832931961555,133.66030728667414,109.05949407384782,252.77754947706904,True,0.1293538048629546,4.080869173441826,0.09892885128442934,0.646955372489222,,4.6731238134388535,0.5175,26.0,26.0,21.0,21.0,0.3565,0.228
Susceptible_hab_FINAL.db,0,113.40744266677115,64.41179240129532,122.75487809491773,65.99655095057454,151.8224675722873,105.3346908778206,27.59182994224493,130.5191144286156,77.72748219946476,59.628850538223304,118.8560027561604,92.81575144335878,92.27114188416391,200.61003601145887,44.066025601060474,33.39060709773846,20.349740487461524,35.9260427559251,104.30495248406766,62.167141804067285,47.0124904303861,44.825599979259444,6.5889953777264285,142.62822972039888,8.321130774976671,8.145475194700847,35.5401520097338,186.0173242295505,True,0.7,0.36,0.45,1.37,0.64,3.087943081370515,0.854,5.0,6.0,0.0,1.0,0.6635,0.043
Susceptible_hab_FINAL.db,1,72.9383141336406,26.363959131258994,82.1532516974482,34.89731549906382,127.82026573666975,66.9308671084998,13.591965839632545,90.25115560849945,52.756759761555095,49.13218015532568,72.10452852922603,49.554696971146086,35.60012414786981,141.59666906036713,11.108366915717118,6.615770194376285,12.250376933559545,5.174971696448815,50.782183358260426,27.08433343021057,16.29613969249976,28.660611059390213,15.279628320414783,99.25327767867316,20.13450935789612,13.345208521574289,23.01264863837807,162.83245782002314,True,0.41591925612146174,0.8897630384862578,0.2631764614574091,1.2800509976921153,0.7270520600323089,4.236336820730287,0.722,11.0,12.0,1.0,2.0,0.5005,0.0915
Susceptible_hab_FINAL.db,2,76.05707082938403,27.997165939319885,84.26777313477932,41.38224638745753,142.67537931665962,70.91469711634699,32.84844934567778,92.70234644467533,64.58190676678012,71.58008549234687,69.49522315715483,50.157658785206465,23.631475869554393,133.88642711058085,16.750257567561857,18.29197717309031,35.749446061599585,15.105690495656145,40.48671560130097,31.2108814195825,23.549518080442397,45.77520784412975,49.400528908253136,102.73770904494994,55.95981596140815,45.308719911285486,45.1073702279235,180.71266940948345,True,0.5429129041504068,1.0475703460057624,0.4202701529261075,1.8348395249622864,0.6929946784325763,4.386195633875634,0.6575,18.0,19.0,0.0,1.0,0.383,0.06
Susceptible_hab_FINAL.db,3,52.18521698369482,81.41795001098146,49.88187532271705,66.27311003452033,48.26731099693795,46.43383084463859,79.8602045856496,59.67380039989853,51.783375755832616,54.38328104583364,71.41344976042821,77.54236490381118,94.02665712202638,113.30394727470001,103.97940925520768,101.72142609790698,114.42673971966184,129.90471794837646,66.31376519926611,68.19916388897119,88.8170888433936,95.10250148527558,125.15489447351861,77.23929627114498,99.86529420223607,108.49030240510562,87.57562476132725,66.41711351799923,True,0.7326105293899339,0.3481824239399708,0.7973744681875701,2.6890461213268786,0.4147495951209984,0.3643956412389178,0.9955,0.0,0.0,0.0,1.0,0.0,0.06
Susceptible_hab_FINAL.db,4,105.77126440390064,44.59202574149313,116.11578466908162,59.10988212638051,173.73332451126967,98.74628446760228,35.46691927634711,124.51188482036265,84.62617495229239,82.21921499086027,97.68434289597447,70.79085414958988,50.80283901354572,167.54324903978937,23.95593586818778,21.309195244002954,27.887149184283565,13.24422089366291,73.57469234944168,48.579558255556535,33.14799197003169,48.02753885497812,32.479989978843534,129.84522606727808,44.05972911445637,33.64438570308752,44.23362039521541,211.38628120593336,True,0.504530032007257,1.4259292052076804,0.2830705378295859,2.5248464311390366,0.4947534529511431,4.394103664918306,0.656,15.0,15.0,4.0,5.0,0.5615,0.0935
Susceptible_hab_FINAL.db,5,45.951576434418044,9.121407837501824,51.56350007397473,16.417611918599544,95.77067841836472,39.18139348809642,8.61127096002912,60.167901366957736,32.514344243325034,34.5010976938014,42.04429580224702,26.20041927402605,13.583361564680855,101.02686449997861,2.5581600113057514,3.3818186436718864,12.833913220544012,4.615981312102859,22.28367601359371,9.717687185171046,5.080988512670388,18.489299977338835,22.48721266786722,68.96575286939736,24.436511917664482,18.772100489529365,16.752978441720074,128.46806983476614,True,0.5681422129937078,0.41268509580270185,1.0372259981115326,2.613226976898086,0.77679198577188,4.177511677000555,0.7475,14.0,14.0,4.0,5.0,0.3715,0.0745
Susceptible_hab_FINAL.db,6,146.79714311292182,82.22406155956793,160.87330477888523,93.3389800607026,208.42665513157965,138.72659024673683,47.397052994977024,170.1461461569311,114.45965438780553,99.48129368858565,148.76669294910874,114.15208431786576,103.25171462709118,233.6479363496799,52.564969059055635,38.73415435526252,37.205417302299416,33.2217583689958,126.68253168764733,81.6850871793314,61.928662748709634,71.17456789847868,26.431728576871375,176.88644151046466,36.59988311110527,29.05194904644905,58.071390480089946,246.49625920857997,True,0.4634204284250684,0.4262879759416752,1.4777543070774242,1.4630834923030234,0.3798531758861436,3.900699146664585,0.695,5.0,6.0,0.0,1.0,0.72,0.0685
Susceptible_hab_FINAL.db,7,41.97477283419127,9.467950072984193,47.12402772970958,13.675621815550624,86.07110382073084,36.67150574812842,7.013794610144882,54.50703591240131,26.852877803773712,28.1050865843095,41.08642619095054,27.411987679930576,14.889328717730857,102.60447342607765,4.6564172406300015,5.703752466048421,12.025433029475144,9.530775687005482,21.6633237706155,9.84446608576157,5.623568285954298,16.508517696866946,20.644346892619357,66.99131503435866,19.737415369452044,15.853966797274387,15.707715618616238,118.78492052898166,True,0.46937676136291956,0.5607902902744771,0.39307878033184707,1.2022297263720276,0.6954154046537658,4.262323477621877,0.79,14.0,15.0,1.0,2.0,0.3645,0.0745
Susceptible_hab_FINAL.db,8,98.5926657782396,48.71789445242592,108.76815464389793,66.71859069559261,173.43857936717282,90.52940572815311,52.66939149514012,120.50534361049667,92.3858272644189,99.46137968968452,91.17075649084867,66.84565707274486,44.58579601157122,150.39727930231672,34.22510977776825,31.163781660691054,58.0950124286741,25.169551672703168,62.686995739067,49.354307693662015,43.105430059342076,71.84529389319646,72.18432379251801,122.50661240324915,82.20338023708271,68.50412614911261,64.69160940095043,209.6245143001401,True,0.8668446345032264,1.2337989395469153,1.384003212831887,1.519088727673408,0.8225063667838883,4.187393382553867,0.5655,12.0,13.0,5.0,6.0,0.3795,0.074
Susceptible_hab_FINAL.db,9,59.60905488838876,28.94469763157703,64.17205964198675,27.052123839826745,89.34346237109543,53.221338724720844,10.981408728436499,71.06011861337146,34.50484101756111,26.281041243295558,63.79694952946017,49.46551282836365,47.013038444153295,132.57406561010032,22.63194401202393,20.083293882535106,13.204057099078893,27.988690386328663,49.78047914231226,27.025035991860676,21.03084435978659,21.183520998438723,10.935051643327519,86.55352642803713,6.39493531834262,7.865056032250268,18.464755144638378,120.82489770385972,True,0.46349165698415073,0.8055107745026242,0.25951161885687835,2.9739144503312707,0.5830661728437503,3.47385325693775,0.898,10.0,11.0,0.0,1.0,0.4535,0.043
Susceptible_hab_FINAL.db,10,41.86909884529824,12.113877247139166,46.64634155717163,20.92108397012946,95.81543813336634,36.84445355430451,25.03465716344573,55.1440176602386,37.61490232123421,47.955933155664596,36.839412250216064,25.35433403651447,6.446626542776823,88.83285762225746,11.157262704180742,15.592671867816037,35.131228114601356,17.379899129400524,13.808262218309629,13.45988405085253,13.273488705098135,33.95113466143458,54.23551717078454,64.36489419327529,55.10495036597191,47.20594671173673,34.460811913345424,128.31065182853024,True,0.4777404722580295,0.4901796168180659,0.32864289495911725,1.0007586229461873,0.8212558542890429,4.638051217064454,0.704,17.0,17.0,3.0,4.0,0.2475,0.0945
Susceptible_hab_FINAL.db,11,120.98822363210151,58.81838800851923,127.51209072422733,80.85121497042881,202.72964581061225,113.18502550590107,81.32041643752044,136.34765479936738,114.94872439145979,127.60866504471917,97.4320707939469,76.64176995744276,47.20781130323972,145.95490601477636,46.38443234037548,56.291658706217646,75.65647296974433,41.86449230115565,71.39261220261112,68.12912369311394,57.181890215391775,81.06741102687708,99.0396079762402,135.00143273668414,115.8383444893989,100.03981640792679,86.78797511174223,239.39483744653413,True,0.7275119746840656,1.496880506144697,0.48364295792838013,1.2669106799209506,0.6375849959674694,4.786316570813378,0.5595,25.0,25.0,13.0,14.0,0.3895,0.1285
Susceptible_hab_FINAL.db,12,278.5919984280675,197.0611287704501,297.30737980363074,229.96153054718502,389.7741232161229,268.91256432756256,193.87121336635352,312.17844718867536,270.92634842961365,277.42615458041416,267.000561343816,225.09696384959318,188.56189380745164,339.13914203194224,162.9501119634048,151.507343002601,191.76563233021915,132.90112873894748,225.97679042960596,199.28906252878195,182.88412452807322,226.8068447104528,203.01678509568623,306.6732848545674,227.181218412709,203.00162613195818,211.40237350178464,433.94184094870434,True,0.4363422817012163,0.9491434982218958,0.9632551180149329,1.1943380866014046,0.8930707420191557,4.146529937252274,0.3375,10.0,11.0,4.0,5.0,0.5545,0.0615
Susceptible_hab_FINAL.db,13,27.86852975477983,33.89708349069961,29.066578326649417,25.944270768536974,41.9139474182527,21.90259903104102,28.61110586662796,38.46196247128459,21.336700950710693,22.025229267760093,41.14560125652469,38.45932210734421,45.49878336586117,91.97133082958366,44.89366018565071,41.81822619693416,52.616722982222036,61.22683987534393,30.65548178963711,24.707073475712537,35.93001372609766,44.27213749124306,60.67060132593456,53.78616900754231,44.40876139755042,48.41733080116501,37.26108023338436,65.4742273380839,True,0.5365351943892004,0.3607080978136851,1.1807549464010176,2.6862192454561655,0.7089149921413783,2.731674451897393,0.914,3.0,4.0,0.0,1.0,0.151,0.06
Susceptible_hab_FINAL.db,14,20.9415946000218,16.470450174559165,22.530641438480707,12.51387904255424,44.62534265699459,15.819290848832823,17.414843363132505,30.755533549011137,13.835845106293185,17.169761870482606,28.025737134655248,23.970728935330456,23.246498536880292,78.90238490472967,24.738669375855622,25.47613845514427,35.65654588115655,39.62369005053276,14.945783585773963,11.450166587560545,18.577522333936972,28.161460194963304,47.27257365352507,45.086090494633474,35.806904618545325,36.97344418813995,25.254731622387656,70.6308298880629,True,0.5764306455085056,0.3810546301964943,1.0136519759635902,2.394372061720302,0.7345188214658909,3.8126492467336917,0.8725,9.0,9.0,1.0,2.0,0.186,0.0815
Susceptible_hab_FINAL.db,15,50.91656741088646,77.75315361001103,48.57786848989306,63.921531007539514,49.33205652210185,44.061426938292605,76.73077458221616,59.207344656988134,50.81650090577947,53.66593082427943,68.71978658262965,73.93247359362465,90.16774568163271,110.37942244357379,99.66483002690022,97.35561422995005,111.50874197068481,124.941559511848,62.72030564421998,64.31308817151307,85.12075150082723,92.60405606315024,121.99798510366156,75.85243859144305,97.67254280984282,105.82706528837441,84.85431298143332,68.02745297863328,True,0.576165425951916,0.24487075194554006,1.4244907545639058,2.6669232177399693,0.7963213157763287,0.41208056105172747,0.9845,0.0,0.0,1.0,2.0,0.0,0.0365
Susceptible_hab_FINAL.db,16,44.87657611940215,36.05621737514255,47.72968271210188,28.58865409167254,60.44048798933074,37.935852270216,17.81304046021853,56.32370372234226,26.757649211614957,19.304334079319755,56.897724647007294,48.05128598842943,56.18718995840444,118.20063477190773,38.343724651417276,32.829506495323415,31.812449214395667,48.83605914016958,47.313935272842684,28.41620767156308,31.694769486502274,32.90168426414692,30.519411340692358,71.93612592530381,18.051173167489495,22.8742906120233,25.537025928599437,86.54770611450283,True,0.4061701420046216,0.27878000088152466,0.43226250160634244,1.480817248857765,0.5152686169259268,2.566162529940426,0.94,3.0,4.0,0.0,1.0,0.3205,0.043
Susceptible_hab_FINAL.db,17,118.66822557393823,59.072124429469014,131.7619989774902,73.88600691177702,188.4926593008173,110.67049073627038,40.05584203309738,142.537331306834,97.5529960079578,92.57448512574554,117.72126839123379,86.66387019435966,68.26856001589849,194.69375944374485,35.001199486895565,24.768906604768524,37.91913486492078,19.570603381655243,89.97832914477043,58.5197944720386,44.7448446358914,64.78806361235641,37.27015854173482,148.6507088702985,47.27347497718914,36.55087293154993,53.4208193915518,227.33931343514922,True,0.40467234929672086,0.9071470477457424,1.3270772503349053,2.887141248152205,0.6415393090308221,4.232063897445667,0.629,8.0,9.0,0.0,1.0,0.571,0.043
Susceptible_hab_FINAL.db,18,50.25954273657164,79.05935006218178,48.131044298939194,64.30166519226641,47.28264402996263,44.52739292687123,77.76785156684146,57.99271764999738,50.16080707628726,53.00483652655048,69.36318370607283,75.2236527182803,91.26266453448793,111.23174041695721,101.35594340163443,99.00180864145854,112.34684615060593,126.89512851961433,63.94402270268903,65.89302226842747,86.42739775503591,93.28446632892837,123.3354965873248,75.32880886174155,98.34390282777083,106.64978640945068,85.60442706330802,65.55362700451842,True,0.43381443713894624,0.13025884831567097,0.8035886185901016,2.780797315919965,0.5826535480768299,0.5628415179247913,0.9885,0.0,0.0,0.0,1.0,0.0,0.0615
Susceptible_hab_FINAL.db,19,112.35309933736347,52.947657268164754,123.83293246509015,69.16013045830695,184.94682353925953,106.57645906274008,47.4540394635197,132.09047653118859,95.57566666162784,95.93663953366038,104.6150646060039,77.33256631524716,55.1229190730786,171.48166460905136,32.219519144432994,29.157867954784763,41.117086595971365,19.512044351258126,79.76380614927933,57.25807146283676,42.236884402259236,61.22250293924669,49.66241741272919,135.46748936470232,62.3057838490122,49.637784182176745,56.239987815044316,221.91670154345832,True,0.49353190403909825,0.8191592364022,1.4096085740741437,2.8829834463086645,0.6544871063081925,4.247147916864955,0.6035,14.0,15.0,4.0,5.0,0.536,0.144
Susceptible_hab_FINAL.db,20,141.91799847990632,83.6354583165832,154.58309448606911,89.76659975164273,191.20883582295824,132.86846642996483,41.37172035007678,163.89806337038814,105.54293979243845,85.7574967339316,147.5685913789114,114.72881626768104,112.09650787373343,233.86226457700636,56.07483123670828,40.6631460102132,32.25268376668397,39.50487015207961,129.88896525548375,80.76545278336532,62.502348029420645,65.1857848477735,15.962629849846877,172.59006443166544,22.04709025902681,18.682324718397275,51.062863152115135,227.26735809308067,True,0.5381828202425685,0.4360238263959555,1.3071084043185004,2.946791726587406,0.42513238280249344,3.6075970995563598,0.7765,2.0,3.0,0.0,1.0,0.731,0.043
Susceptible_hab_FINAL.db,21,31.589506800294483,40.95130580072505,32.522556118494286,30.245729581979592,39.18332937317231,26.274473882723946,31.874059282631706,40.941455022242074,22.73768645967508,20.541376180434217,46.77068950084234,44.8803578190487,56.4504831664358,97.27012020116858,52.400995373802445,48.706318343104925,54.09685031614426,68.99442390978341,40.379618101319096,31.669975911907198,42.08988655562651,45.74743141597271,60.269566442483885,56.19608289624157,42.65489028028871,48.37772590379471,38.33666965441371,60.730779895542,True,0.6491423951289736,0.35916326142604127,1.3924426258680016,2.952852844341456,0.5121625834153761,2.1854060225333902,0.9475,2.0,2.0,1.0,1.0,0.1765,0.099
Susceptible_hab_FINAL.db,22,55.04759894099925,16.007815355166922,62.87006421832558,24.286864909856263,108.59583598367922,50.35823713999236,13.204985573928335,70.16852988673773,41.22045517132051,42.2520685352327,52.35959760675407,34.011930026315035,20.17552260360624,112.28609997525497,5.888250397140755,4.972533671950284,13.757058266547322,3.1552344816702247,33.64923579797669,17.954970166002084,9.841630322200896,23.46940756467591,24.112101773905508,77.02285485579097,28.285476641767488,20.727664634656897,20.0322623925493,140.70681904919488,True,0.7468822009828793,0.6028921959818961,1.3515832527370473,2.124068703345907,0.6027537825585612,4.360964178721538,0.7055,13.0,13.0,4.0,4.0,0.4225,0.159
Susceptible_hab_FINAL.db,23,90.3384652985463,41.95956357784075,96.64222179262262,44.1634975561926,130.7757567690788,84.70979524638513,22.391391580758796,101.83033663047817,58.685534660015165,48.7477764114029,88.87339388785155,69.594459655094,59.53621642516724,164.228339762969,27.92224598999352,27.10769155885698,14.074298563523259,28.193689655959027,72.23793809923501,44.72107140843762,30.403300690562897,28.643682771708335,10.225468417915817,116.9390664770327,12.206154790511025,11.100587678626852,29.144278190345922,166.19928862276717,True,0.6809299512413369,0.7426794283161704,0.7455814223266113,2.2268785710543297,0.6241037652482995,2.926419980114315,0.8655,15.0,16.0,0.0,1.0,0.579,0.06
Susceptible_hab_FINAL.db,24,41.5560382532566,15.234472259515782,49.25837580977186,19.983272534753723,86.23262182238031,35.11178562537296,5.77978655210808,59.128381300989666,30.4182289313473,29.492060389326824,46.628761816946934,29.277286662710587,23.847168877001323,106.49585703028526,8.384597415584825,1.8937469216874023,15.878560725448533,6.835913287902493,28.984526203450272,11.0999323408403,9.399098557311422,24.91500585299132,22.40088320767805,66.78819239338704,20.865506298251425,15.97438117703858,15.171090106057465,116.00335570885413,True,0.5316519534988197,0.41390963954006893,1.1827775379164471,2.089778287181049,0.6228833863572498,4.43921321847954,0.7345,5.0,6.0,2.0,3.0,0.357,0.1065
Susceptible_hab_FINAL.db,25,53.90426553817828,82.28871665919579,51.53762507659893,67.4238792864531,50.44750521415568,47.679099969003474,80.4630087745517,61.690024354898256,53.264324095509615,55.7830497254428,72.88204876365057,78.72837332723714,95.07988089546248,115.34091833808758,104.65489327311353,102.27173171898954,115.33593028185575,130.60821829562641,67.18293020691453,68.82452572392879,89.62204155465139,96.24412880021526,125.54466296779505,79.39367561284227,100.33064736259931,109.00124479706739,88.62895899722169,69.01430314421455,True,0.4612601649302742,0.13573487763378722,0.80194442455613,1.3987203147618115,0.7976931160729724,0.28673987593283834,0.9965,0.0,0.0,0.0,1.0,0.0,0.043
Susceptible_hab_FINAL.db,26,24.57205880009297,14.361385744944426,28.467106733457637,12.10508380921139,52.3970501113081,18.47345531550629,7.365803455152341,37.68426906268002,14.80321581271754,14.506508288121516,33.20488043425047,23.99231197214729,24.787181193178952,88.64842379798114,17.038792297095203,13.27203628346173,23.694432349424407,25.68189979526137,19.57005773361524,8.170513656271037,12.706541144172505,23.130268502909693,30.836295888161438,49.96152644840494,21.610410692660945,21.76447489011171,16.006641026690517,79.13642732625408,True,0.539333414194765,0.5697167014973706,0.8427542495799953,1.4143050933480497,0.6296675379904029,4.077685499757621,0.841,5.0,6.0,1.0,2.0,0.256,0.0795
Susceptible_hab_FINAL.db,27,27.700738047500604,7.756318080639042,31.233514381296107,10.462295720940144,67.42181074781979,22.18000328064281,12.1622560206089,39.88969585979084,20.055317546927505,25.793849590474025,29.007373229317043,20.04535910919128,9.436694107335564,83.70283036073607,9.909762241877791,11.689253125292606,25.832507481087344,19.799172474823784,9.563405662721001,5.668125453429739,8.362725971389516,23.42782559292829,39.10699013696092,52.65188905536174,34.0684956783724,30.864128065786126,21.870716400227394,97.94207908543228,True,0.4037801574608767,0.6351469888005852,0.6608415241778635,2.4953028798469803,0.7723679469186647,4.700048142870305,0.7935,13.0,13.0,1.0,2.0,0.238,0.0595
Susceptible_hab_FINAL.db,28,52.72604966426992,79.81365554056866,50.23242998660555,65.6944181496961,50.41352635572207,45.79228485458343,78.53273403853117,60.85098824000251,52.340481442261506,54.97455379040508,70.60067585701589,76.00112278234229,92.59215621097081,112.35368138660871,101.92160779448267,99.67648278674477,113.3406736226205,127.52571962207672,64.78993706862698,66.29724184727334,87.19863522903283,94.2471342343689,123.54302427206841,77.70661636556197,98.97773449670994,107.4057923648327,86.61413981332856,69.06234540093647,True,0.7416080374837518,0.21148377753681735,0.6895604248673259,2.5385963976550636,0.7435815246401293,0.289991693118382,0.9905,0.0,0.0,1.0,2.0,0.0,0.033
Susceptible_hab_FINAL.db,29,67.98059168334903,19.940424331127456,74.60449174340663,30.29234104726082,126.75091286477694,62.70795874914093,21.940515676873268,81.62187844086169,51.70193205937087,55.14571405137079,60.18281323196762,42.343959958300545,20.50812421074338,124.05828225004342,9.43946346301118,12.86470639234005,20.486260987490642,9.911839723041854,36.106379745297495,24.287576693085192,14.777868983597624,29.01429689670975,31.40179731705751,92.17248614033312,37.231920272943476,29.25806835179666,30.982813979763392,163.2988031118221,True,0.48986481447904984,0.9430851316650151,0.954240813294042,1.9172930389927132,0.7100764711304214,4.2998178310507855,0.7205,19.0,20.0,2.0,3.0,0.4255,0.0765
Susceptible_hab_FINAL.db,30,53.640607135200206,81.95159306653343,51.298455070182285,67.14634412542357,50.325879511233914,47.41217644648388,80.16098521696071,61.46554738641848,53.0414796868006,55.59448907191978,72.59716708365258,78.40104509319934,94.68643399070882,115.0601180575165,104.2769556861821,101.8782848142359,115.03962068346246,130.1747736764891,66.84417405448141,68.49185901944061,89.27957949153866,95.98867237752552,125.27941118648073,79.13777186877533,100.10947632765532,108.73448453052487,88.35021574196178,68.91553327808346,True,0.462830558099608,0.3168735753133159,0.2552841465697939,2.608653552847841,0.7596403593143577,0.2929103351806387,0.9955,0.0,0.0,0.0,1.0,0.0,0.043
Susceptible_hab_FINAL.db,31,54.98596740413086,13.3911484906423,61.002909563259706,20.664092938279683,106.069796643702,49.99672391185112,12.57748859332969,67.57547736541812,38.21450049255449,39.446817815413354,49.68807686078829,33.44478856580719,17.570119561754787,111.27224911974575,4.819295080827065,7.3661418657788875,11.54938147677546,6.30361438942292,30.141548819226582,16.73181289636677,8.195396413603769,18.658345031701465,21.268631240730198,77.58714213172577,24.827058560936507,18.80082521830484,19.554822344538817,139.79075649746937,True,0.4068086021336931,0.7355423953770285,0.6806938351993658,2.280900410322212,0.7320777848580886,4.160665230145974,0.7535,17.0,17.0,3.0,4.0,0.423,0.1115
Susceptible_hab_FINAL.db,32,105.24951021386309,42.93446614389225,115.08260239189802,56.94815213220924,173.69616891472975,99.15193833082166,35.63096509921237,122.81911485588631,82.92939580223243,82.32660600563784,97.43293805711116,72.15432448713221,46.48385900633587,171.756568437167,23.34959401725712,22.541894649034024,29.118595040775062,16.048862197808752,69.10635667689175,47.60913716008408,32.43326472465712,48.168635640799856,33.998231657290205,133.05261012990778,44.2572939548875,34.25916974976843,47.101548429146476,214.22041809514238,True,0.606979485826894,0.6326440506382385,0.6997998308374958,1.2251210731788347,0.5876817275522126,4.404951986750883,0.6795,18.0,19.0,0.0,1.0,0.543,0.043
Susceptible_hab_FINAL.db,33,128.07810535326308,56.18681163122132,136.20509101849422,74.82150188145955,203.69271990660286,120.48439131300688,60.02184528564817,143.2500823430342,107.58911194236782,109.39255696821117,107.95737463488558,82.2961786394803,56.642823134581434,170.58418464145973,35.9403918244488,41.84000843223876,45.1190555614309,27.193330695560242,84.3266598490124,65.88818804446763,47.21786354740813,60.35632906388568,55.9812741576837,145.52654458869569,73.24395047651018,60.64848926225783,64.95467708615834,242.31492047276583,True,0.6067317535601815,1.9179162593769825,1.9117931065656022,4.5044124274008706,0.25718812697639293,4.155246025717697,0.635,23.0,24.0,10.0,11.0,0.57,0.1145
Susceptible_hab_FINAL.db,34,29.13427254209651,40.063783757239364,28.822125421643108,32.05400200832091,42.69250194128085,23.30071214496772,42.408823543482,38.46235793133968,27.07928554574446,32.07407288987729,41.2619923191666,42.107534692755074,47.11168632078062,87.74183259485567,55.58349371393663,55.31259948767487,70.39443611471991,76.24437116605247,29.468298500012292,30.87395131542217,45.600357526501654,56.59340691679736,82.89043108033106,54.72791432902619,65.04858465383793,68.97382188779223,51.70502502672576,66.03102340492542,True,0.60841757124019,0.6353714709219854,1.8323327189450946,4.699179624992198,0.7254611010948655,3.7816493841113883,0.9155,5.0,6.0,0.0,1.0,0.0705,0.043
Susceptible_hab_FINAL.db,35,138.01409506810694,84.30412993564813,148.3711226795596,85.86223232905141,176.6376471647945,129.79510689887192,41.463368031731655,155.79368760666725,98.10912390290187,76.43838668210144,143.89882450124784,115.15980641106702,115.94116082057539,229.50033878315062,60.31432990051674,47.86762842330854,30.473468707931186,49.098835005261435,130.33629207297503,82.3571928590478,64.08763605472654,59.17658531910888,12.94749197902753,167.50502212262433,16.033724019632892,16.0989835531149,48.81995254665068,211.2701536587413,True,0.605106315396424,0.5928183185708589,1.0200922056123531,4.3127293785505145,0.27571976156028793,3.5731909917617726,0.859,4.0,5.0,0.0,1.0,0.7325,0.0515
Susceptible_hab_FINAL.db,36,26.66549367229224,24.41579935488852,28.241645093737535,19.537899164154446,47.39856577407606,19.622246796064246,20.384740196868762,38.18745927923813,19.026274195936363,20.19721629347401,36.22008714813704,31.207590400130048,34.7656322564761,88.61430230221904,32.633193979940096,30.412976508045006,41.892245921138525,47.08812480749765,23.209203040067855,16.470836195687607,25.70896603147215,35.58360091029447,49.77549841998303,52.546971829831534,36.635980184726286,39.12177872693515,29.62775755702097,73.09594075277882,True,0.5960345866523357,0.6078191153958408,1.025245083256855,3.838793926312511,0.8957682302978284,3.6608194812940904,0.8885,5.0,6.0,1.0,2.0,0.18,0.031
Susceptible_hab_FINAL.db,37,33.96536176606219,6.623422049310447,38.80126252358241,11.817743865152067,79.7398373846746,28.77394545004647,10.394223549495024,46.93355421393019,24.73205657127709,29.802305367905284,32.87442269771188,20.94382090183414,7.900077969524281,88.84500084266313,4.797935543909027,6.520448809936197,19.439541048208156,10.761742923128512,13.049541283775152,6.41499697538927,5.392588018482968,20.57200255467046,32.70905427729209,57.691028136725045,31.26202722481377,26.182744371112936,19.198418046726125,111.17087111449025,True,0.5717959266464037,0.6066017470255752,1.066740586439361,3.2434041707034083,0.8946317477386188,3.974493037670993,0.758,14.0,14.0,2.0,3.0,0.2945,0.091
Susceptible_hab_FINAL.db,38,35.53115262220238,97.56372428253178,34.69160180152343,70.43230015809175,10.431366915646544,46.85939057999214,104.45323286610139,31.087791369908132,42.31924210110462,46.70197548448958,64.4279951221779,82.07354792733832,105.48490309280554,85.82343348816576,128.46055591852274,131.19597529123308,127.85637443734795,155.20415751759242,82.57050226238871,92.98991390594276,107.49577806305277,98.86448594032817,156.17263374600805,44.73561137520306,126.7284382911084,135.21667879918238,95.26493496418624,12.892712906781515,True,0.5801677146544262,0.06160364099571847,1.000289798530496,3.9141385567033002,0.8918861005706591,1.2773024359712049,0.9925,0.0,0.0,0.0,1.0,0.0,0.669
Susceptible_hab_FINAL.db,39,35.97857924795757,51.6855311425749,35.20850938701383,43.342141878398095,48.03182266678553,29.04015121101346,54.84683622873544,46.326090223447906,36.83721970089313,42.94349442314764,49.66868727470003,51.47458146385361,58.346502516481834,94.40960002999054,69.45985333367737,68.08931758499375,87.69998540671396,91.44493018449312,37.1757072061299,40.28102914438282,58.54538605128671,72.15293896504588,100.5120275252316,62.51261038164959,80.78940655665369,85.15510258905145,65.50205572150553,70.77367516155945,True,0.6193042939515091,0.7058093583748414,0.9387342613461142,3.4543127636542192,0.8658836146581392,2.904175472386441,0.9155,3.0,4.0,0.0,1.0,0.019,0.009
Susceptible_hab_FINAL.db,40,30.689707313122575,6.941989279420726,34.94816584630004,12.863255084726287,77.50258296813426,28.377281501124013,21.39697583099627,40.174476906982825,26.87796810895714,35.478799109434355,24.684849097489383,15.39444114235253,3.349008352959526,67.31993755688103,7.463859157811662,14.10203774582525,25.201630541240334,12.76798581084241,12.00923762266335,11.079245569258088,8.097523716670803,20.965420699728405,47.68811491797454,44.7268611136544,49.292980948783025,41.92757683883713,23.16346053164584,104.05284173876356,True,0.6105355275363952,0.7115196394029992,0.9322684122492897,3.667385843935061,0.8921398961926101,4.069987216496758,0.712,16.0,17.0,8.0,9.0,0.28,0.27
Susceptible_hab_FINAL.db,41,76.29579534206859,31.108426782444624,80.82511982383274,34.00977830981888,117.54451878359667,69.95438081634606,19.82094313934349,86.94654042622496,49.01581237292586,43.80461820180372,72.7825502262119,56.84267071927436,43.805630310831226,144.5505763709065,21.59307061183067,23.838019072780323,16.155185321469524,26.698254087581333,53.387749691946325,33.65285891189507,23.333975250168578,25.232260546432848,16.40495086078418,103.33516368282035,17.008079153929156,15.771194334760585,28.101506853233506,153.68097268999747,True,0.653150141769689,1.036340355078458,0.8097777689725898,3.773531607828589,0.8835888214640747,3.0210064560143994,0.8675,18.0,18.0,0.0,1.0,0.492,0.009
Susceptible_hab_FINAL.db,42,93.06224121102305,42.79253992025423,99.07985370949953,45.76648345972859,134.69266192748165,86.03629476695494,22.908280850151698,105.38220283041154,61.12156176421003,51.237757098033676,90.90925706063723,71.06910642456234,60.63000880717418,167.555891951994,28.563114597916098,27.484584687299513,15.930336452988495,29.218287259867,72.4689369493583,44.73908527979397,31.305703550356853,30.774853973900562,10.85573179128456,120.93164818082106,12.864114638609252,11.910627338715344,31.045569280418757,171.25562029717307,True,0.5618945868074536,1.2516914223313589,0.764002600938777,3.827180372431764,0.8993946668249366,2.903298967299688,0.8685,15.0,16.0,0.0,1.0,0.572,0.009
Susceptible_hab_FINAL.db,43,29.005993592705636,10.477920539675763,32.87178268513765,12.599550976908917,66.74930089932568,21.829964625022644,9.719559174121214,43.07045449387522,20.738649599995753,24.237710281060465,32.715511716553245,22.30788638731607,15.5645970833789,89.10548871003417,11.907503249038268,10.556970225645422,25.950212318666,20.556061161785202,13.359999064007793,5.764945099069742,9.932731272886011,25.416722842769556,35.64325697698476,55.50424116711463,29.4585402588082,27.18903075822619,20.654685862234235,96.99019116205325,True,0.5667784203533215,0.602926663955637,0.9497651361718407,3.700261406610677,0.8840183356743242,4.26567201449251,0.8015,9.0,10.0,1.0,2.0,0.241,0.0205
Susceptible_hab_FINAL.db,44,46.287125604195644,10.064264752364382,51.8380259548848,16.697516047378745,95.35275089958786,39.795075443043416,8.850814304066589,60.35716247325757,32.27139509530548,34.44711833016106,43.57421624993342,28.220105001968502,14.216030243483731,104.91152043058256,3.8902507557322163,4.607092315439378,14.25795056612585,7.130344227616636,22.215272325854748,10.276530753763327,6.12351893156934,19.87213619681331,23.23129392800054,71.34967236990724,24.0826165429818,18.887468907206898,18.416097709035927,129.04493102505967,True,0.5546233250914514,0.6018533004033428,1.0125620343208055,3.6541594066635352,0.8997447640244842,4.189808600351061,0.7605,14.0,15.0,2.0,3.0,0.3635,0.05
Susceptible_hab_FINAL.db,45,26.085075887838425,26.30788568934229,27.936499030276984,23.469083328166285,51.693561599795224,18.93283172616648,27.734436957841215,39.14135642135521,23.932900017607945,29.43987634390149,35.84410232137125,31.45358593571089,31.428304540740363,86.16992733906014,36.25345144462345,33.985372353878496,54.27571789794518,51.30184716690074,19.091826743471728,17.40269270625754,29.773383495331174,46.29246177346104,65.97499351837644,53.313889757219364,52.5579173952752,53.27060700687568,39.38077715400726,78.13083153954597,True,0.5413733343383019,0.619862092982442,1.0206685745431014,3.506341996219454,0.8981573160031537,3.7516648373297468,0.847,5.0,6.0,0.0,1.0,0.1115,0.009
Susceptible_hab_FINAL.db,46,20.711838784534272,16.166897009645727,22.538472406722025,12.32848800245196,44.75855972080888,15.493561927303634,16.387043593645032,30.88938525692509,13.697745419102654,16.804825916505482,28.106272869361764,23.577008566891223,23.14858427111306,79.16163314079422,24.00465292581098,24.203663904343315,34.80527819827559,38.2572705726391,14.97590867507518,10.867511087530449,17.96766953326047,27.836923936246183,46.09293917252395,44.97913436889124,34.73742719656103,35.777251435982976,24.38869401439768,70.73177562487581,True,0.5444634236074074,0.5825945438593654,0.9817543392610655,3.9472643450959763,0.7702142802170171,4.25112899456916,0.868,8.0,9.0,1.0,2.0,0.189,0.082
Susceptible_hab_FINAL.db,47,31.321540170738945,8.87796383653856,35.79173000307808,11.154615875063172,70.59256847213857,25.600455345606488,7.3661158135888565,44.466790913658954,20.488108350206428,23.287309269486073,34.29862415468318,23.179556051308108,13.767097063358127,93.12519214988362,8.315311981343587,7.845485457737525,19.550007969756653,15.94955711644321,14.896745271396918,6.186598437774388,7.173720290018484,20.756317764436773,29.14179880750471,57.73497816419666,24.339670185196375,21.59341100963401,17.577915528965004,101.70552955017543,True,0.5379938099492492,0.5649344325747877,0.9034520656392042,4.041126003328566,0.7665441442176769,4.110350169845622,0.801,11.0,12.0,0.0,1.0,0.2845,0.0515
Susceptible_hab_FINAL.db,48,52.233131479058976,15.198907596055397,58.47142427036109,20.12579802729575,97.75739365858739,45.1874168300054,5.6285823476145715,67.37251319387518,33.78226850604996,31.819750150006534,52.92106516488972,35.863022768548014,24.52089765026206,120.22534977178034,6.91462676272937,4.472846986436116,10.741148835820606,8.934357761148558,31.646543117051827,13.797321242902278,8.763321070095794,20.16055409930825,14.125151279487433,80.17748842442478,13.663061119399194,10.128556199469108,16.34527530820628,132.10541681752613,True,0.8486478522521071,0.5588221352527243,0.6138215381911996,3.9387171257133673,0.7532829687965046,4.04359789195135,0.7915,12.0,12.0,0.0,1.0,0.408,0.0175
Susceptible_hab_FINAL.db,49,50.34462901781363,15.24244381862082,57.243528356922255,19.482807305871596,94.29854763982472,43.94279020622156,3.477518218148952,65.65508068013808,31.936829793669652,28.518491705186296,52.3480687715463,34.65818133743549,26.242687450028924,118.15954205156795,6.219468258432153,2.4521403333020535,7.372545448324288,6.219610053227977,33.92993843743673,13.7493427690647,7.868203502752269,17.85666011927851,10.5280982597135,76.59805782187782,10.26185571026057,6.678782941971232,12.49287065287712,126.81236617018175,True,0.5621163012644741,0.5131662554627094,1.0642240191239831,4.241777656896103,0.7795997415120044,3.984038799429549,0.7835,10.0,10.0,1.0,2.0,0.4275,0.07
Susceptible_hab_FINAL.db,50,39.70332280115298,63.3559597847406,38.411165742513944,51.80731913565831,44.4439336660611,33.786434987943025,65.13382296793628,48.75409732622958,41.2401676170514,46.32780067479035,56.47807467453287,60.56505580572434,71.96988603738713,98.70922341992554,83.7620415626487,81.84126410544667,99.34011514800396,107.35785141131177,47.76464967906746,51.06187688371445,70.76972731482579,81.63346511188149,112.25251326301627,65.13938025820826,89.80055814289143,95.81211948580186,74.2117254915298,64.48777895680242,True,0.8969011825240548,0.48934575097023125,1.09615369664678,4.101408222335145,0.786592187407322,2.6017933175286156,0.9435,1.0,2.0,0.0,1.0,0.0,0.0515
Susceptible_hab_FINAL.db,51,24.282025559292784,24.039335531302466,25.632248993746447,18.389782319691665,43.994522489912654,18.769149148051493,22.463321576378945,34.4380796011767,17.241445832141444,19.661678446894985,34.09095939455772,30.775774810964997,32.61832058825265,85.73815213973239,33.61111773827317,32.8383135340792,43.52598562774617,49.593422059728766,21.358468415724925,17.1964260606631,26.250481135736916,35.62389601662554,53.50293279227533,49.869582783211456,39.767368374547665,42.22855908756264,31.17320613263451,69.43972243017028,True,0.5621356821544463,0.444432318215328,1.106224184851095,4.288036707928192,0.7805274616987066,3.409448019108452,0.8935,7.0,7.0,0.0,1.0,0.1675,0.06
Susceptible_hab_FINAL.db,52,29.63610011236948,13.817256864141918,33.89550105685321,14.419970102017956,64.008786710808,22.399048876055524,8.682400284731804,44.38859198366054,20.278700300419846,21.757878894417374,36.39308426089666,25.66059934024018,21.71100426429661,94.59915182333592,15.071859558177973,11.45424481710518,26.07541227325096,23.22226412145738,17.9553920744144,7.632010048762823,12.332349403609905,26.917587878012306,33.351747505200535,57.361437613741,25.627162398812377,24.39970548568824,19.987372294390205,93.6123879763704,True,0.562173903019953,0.43661707579838976,1.0979380613040808,4.825344656892949,0.7730559072077243,3.905135103506091,0.8165,7.0,7.0,0.0,1.0,0.249,0.0175
Susceptible_hab_FINAL.db,53,37.917410313646926,59.676965475619554,36.98757611941615,49.09797436464885,44.88454662244286,31.702280453985253,61.3938762169387,47.67597369138902,39.53063907638893,44.789626965152415,54.241192306207864,57.40992232378429,67.8750678548895,97.13442090329141,79.14545674710574,76.87281490116811,95.49765130306726,101.79822047837244,44.53283829239474,47.37999316738339,66.77874366346057,78.77002138465059,108.29284653727512,63.70116174969863,86.6081357929252,92.03780079162962,70.97390708885143,65.5216695545965,True,0.545172273827774,0.5141435548092268,0.9917864026601358,4.201575157496499,0.7618312775907042,2.738201074738598,0.931,1.0,2.0,0.0,1.0,0.0055,0.043
Susceptible_hab_FINAL.db,54,53.90426553817828,82.28871665919579,51.53762507659893,67.4238792864531,50.44750521415568,47.679099969003474,80.4630087745517,61.690024354898256,53.264324095509615,55.7830497254428,72.88204876365057,78.72837332723714,95.07988089546248,115.34091833808758,104.65489327311353,102.27173171898954,115.33593028185575,130.60821829562641,67.18293020691453,68.82452572392879,89.62204155465139,96.24412880021526,125.54466296779505,79.39367561284227,100.33064736259931,109.00124479706739,88.62895899722169,69.01430314421455,True,0.5578293885778592,0.3666205134452369,1.1230158158974475,4.721112356829217,0.7590273005241277,0.28673987593283834,0.9965,0.0,0.0,0.0,1.0,0.0,0.043
Susceptible_hab_FINAL.db,55,51.930276179364455,77.68319843181891,49.92172285326921,64.34075094986095,51.792839300484765,44.93403675349361,76.10489750702703,60.886654635077235,51.68824330846357,54.71944891923604,70.13975445307682,74.77693189723229,89.70606708222934,113.52668800715942,99.00139220629649,96.14354067722613,111.54310681942567,123.96986162701626,62.54480716292967,63.93335270788914,84.81904071850747,93.55574421741954,121.54727601944987,78.21614362470496,97.26213122123565,105.15771171852873,85.3773283933103,71.40796332466745,True,0.5611708678780953,0.4004048851920805,1.1144643655012854,4.700746873851069,0.7936672003051553,0.6873877052733891,0.9795,0.0,0.0,0.0,1.0,0.0,0.0175
Susceptible_hab_FINAL.db,56,52.092940472517796,79.96313526574527,49.89771878686847,65.5154169144323,49.63040904888929,45.844919066552336,78.38312762660087,60.15296933072581,51.738696989732496,54.4974089059677,70.92216075885074,76.47135944415864,92.36003631737293,113.40960012927609,102.04361391977966,99.55188714089999,113.2960468482886,127.6083897168512,64.84592089506867,66.53014254769754,87.25909086804813,94.49021759657296,123.72218425378074,77.63663315955964,98.8167338731774,107.16820668645578,86.71203996558832,68.35719783648284,True,0.5432431662586293,0.3189923276933077,1.2088964800900537,4.9842784673560505,0.6970048411129505,0.6001050729007434,0.9895,0.0,0.0,0.0,1.0,0.0,0.043
Susceptible_hab_FINAL.db,57,53.90426553817828,82.28871665919579,51.53762507659893,67.4238792864531,50.44750521415568,47.679099969003474,80.4630087745517,61.690024354898256,53.264324095509615,55.7830497254428,72.88204876365057,78.72837332723714,95.07988089546248,115.34091833808758,104.65489327311353,102.27173171898954,115.33593028185575,130.60821829562641,67.18293020691453,68.82452572392879,89.62204155465139,96.24412880021526,125.54466296779505,79.39367561284227,100.33064736259931,109.00124479706739,88.62895899722169,69.01430314421455,True,0.6339361954477919,0.3120664378592743,1.2732113591174288,4.607118488148181,0.6717886201521934,0.28673987593283834,0.9965,0.0,0.0,0.0,1.0,0.0,0.043
Susceptible_hab_FINAL.db,58,30.850913394245513,40.53234269644718,31.79325427947883,30.97413316320734,40.961228025881574,24.960180911894582,33.57466509980432,41.175009714696984,24.184565196539914,23.844398393647968,45.90816751952846,44.06550336594691,53.91958206507665,96.15015748917112,52.64182991498053,48.797709921502886,58.52764701184532,69.6677901311748,37.167025590272516,30.498268930575954,42.614273308437355,49.58288643497244,65.7775189650217,56.61957982310155,48.013980506263906,53.077386674226254,41.69579553736217,63.31240038510594,True,0.6341239502932641,0.26636799022821134,1.2595926749821542,4.902608971427369,0.6895410068098118,3.2590655074898414,0.9315,2.0,2.0,0.0,1.0,0.1445,0.0685
Susceptible_hab_FINAL.db,59,53.90426553817828,82.28871665919579,51.53762507659893,67.4238792864531,50.44750521415568,47.679099969003474,80.4630087745517,61.690024354898256,53.264324095509615,55.7830497254428,72.88204876365057,78.72837332723714,95.07988089546248,115.34091833808758,104.65489327311353,102.27173171898954,115.33593028185575,130.60821829562641,67.18293020691453,68.82452572392879,89.62204155465139,96.24412880021526,125.54466296779505,79.39367561284227,100.33064736259931,109.00124479706739,88.62895899722169,69.01430314421455,True,0.6604674335327211,0.3157410977205151,1.2886479022459405,4.745440390618872,0.6779113197305183,0.28673987593283834,0.9965,0.0,0.0,0.0,1.0,0.0,0.043
Susceptible_hab_FINAL.db,60,30.445884259159534,43.01832908175722,30.622944575478808,34.49183923771028,42.54039658335933,24.184989878412075,42.16500313367965,40.87847469083262,28.1952784991837,31.714943720494993,44.55277789174916,44.575994810690894,52.17540090503603,91.62369671154072,58.03055037987369,55.63048604802209,71.18075029837343,77.45114315935353,33.57812793044049,32.50586935884706,47.749451974505675,58.791718455524915,82.00162679522636,56.47810974846317,63.516982104720206,67.83580416602736,51.603077415957806,65.1611216579557,True,0.5254408921246776,0.3579863423848865,1.2125705720839624,4.691851288587509,0.6855805306242388,2.8124775903218255,0.9155,3.0,3.0,0.0,1.0,0.0765,0.043
Susceptible_hab_FINAL.db,61,53.640607135200206,81.95159306653343,51.298455070182285,67.14634412542357,50.325879511233914,47.41217644648388,80.16098521696071,61.46554738641848,53.0414796868006,55.59448907191978,72.59716708365258,78.40104509319934,94.68643399070882,115.0601180575165,104.2769556861821,101.8782848142359,115.03962068346246,130.1747736764891,66.84417405448141,68.49185901944061,89.27957949153866,95.98867237752552,125.27941118648073,79.13777186877533,100.10947632765532,108.73448453052487,88.35021574196178,68.91553327808346,True,0.533957501895266,0.4031708743684736,1.1516169879637312,4.9364507186318605,0.7011012531716365,0.2929103351806387,0.9955,0.0,0.0,0.0,1.0,0.0,0.043
Susceptible_hab_FINAL.db,62,161.26733682043283,101.14054041640763,172.37764296981194,126.7563793408899,253.49435913179562,154.36365161859206,119.73817150049456,183.35892276848224,161.3207935434258,175.74000630992788,144.48718241527644,118.52914382514301,86.02747490006767,196.29752861293076,84.46800306478511,86.54544536041868,120.39988146422783,71.89841744725874,113.04023880436569,106.99643757344307,97.58083001627598,133.0688940662764,144.64014400701518,179.78761655411805,162.24875664573588,142.35411577400984,129.872528680515,290.93361747404776,True,0.5140748590299713,1.6955211018823348,1.0590345700759782,1.8307305623922825,0.7561338620391033,4.6337040938013,0.448,18.0,19.0,9.0,10.0,0.37,0.151
Susceptible_hab_FINAL.db,63,150.0409426470793,82.39884471245651,164.42949486814558,100.84974830103921,227.86880024573048,142.07781240533853,64.96885245227996,174.86311493786462,128.9072430936094,124.06427266698465,144.99316894934617,110.65273116897434,90.22324374087836,220.26371454382306,54.27308129501809,44.526970883839596,57.622276984152734,33.983384448111345,117.74080382054282,84.18874446470778,66.61426191911892,87.47980827276938,58.573009865805176,176.76933377571362,73.44109930756456,59.979744200786776,76.34832365440408,266.8729072999335,True,0.532488392518863,0.7969180441610851,0.926250348368847,3.7862433695883437,0.816111577378063,4.163085178855241,0.573,9.0,10.0,3.0,4.0,0.6235,0.095
Susceptible_hab_FINAL.db,64,70.43726165761079,22.277663894235435,76.99029584282854,29.511444105825934,122.11839069504936,64.6864797861681,15.225024817004439,83.65929325529781,48.14654392919584,46.21802449882998,65.4715412072142,46.82765493730836,29.772272651842236,134.39191513854132,10.302452771955071,11.581089635924814,11.789425441536281,10.61993138073844,43.83015933680701,25.5250678383983,14.522310235577805,22.991226752610686,16.39534461447417,96.14466192999674,20.515783004224357,15.31154872021701,23.88724504502154,158.44265604075062,True,0.5419424511968226,0.8289056496104004,0.8934498609314158,3.7625499334431667,0.8072953828956958,3.982331789131152,0.7775,17.0,18.0,1.0,2.0,0.483,0.057
Susceptible_hab_FINAL.db,65,144.69176058298794,77.36452503175164,158.77847996191772,96.68160555378248,224.44184437358444,135.35705770381156,61.03669119677218,170.96082739973065,125.13095152053523,122.13402295122003,140.343335327965,106.24777803296232,83.41553243917711,217.8745812942292,50.366934620207246,40.019482855158614,58.5215760758933,31.86237644483556,108.62062890053551,77.33577153733987,62.71135330735633,87.81295111612113,59.06121524543871,174.99066743901852,72.61753964180912,59.170927034505766,75.97419988331768,265.520386914696,True,0.5709250206054217,0.8634767892946509,0.8768056741843998,3.8832277433312985,0.825234886302844,3.8606848831448124,0.5725,9.0,10.0,1.0,2.0,0.578,0.0115
Susceptible_hab_FINAL.db,66,81.64378511655865,29.143087020216065,90.58777662349398,39.69096091484554,140.75035052074705,74.25917001008283,17.602737235123232,99.55114661139329,60.41977899133398,57.51376308562621,78.07023940193615,54.443951983479664,37.3438546098011,149.78089121098756,12.709999177706468,9.198607739470754,15.865808118670994,6.999344100766312,53.56889359676451,30.261111081007336,19.07126921786805,32.964843239566946,18.19396511962658,109.24851252647167,24.49226992342307,17.156887508229833,28.588396224179746,178.156106568931,True,0.5873466634097015,0.8077653171837986,0.8345892557290528,3.9742516813141355,0.8300196469802525,4.111264647978319,0.7175,13.0,14.0,1.0,2.0,0.5065,0.032
Susceptible_hab_FINAL.db,67,31.400738403210426,50.64603170219789,30.60577354306209,40.358755460202666,39.08891126977047,25.69982283717254,52.46172143090061,40.43035126049737,31.739096490056866,36.36167111007478,46.253393654376396,48.92877395449931,59.16934656827969,88.71128701651634,68.97381513438005,67.57441236870658,83.3839978036429,90.66005461063244,37.87051932522406,39.773148971517706,57.111324806341294,67.24542421872844,96.43294883965906,55.57657679820877,76.14280751029033,81.2382683182976,60.52137152917264,59.47661995738803,True,0.6058452535994321,0.6327513622364096,0.8296050612755612,4.1161952897141525,0.8257868773704012,2.9455444638443926,0.928,2.0,3.0,1.0,2.0,0.035,0.074
Susceptible_hab_FINAL.db,68,33.35315885336326,47.01474984082549,33.36405499671783,38.97977510018832,46.28622269167883,26.359934736072635,47.22451470109282,44.49440142876252,32.792123650089174,37.35265750077376,47.569123290404846,47.72247816380576,55.22193676159139,93.96217497374555,62.792717429304716,60.0703967525269,78.678364521495,82.6630321724172,35.38254328704123,35.53395470865081,52.44206497604929,65.55699560345,89.90282370163787,60.048515941658756,70.98267034797772,75.1253336368649,57.74548081622434,69.13438520496551,True,0.6165899568843888,0.5728083352604896,0.8028627445625353,4.128172924691517,0.823368229164525,3.1894933426932295,0.9085,2.0,3.0,0.0,1.0,0.05,0.0175
Susceptible_hab_FINAL.db,69,32.23030040927544,45.005669994412166,31.998111080110796,38.65404106875605,49.08833897887001,25.36461014935097,50.46036794225946,43.31336079306867,34.29935911007329,41.97246106379006,44.48840176210111,45.35242855231249,49.20918408272264,89.18222013085042,61.745350793203485,60.76070923311093,82.99537007145476,82.56999125126444,30.076913177052877,34.292478214382086,52.01412732553644,68.1563163254837,97.37157260774224,58.82122274766207,79.23448383827261,82.0946760240856,61.72438888005675,72.80833837141056,True,0.6173779111860153,0.5256223339374603,0.9314778305553459,1.6549622020765369,0.8101318974164878,3.2107892584598647,0.886,4.0,5.0,0.0,1.0,0.0175,0.009
Susceptible_hab_FINAL.db,70,94.10548175777912,42.20480215034824,105.46150692260917,55.75604449111878,160.53331866777717,87.59658983522482,32.0352412627614,114.98532239613397,77.90771633880064,76.81166689358002,91.5789351206569,65.2093253155908,47.309638514264066,160.03994724817485,23.48931905350407,17.202591079782678,31.230239980606193,12.17485712638338,66.8586133000884,43.00001048726593,31.571176989969537,51.11709616910015,36.906709159722446,120.1262062697543,45.6155711147934,34.9398388333907,42.75690218339472,196.62106456234613,True,0.5023121818392823,0.5076515323811257,1.4994824659927684,1.3633203925754487,0.5066691751728543,4.273944827371979,0.6325,10.0,11.0,2.0,3.0,0.501,0.1045
Susceptible_hab_FINAL.db,71,35.30068151029362,57.71105269322446,34.965374747484304,47.49698422266779,43.281551927605996,29.346451605229234,59.06901322961342,45.75650050422777,37.84921894983914,43.211934779265206,52.37607731080924,54.94179836722513,65.61636312993416,94.84105897356828,76.6776181330221,73.47800150458198,93.52881792557176,98.05695613909785,42.7868455708397,45.149631925701144,64.54966653090642,77.58825838919654,106.73259588872513,60.929324725196714,85.30570630904674,90.16984628457313,68.63271713746109,63.5167116378252,True,0.49739821526647393,0.4955742786642445,1.1313854314193867,1.755438560969273,0.5389273732158614,2.5669081115951236,0.915,0.0,1.0,0.0,1.0,0.0055,0.06
Susceptible_hab_FINAL.db,72,99.38743006099742,46.55998932768952,110.47460108659233,54.95048879962424,153.87037685118875,92.02657086688723,21.485702930281732,119.23293926230217,72.75155742491641,62.44726638961752,100.84064643439707,73.10760773745346,63.51048747446866,177.19789797588754,25.240109646960082,15.820735875076203,16.4069066680667,13.598390526427945,80.83148999995073,45.92582703960541,31.51729195452309,40.61890957936997,11.583066528540549,127.191160628586,17.845055417763277,11.82579023541751,30.94661540190826,189.39374409771608,True,0.4954380003416762,0.5104463295525921,1.474201558519327,3.2492352678474496,0.5612971922589687,4.082980008093386,0.7295,7.0,8.0,1.0,2.0,0.6045,0.0785
Susceptible_hab_FINAL.db,73,37.64107366909956,58.63995517700893,36.78214567587717,47.98719614618901,44.46757349114168,31.399646320389298,59.51986535573968,47.377246614485145,38.492032694828254,43.201930474074544,53.93337162158187,56.79960829717001,67.43686049666047,97.43449676676916,77.64027819665043,75.24682473769484,92.97651431397996,100.0100430126054,44.396484528985056,46.447734251180606,65.357446283826,76.75959028671822,105.17979856546707,63.4573409839128,83.66143186730233,89.20489638501033,68.98083780110488,65.20346847940799,True,0.5106655435552477,0.5203938259411975,0.9899713126193319,3.4104822650415283,0.7354711723010005,2.788255908388533,0.934,1.0,2.0,0.0,1.0,0.016,0.043
Susceptible_hab_FINAL.db,74,45.32499361546974,11.019003951029287,51.66464679207553,17.16390120468988,93.73885383793314,39.1502129312929,7.159234991988968,60.37652660638045,31.526044447399197,32.885533828006004,45.06441159605169,29.01664753170359,16.103102238757746,107.50838482039632,4.26775948755063,2.9694766843504063,13.682517799407613,6.236131103159785,23.809802438745233,10.210224630820452,6.348274372557986,20.79106935933615,21.72466372040501,71.3462140527396,21.889448670581515,16.711012850825867,17.258297018791755,127.02842026620033,True,0.5203623317201914,0.555799703507863,0.9057350283136032,3.362963261710549,0.7376578119039842,4.142154263628026,0.7545,12.0,13.0,1.0,2.0,0.3665,0.0595
Susceptible_hab_FINAL.db,75,31.87748842337547,48.32085844822017,31.670639158097433,38.91143492309843,41.943632665137244,25.87933969419668,48.66238351149347,41.8863685585735,31.302600703673157,35.605162117002315,46.889928476149734,48.22242946526259,56.88255935519329,92.03207612343161,65.09662881372492,62.84997782276387,79.48632063617161,85.70306726263647,36.628584365245544,37.259455233452265,53.98999485533021,65.28824934842135,91.37784223410547,57.59218367475315,71.68299268319629,76.35211958078011,57.972692833985576,63.63331346218469,True,0.5541779335656082,0.6284351291513073,0.9361373218540442,4.149642226172372,0.7244410698635464,3.2226666664291868,0.92,2.0,3.0,0.0,1.0,0.049,0.0515
Susceptible_hab_FINAL.db,76,40.13286638466685,65.15088887618464,39.02401721044632,53.18355147906699,43.91627733858594,34.290598163888504,65.89177008118756,49.42217199147016,41.853352858795276,46.47272582177985,57.862968084179414,61.86356655192927,74.4362630862968,99.88679423421314,85.59002041842022,82.92007340654877,100.51871869016708,108.786771705756,49.80400268751541,52.40057334254317,72.35133137961355,83.08213318905396,113.09859233544205,65.51128380105808,90.25899914429176,96.43446316960062,74.81776597808066,63.412391641636255,True,0.572246005546554,0.6274873113567759,0.6190070611410698,4.152743354758183,0.764005174972107,2.4654172001706693,0.9435,0.0,1.0,0.0,1.0,0.0,0.06
Susceptible_hab_FINAL.db,77,35.36268191368223,10.090647689019525,40.359833636687654,15.026222833446788,79.91271452290806,27.97211354637827,9.513704440011114,50.82071676322571,26.526799997494155,30.419144644812093,37.119824025800646,24.058834134745872,13.725008905803456,95.59392452267828,8.315834543520927,6.686912728288766,23.614373656625336,14.042894837752824,15.314722269888277,6.385614358786186,8.397309366182396,26.102947095304,33.371742937952966,62.284229083129105,30.021994195757273,25.879558870510465,21.209906180430252,111.94057523837954,True,0.572017148375303,0.7600926849828042,0.5533704665904718,4.155692707277354,0.8958459965340791,4.106001165351232,0.7655,10.0,11.0,1.0,2.0,0.272,0.015
Susceptible_hab_FINAL.db,78,33.47365665647387,70.67227615684054,32.25042576979391,53.47073824699743,26.879855361115347,32.78338728171579,72.57577608127123,38.38946355559167,36.30332394850027,40.33509054298324,55.061329423644146,63.552676670242946,80.39875062321826,90.88289473213925,94.68021229756584,93.52207730244427,103.92774040704278,119.40356900206534,55.5589225702429,60.174646265689006,78.69530374351397,82.75661427721383,120.76591740020014,53.95439530135177,95.37481474057108,102.76891369028034,75.80539976689666,40.89895938128043,True,0.569520936613636,0.11157223394443466,1.0159447239923336,4.244706794108086,0.8854948637884239,1.6073399250591291,0.9685,0.0,0.0,0.0,1.0,0.0,0.2435
Susceptible_hab_FINAL.db,79,51.89243097969609,77.8814796740619,49.86623815187002,64.41951593070326,51.506518160267646,44.983641005659706,76.30917208318232,60.75027091237858,51.64439932991509,54.649596933421876,70.17107479424266,74.90805828664432,89.93841272836414,113.4529057501468,99.28215155302807,96.46463658554096,111.68659090712045,124.31097930645879,62.7452917061793,64.16969728403133,85.03521673839029,93.61014749497852,121.74588421668422,78.09235221680929,97.39554124637192,105.33671097526354,85.47470907607743,71.02116553957937,True,0.588684631532019,0.16865652642269446,0.06153312853160642,4.183276605115685,0.8906303319539138,0.7630224030563544,0.9805,0.0,0.0,0.0,1.0,0.0,0.0205
Susceptible_hab_FINAL.db,80,39.725512586340585,60.739997874580524,37.48788153064147,49.16919487789982,43.406739755256716,33.137702776137886,63.32466135412621,47.54368507108351,39.440855037269934,43.73665883637199,53.78217294537263,58.22784614889438,70.57868812402467,94.93725982480498,81.21260147782007,81.11939626149699,94.89997696336658,105.67766616265239,46.61537602841843,49.566444617650305,68.19989225250083,76.23805061437328,107.37984984476877,63.33056757073453,85.81066121032791,92.41545139984365,70.81847748323406,63.294676567911324,True,0.6030983360768453,0.20721596037103684,1.0858691611585312,1.031398973904488,0.8116604401075254,1.095706663427816,0.9615,3.0,3.0,2.0,3.0,0.0185,0.048
Susceptible_hab_FINAL.db,81,50.60404596158283,78.03344961670454,48.555754655302074,63.94326185518846,48.993710738292094,44.33643383836822,76.66404218798844,58.89916342678057,50.494686444411826,53.45910089176304,69.30592658579633,74.60044594686535,90.09241079578446,111.81785435278312,99.86904430512463,97.28426161931154,111.61124516486218,125.10077790896072,62.90643988740339,64.62719822770191,85.29737439630506,93.05053496736784,122.22372947282818,76.19426660209137,97.58276357044691,105.66070099413412,85.1326363409623,67.85763454662965,True,0.5783921927630044,0.3300070467591978,1.1027870102545407,3.6277752269548103,0.6349764280778561,0.566025769620546,0.9835,0.0,0.0,0.0,1.0,0.0,0.043
Susceptible_hab_FINAL.db,82,53.66705133917755,17.876750625233612,59.902842361812816,28.44436771396265,112.46102627042276,50.56662412617975,31.15734695433658,66.30272384163293,48.01362552849842,57.55171826704322,45.92792358918535,32.08514498352477,11.516605410105146,96.59347319375576,12.997279819429444,18.354843068193993,33.901675637871335,14.653576966355196,25.45459650530323,22.602745931945236,17.08578436201179,35.591669755522105,54.77541933307225,72.30915241368876,59.84733264955264,49.78644849845861,37.229549528310855,144.2238142428004,True,0.49862948462147105,0.42162137080025575,1.1561676750495438,1.0588643074577606,0.7760741659491069,4.504704276541351,0.664,18.0,19.0,5.0,6.0,0.3195,0.197
Susceptible_hab_FINAL.db,83,78.52010356700518,27.452616123115213,87.02082576847523,36.76939091819113,135.5682285029692,73.39989008522383,18.957228513370744,93.77599486572441,56.95619621575395,54.81591481032223,74.10382898505156,52.59851507673359,34.24401716122287,143.79004427798094,12.267528408363209,11.429229358539411,14.071543991164052,8.075699923015305,51.89274724613843,31.016503149993916,18.133660787863082,29.076829515895707,19.12436883618632,103.95407404280294,25.487168589362906,18.226245414457416,27.57577713985998,171.9570483557573,True,0.42512803173729724,0.796564449902118,0.603592680828964,2.3417981694462386,0.7362722698833597,4.013754991673867,0.7285,16.0,16.0,1.0,2.0,0.513,0.0975
Susceptible_hab_FINAL.db,84,103.42449493346098,45.06378768332384,114.37527938904375,59.86641694912852,172.4893136082118,96.58814819776015,36.200081721095096,123.35494434461941,84.76500686097137,83.49011773412954,97.22891688293166,70.194106874194,49.89444061174851,166.71875658702587,24.854999884802172,20.777773221151442,31.551248230424125,13.549006827724359,71.94527901564672,47.85501633688503,34.000564704895815,51.84420037494187,37.020939459360264,128.57114958639443,47.88080745090517,36.85344045394406,46.22024339938789,209.97370484970762,True,0.4104875233933273,0.7943885289302504,0.5609275631758895,2.229022003750234,0.7521562063782004,4.235171587468094,0.6365,13.0,14.0,3.0,4.0,0.5345,0.0935
Susceptible_hab_FINAL.db,85,86.4937642405526,36.28746113193551,96.87380175304203,48.0441861465975,148.71264181868014,81.61552697614147,28.419980314674326,104.16120341993721,69.29323558329182,67.76808952793708,82.2181928101231,58.03950018494328,41.832149578781454,146.7738930706259,18.99674660937672,15.675455343020472,23.37040580965519,9.150288940002106,62.14446763611195,39.515593418930905,26.188632845985964,40.52901106866705,31.037643946919495,108.51570542243778,39.99348947439295,30.04051461532211,35.271935588560794,182.64445277468957,True,0.4454409073077484,0.7891673657043635,0.5462850940954116,2.3990271120017814,0.781108588075708,4.297048205067282,0.655,12.0,13.0,4.0,5.0,0.518,0.1795
Susceptible_hab_FINAL.db,86,38.39836908022376,7.997138126716202,44.41795677880161,14.500726203353835,87.31578184912499,33.963395982099115,11.060962940902815,51.72914675746613,28.9721146443113,33.12523569158148,36.070222206153254,22.014475720159986,9.514383657037875,90.36695322983802,3.39832530785575,4.653916605844417,16.147327022874684,5.425560687734902,18.44962376294646,9.197283920499874,5.256061211430909,19.60620361536623,30.176023640874643,59.29169938327615,31.468700627202416,24.889032777152725,17.618044270195696,117.66307630421898,True,0.4055596762677608,0.7024320431644848,0.6090795450070983,2.2959809299246583,0.7755366524563538,4.091816632450085,0.724,13.0,14.0,4.0,5.0,0.339,0.1595
Susceptible_hab_FINAL.db,87,48.987664905658065,11.91495734952318,55.2004938509379,17.98822414128205,97.39561041652125,43.187377120962765,7.7624026461380025,63.16262946023384,33.05080128885275,33.68872387396851,47.56914580187503,31.425431155926375,17.55253035331665,111.23759805566571,4.361941425527495,4.102471781137333,11.599695364164544,6.456944699784408,26.657053687574816,12.36632618532767,6.73609812664607,19.196330069830626,19.160443968667973,74.6499229010178,20.068004030774734,15.061386611635491,17.14164597732886,131.1971477933028,True,0.4012590711320077,0.5701125844623661,0.7286193282559065,2.4240899783388654,0.7839512499894092,4.202897235399439,0.765,14.0,14.0,1.0,2.0,0.393,0.066
Susceptible_hab_FINAL.db,88,67.35812814497827,26.875468027307832,75.52623885440445,31.09816712124799,111.57230193175575,60.0626577360059,6.559493862077506,84.37517889185285,43.85545085970455,36.01797440999789,70.94034211859821,49.6929877641361,42.82511928764026,143.12701443379237,13.512095300115279,6.568098739028812,7.979446311192921,10.094209233110018,52.15100102062212,24.554537530288936,16.054269817776362,24.082659611386404,5.357162364284695,95.7666961144072,5.9323757285589815,2.943415032575352,16.427665666915,145.36982843368054,True,0.41707837924481816,0.5641287671066547,0.7549130603609088,2.732259529200189,0.6609242073470404,3.8863597939889196,0.7935,8.0,8.0,0.0,1.0,0.5,0.043
Susceptible_hab_FINAL.db,89,27.51066329430957,38.13132305382868,28.451378288641006,29.543793787541635,39.96164385506279,21.736654977488637,34.43964370059126,38.10980769816298,23.488674279716907,25.34586310945407,42.02079941026115,40.63620260777115,48.76948121099599,90.49368253004921,51.11198820027201,47.83031556963438,61.070147394117924,68.4699589324494,32.01623546653982,28.085607892094266,41.329109798034274,50.89640816153149,70.60285246785321,53.19614775125116,53.02563353310172,57.16397429406208,43.16700166921136,62.44962817187569,True,0.47438636733961703,0.48897337094501137,0.7552777506491384,3.1724865367631985,0.6627035480023669,3.5208873254076067,0.9115,2.0,3.0,0.0,1.0,0.1145,0.0685
Susceptible_hab_FINAL.db,90,33.92110685360395,41.22495918673151,35.104855810688974,32.141340769856896,44.97376102291903,27.1747242265145,32.07063454805605,45.04967231703957,26.01797726216646,24.63409661139615,48.85692860299298,45.70248306615658,55.84500698654541,100.93006494948591,51.987608120261726,47.25225629801593,56.83892892061357,68.03870156420753,39.3482266671521,30.672861256766183,42.40378655318153,49.44880511604576,62.217000990530174,60.52317672878801,44.91013020110148,50.04523668515124,40.898497089952286,68.06624741241242,True,0.49814777330693044,0.5294265999105873,0.8056963158612795,3.426051366309126,0.6525059806304541,3.314848299391883,0.932,1.0,2.0,0.0,1.0,0.161,0.043
Susceptible_hab_FINAL.db,91,124.90883519921474,78.94582117146925,133.80220415296878,77.625880893286,156.34771648005918,116.578038902916,36.77638699498051,141.30478172060006,86.29293258328484,64.78867244279034,132.73540742246664,107.18486778019098,111.63256036092265,215.73747937635704,59.01652825695816,47.041845230075964,29.146328775208282,51.572801264653734,121.23060041321729,75.59352325750245,60.46394243146109,53.93475386715713,11.844402054456292,154.23043852013487,11.592764846947942,13.703810747563494,43.76959412530906,189.2239532726936,True,0.5047575598557299,0.4778655119594165,0.8772901164681128,3.4957831644768134,0.6608702296924914,3.0454484543555758,0.898,3.0,4.0,0.0,1.0,0.685,0.043
Susceptible_hab_FINAL.db,92,32.89916557998723,7.724623144710439,37.16134375700412,10.200513131447101,71.80462211705553,26.45672285817915,4.873280188511457,45.77411954795821,20.258347432211718,21.42676957140937,34.19451400516921,22.185373356114496,14.674659275714328,92.4744265261123,6.004501032889689,5.815172494075652,14.47789438999804,12.65514519138436,16.586589547757477,5.572924819149455,5.148850245475772,16.389001196662836,22.78669094428204,57.62932433023107,19.183563747737868,16.70502080353912,13.613049977923367,102.47862004046462,True,0.5221648350738926,0.4797404425257341,0.9095382567716328,3.7752519887211458,0.8209155438299878,4.000690319211978,0.807,11.0,12.0,2.0,3.0,0.3155,0.058
Susceptible_hab_FINAL.db,93,36.225177943875636,51.85889520985568,36.11461119033405,43.42605296157033,47.997506649270456,28.887448024878665,51.66911617230754,47.69689230433685,36.38115986776191,40.91867157853116,51.31536103801308,51.757746448399246,60.4595231653479,97.23444505879367,68.34373823376112,65.00120766311468,84.67855987691179,88.55338482520824,39.278430910866085,39.51005279288675,57.55148497886765,71.13363200419404,95.65394026055364,63.20834332023883,75.93545696215251,80.40941486262307,62.507768462474644,70.44610248830281,True,0.5863850382421342,0.6168211483850213,1.116675197604406,3.047606487955118,0.8965724752276745,2.963878723242982,0.9115,1.0,2.0,0.0,1.0,0.036,0.009
Susceptible_hab_FINAL.db,94,57.7324751144118,16.29439739521437,63.28858459716285,27.397296681246424,117.24138646292569,52.714162633560306,27.425935011675687,70.74760476073273,48.45425513359734,56.80731305720313,48.53552610728372,33.84806323448243,11.648453723202897,104.23612583655304,10.367051738233195,16.05649758905387,30.02811085740943,13.401262040234363,24.97325478225744,20.623816939314118,14.895188784828683,32.91477105794923,47.320465550243746,79.2337041293262,52.450273756567285,43.39329997523832,35.6659420776878,151.8381518895796,True,0.5912906274503859,0.6981857450773747,1.1394934044913565,2.808306549484125,0.8962531970466474,4.48521632095676,0.693,20.0,20.0,4.0,5.0,0.337,0.104
Susceptible_hab_FINAL.db,95,31.00707642628604,27.437374584532563,32.84910896416734,21.056936983785175,48.96512520564239,24.63925658397182,19.10345771522679,41.78952407730583,19.629170026313712,18.130546625157635,41.70737117779708,36.185026326745714,40.705009573517,97.288731166265,34.23358010826576,31.4851082634952,37.85787222093002,48.2182368371073,29.977237040682734,19.98668416328873,27.094837426617154,33.40601558779153,43.085636783730756,57.4304547488409,29.689176994470955,33.20916380274456,27.712722698503764,74.79224406624841,True,0.5393031945842758,0.42381559156929266,1.051455303134414,3.9380113604079794,0.8319797742118674,3.1135391622623265,0.914,5.0,6.0,0.0,1.0,0.2245,0.043
Resilient_def.db,0,6.779243188686958,35.367455778574076,9.207380925149637,19.176221423257,7.443782525179975,17.409522092947803,43.90731161925994,4.7255887412660105,6.5329445129014285,10.575580240062951,22.72814279604914,30.10872892206957,39.45330859267496,51.52321703527301,52.342345616887314,57.9243464767907,51.12161128160139,68.17879035699204,34.48479060684194,38.31186426435823,39.9737173474281,33.37830376188403,79.1611718429687,13.877874673219562,63.479379119397294,65.23433942535678,34.0380943360854,16.919124529713464,True,0.215,4.86,0.57,5.2,,2.567915703098156,0.8805,8.0,8.0,3.0,4.0,0.187,0.677
Resilient_def.db,1,46.684239767409466,121.59346360022475,46.65603103884971,90.0767701718742,14.520300036420819,65.81778570974114,133.8461373533606,36.965959482990236,57.10804830201257,63.19706447982655,78.83863860209885,101.35720644695427,125.97908913325998,91.0152401180506,155.78109563424246,161.37848434881764,151.6922455021968,182.58208242645878,106.4293618096133,121.54789472864502,132.82742739132408,118.49095685042293,188.86755407001934,48.69452240881871,158.45378794050706,166.13878280114645,117.25971346149899,10.548034520207448,True,0.264636424314473,6.594999841229387,1.428136623118661,2.3224117346278375,,0.47741211652398496,0.9785,1.0,1.0,0.0,1.0,0.0005,0.943
Resilient_def.db,2,58.6098296882698,139.25859495500555,58.47850478095533,105.00502712167672,20.80257337023183,79.43523641864849,150.2194009082206,47.405124606283664,68.89150832537803,73.97834209958266,93.34781060375813,117.61915348130215,144.99415411892403,104.09560257334968,174.97607306528022,180.4043511081444,167.6297509960657,202.64348404551157,124.27778098979198,139.31398837338236,150.55140560875776,133.247745366152,205.20634899884092,59.53581725653797,172.96865323116057,181.74502253717836,131.85974543941188,14.694745128536445,True,0.3684768464531957,5.638685068824717,1.1407823143195484,3.054612475361063,,0.0,0.9995,0.0,0.0,0.0,0.0,0.0,1.0
Resilient_def.db,3,58.6098296882698,139.25859495500555,58.47850478095533,105.00502712167672,20.80257337023183,79.43523641864849,150.2194009082206,47.405124606283664,68.89150832537803,73.97834209958266,93.34781060375813,117.61915348130215,144.99415411892403,104.09560257334968,174.97607306528022,180.4043511081444,167.6297509960657,202.64348404551157,124.27778098979198,139.31398837338236,150.55140560875776,133.247745366152,205.20634899884092,59.53581725653797,172.96865323116057,181.74502253717836,131.85974543941188,14.694745128536445,True,0.011885816981532875,6.027146820747359,0.8041447533880742,3.351930487476264,,0.0,0.9995,0.0,0.0,0.0,0.0,0.0,1.0
Resilient_def.db,4,58.6098296882698,139.25859495500555,58.47850478095533,105.00502712167672,20.80257337023183,79.43523641864849,150.2194009082206,47.405124606283664,68.89150832537803,73.97834209958266,93.34781060375813,117.61915348130215,144.99415411892403,104.09560257334968,174.97607306528022,180.4043511081444,167.6297509960657,202.64348404551157,124.27778098979198,139.31398837338236,150.55140560875776,133.247745366152,205.20634899884092,59.53581725653797,172.96865323116057,181.74502253717836,131.85974543941188,14.694745128536445,True,0.038835254102413425,5.434581470817349,1.0942796530466037,3.5107946205894507,,0.0,0.9995,0.0,0.0,0.0,0.0,0.0,1.0
Resilient_def.db,5,171.38646917419447,103.79209141403535,173.59557767527247,131.2367590204717,259.86754651124477,161.5467489527805,149.49150854746017,181.68944909264263,173.07558316654888,193.05580721684095,129.98938722438163,113.05648031091522,84.22184710836476,155.6102481335211,96.17616740863942,118.20856163564966,136.66980026493056,94.52198885271395,111.20008980219357,119.6840085138445,108.20420452365786,130.02707924994223,173.07058316115183,169.40005086736716,197.276986698168,178.37856278734643,145.45104315268017,292.23475079151837,True,0.2698192230021058,4.086622411817264,0.9953552730655946,0.5494442575633813,,4.606102357516109,0.5075,33.0,33.0,28.0,29.0,0.336,0.227
Resilient_def.db,6,58.6098296882698,139.25859495500555,58.47850478095533,105.00502712167672,20.80257337023183,79.43523641864849,150.2194009082206,47.405124606283664,68.89150832537803,73.97834209958266,93.34781060375813,117.61915348130215,144.99415411892403,104.09560257334968,174.97607306528022,180.4043511081444,167.6297509960657,202.64348404551157,124.27778098979198,139.31398837338236,150.55140560875776,133.247745366152,205.20634899884092,59.53581725653797,172.96865323116057,181.74502253717836,131.85974543941188,14.694745128536445,True,0.015111157094708519,6.283574008400317,0.15392286554970408,6.643103358666697,,0.0,0.9995,0.0,0.0,0.0,0.0,0.0,1.0
Resilient_def.db,7,98.83987966264094,48.881109701941384,101.68744833769009,67.52351439356111,169.5274405863023,91.9471122967914,82.05127005999964,108.3128005646034,98.09899536985489,112.69626801919948,70.65986480504463,56.73097866857132,36.860398777727056,100.78256064622374,44.40844236343603,60.62560843630834,74.12385072705246,44.85773101968255,56.844024588989036,60.57869683009869,51.760384251543975,68.13954466790051,105.15633229045805,100.96473713907261,120.99078595760297,106.81061616033966,78.41646439910869,198.23152999867034,True,0.2687589825622175,4.485781677628098,1.4260957848592672,0.8614549500993519,,4.24207379719863,0.5895,26.0,26.0,22.0,23.0,0.3275,0.275
Resilient_def.db,8,71.82567870912149,24.951618247048792,77.88939458546027,31.157076238429045,119.45261022384952,67.85507908573334,20.402887089900847,81.52765270483657,49.46875715445095,45.346864369206806,62.57313995331442,44.610996252099746,34.94152723050019,120.22534367875896,12.767034971008849,16.98940729602534,7.673900238075523,10.21642162605427,52.43423708161528,32.10027468071588,16.626980230787233,16.662245954746776,15.90369925338408,86.4947868365619,23.391332429400812,17.824037358107546,19.748737337624572,149.59308293294237,True,0.05599583902372689,3.1501740708329233,1.1915874058620646,5.612709932593096,,3.9623234605064783,0.767,17.0,18.0,9.0,10.0,0.5435,0.2455
Resilient_def.db,9,92.85720429107518,33.87426117006714,100.31996182809056,46.448249875220334,154.55527845840328,86.01945952901723,30.88249259101852,106.85715071597113,71.49330990158381,69.53883039713313,79.67831411907486,56.817414375466626,40.402642327098455,141.3943976410996,17.11817185046006,20.14269101731458,19.242887334898903,10.660488444228136,61.75201796764946,40.600772735110596,24.678033834250716,32.73685036638326,26.889831615621823,110.51785897421689,38.655567060316315,29.80461455010287,34.44346690884463,189.28267401483765,True,0.2757343798600251,2.9042250240486704,0.5874801412962257,6.790658966292354,,4.281658263681125,0.699,18.0,19.0,9.0,10.0,0.5525,0.1465
Resilient_def.db,10,58.6098296882698,139.25859495500555,58.47850478095533,105.00502712167672,20.80257337023183,79.43523641864849,150.2194009082206,47.405124606283664,68.89150832537803,73.97834209958266,93.34781060375813,117.61915348130215,144.99415411892403,104.09560257334968,174.97607306528022,180.4043511081444,167.6297509960657,202.64348404551157,124.27778098979198,139.31398837338236,150.55140560875776,133.247745366152,205.20634899884092,59.53581725653797,172.96865323116057,181.74502253717836,131.85974543941188,14.694745128536445,True,0.30966991795756915,5.571655916939886,0.46779961372477147,6.15292456244138,,0.0,0.9995,0.0,0.0,0.0,0.0,0.0,1.0
Resilient_def.db,11,88.63578298357015,30.61081595271388,95.75865753194194,42.59117502322615,148.48460267329708,80.88832237801856,25.9775623217124,102.99371965596691,66.794153002592,64.02584572930536,76.17507549746291,53.37189330590062,38.65995058553809,138.53305497604185,14.296269499249146,16.581786282264368,15.724208702092854,8.440606820608307,58.237672315162676,36.217468918167356,21.350461853260867,29.136844697993414,21.796008957834907,107.07187523514875,32.628282596275554,24.615401298520375,30.122359814139244,183.20749510015952,True,0.23582931435735807,4.323344650401035,0.09613066376423923,5.217219962784543,,4.377976751398156,0.7135,17.0,18.0,9.0,10.0,0.5465,0.1175
Resilient_def.db,12,9.717526906612834,21.738570873238,13.100635171438388,18.240141634796814,37.45491203772445,14.829387653485563,43.5487994430335,14.573562824579955,18.352855769872374,31.994075213612383,15.937868487269764,17.86343538319776,13.471009559815496,44.101442186050704,35.38746747480842,42.0027692118164,57.33762359207824,47.755353340404156,12.846314857594887,23.9325686651714,29.029773529433907,41.22088442579643,90.78655506238469,20.02499327698616,82.23752512401094,77.00830131981027,41.24902993486821,54.14904191990292,True,0.14033082508836306,6.433976230954079,1.493915347322328,1.4948182514438164,,3.5870571080761717,0.7345,11.0,12.0,5.0,6.0,0.1045,0.496
Resilient_def.db,13,4.316634194988094,36.314263701611736,7.8974460404417295,23.443961572271377,12.797669716673584,13.726293479521315,49.072219094992064,6.4782911992518635,11.914747696880227,21.039445652283465,22.381346971448135,28.87917199483799,34.43664424644975,50.23765273839099,54.44869719495845,57.27368795646427,65.53596766563217,69.3485352065705,27.629318849380603,36.010258697281856,42.98127867594603,47.67902800201544,96.74240130289824,15.092191438336485,80.37246267488601,79.56208646474082,44.215610922136975,23.725899048180764,True,0.20741685444274027,6.356256048283683,1.2370339356523856,1.8454685984156596,,2.90252531277723,0.812,5.0,6.0,1.0,2.0,0.0925,0.6155
Resilient_def.db,14,7.952878432142798,47.88883841195536,8.795601726194079,29.16428633981918,1.8364647867970136,18.27202064969787,59.71985388889181,5.091672688290736,12.387086865366708,18.411760369266357,26.331903037365976,37.71748142732241,51.231843893768925,49.56473085914544,70.6122790143144,76.44010681765305,73.23179256124666,90.6741558966676,39.966719713355495,48.53923588075762,55.55307442655752,49.90476369063208,103.56644514465854,14.449289902560249,83.90041719625141,87.20362321087848,49.76739248546583,8.694034891393034,True,0.12622168581988427,6.323842397571588,1.484498111124444,1.8087756705865314,,2.6133383218845583,0.903,6.0,6.0,4.0,4.0,0.098,0.672
Resilient_def.db,15,58.6098296882698,139.25859495500555,58.47850478095533,105.00502712167672,20.80257337023183,79.43523641864849,150.2194009082206,47.405124606283664,68.89150832537803,73.97834209958266,93.34781060375813,117.61915348130215,144.99415411892403,104.09560257334968,174.97607306528022,180.4043511081444,167.6297509960657,202.64348404551157,124.27778098979198,139.31398837338236,150.55140560875776,133.247745366152,205.20634899884092,59.53581725653797,172.96865323116057,181.74502253717836,131.85974543941188,14.694745128536445,True,0.1325146284339822,5.665705591026643,0.9304600591657991,6.445419024314881,,0.0,0.9995,0.0,0.0,0.0,0.0,0.0,1.0
Resilient_def.db,16,63.43564532681468,24.402263315490337,69.22211831889304,37.13611000178212,124.72652597127255,59.204984162030804,41.33546392914802,75.57918114735733,59.27940914134917,68.63596536834955,50.15220551763359,35.19498716516284,18.456175267464005,92.65268779105214,18.599826182142213,25.810992663725337,39.5308312490625,17.46487688511501,34.72838649695103,30.966847210372777,23.647508513640247,40.12224712154279,62.87164230094608,74.96901684384201,71.82390828142003,60.42086411745745,42.6289872895319,153.67269278483212,True,0.15726750772501705,6.076814163912988,0.894470963320423,0.8305844853064205,,4.3713414985176735,0.631,18.0,19.0,12.0,13.0,0.3445,0.2655
Resilient_def.db,17,6.956394423803249,46.64207019457898,7.930653646518095,28.830136774014594,3.3651908148737038,18.3157153249465,62.216236345984235,3.448028318428191,13.237512739361872,21.197032188657666,23.916385152264034,35.76224685355439,47.10166556148872,44.79362603471757,69.62774380246395,76.9288785273421,74.78636855679142,89.4834051814321,37.58456245512676,48.65101592468924,55.07454169673537,50.368148404187586,108.1247440242141,11.978514049843511,89.55622546448525,91.66434439817667,51.49886003729722,9.968403433866348,True,0.20020408680832674,6.902227406600906,0.8980009688551374,1.5551349861083335,,2.1398894055356195,0.881,7.0,8.0,4.0,5.0,0.089,0.7085
Resilient_def.db,18,58.6098296882698,139.25859495500555,58.47850478095533,105.00502712167672,20.80257337023183,79.43523641864849,150.2194009082206,47.405124606283664,68.89150832537803,73.97834209958266,93.34781060375813,117.61915348130215,144.99415411892403,104.09560257334968,174.97607306528022,180.4043511081444,167.6297509960657,202.64348404551157,124.27778098979198,139.31398837338236,150.55140560875776,133.247745366152,205.20634899884092,59.53581725653797,172.96865323116057,181.74502253717836,131.85974543941188,14.694745128536445,True,0.020319290333773873,6.976560657315817,1.4499599629299351,3.6279529208818717,,0.0,0.9995,0.0,0.0,0.0,0.0,0.0,1.0
Resilient_def.db,19,58.6098296882698,139.25859495500555,58.47850478095533,105.00502712167672,20.80257337023183,79.43523641864849,150.2194009082206,47.405124606283664,68.89150832537803,73.97834209958266,93.34781060375813,117.61915348130215,144.99415411892403,104.09560257334968,174.97607306528022,180.4043511081444,167.6297509960657,202.64348404551157,124.27778098979198,139.31398837338236,150.55140560875776,133.247745366152,205.20634899884092,59.53581725653797,172.96865323116057,181.74502253717836,131.85974543941188,14.694745128536445,True,0.17787085423692084,5.911517716134919,1.4764346394091745,4.5140233635078,,0.0,0.9995,0.0,0.0,0.0,0.0,0.0,1.0
Resilient_def.db,20,58.6098296882698,139.25859495500555,58.47850478095533,105.00502712167672,20.80257337023183,79.43523641864849,150.2194009082206,47.405124606283664,68.89150832537803,73.97834209958266,93.34781060375813,117.61915348130215,144.99415411892403,104.09560257334968,174.97607306528022,180.4043511081444,167.6297509960657,202.64348404551157,124.27778098979198,139.31398837338236,150.55140560875776,133.247745366152,205.20634899884092,59.53581725653797,172.96865323116057,181.74502253717836,131.85974543941188,14.694745128536445,True,0.2231102883934714,6.5249096033797205,1.010055553932102,4.266958237931117,,0.0,0.9995,0.0,0.0,0.0,0.0,0.0,1.0
Resilient_def.db,21,57.33591596569288,137.3262640231764,56.96658468420395,103.42047429727387,19.785327762027414,77.60935627375576,148.72484513194735,46.175554989341265,67.7259232110977,72.77047784078323,91.15676000657825,115.2900571730718,143.29367800135435,101.00991226960514,173.0590279284919,178.744267846455,165.9498492851513,200.66284637567563,122.43663207254937,137.378017279443,148.7183490008383,131.2814604793883,203.50841271040449,57.58396761717323,171.66384333116346,180.4256192288285,130.0248877185155,13.515873438067054,True,0.39393461056313167,6.29470752476061,0.45374277377394234,2.516231150802829,,0.04541469233379411,0.9985,0.0,0.0,1.0,1.0,0.0,0.995
Resilient_def.db,22,20.33696190011248,17.88263260468389,24.45871345358678,19.716514064855005,58.523326237667774,22.6525277693027,39.7172340229778,27.39104874879568,26.553729790513213,39.234510762631785,19.86389287726356,16.733325883328217,10.04944326382263,49.172249603510096,25.938176146262993,32.938230337917965,48.25098434176317,33.40752528106241,14.842008034117406,21.708329211203864,23.065996198734062,36.55454970874227,80.09748794586197,28.80608590459003,77.54844165725429,69.94626153551172,37.00047767490213,77.55527384948346,True,0.276345661975381,6.986133969999434,0.9750438084777119,1.1512497555537882,,3.8507896437400264,0.6885,13.0,13.0,9.0,10.0,0.1735,0.4595
Resilient_def.db,23,58.6098296882698,139.25859495500555,58.47850478095533,105.00502712167672,20.80257337023183,79.43523641864849,150.2194009082206,47.405124606283664,68.89150832537803,73.97834209958266,93.34781060375813,117.61915348130215,144.99415411892403,104.09560257334968,174.97607306528022,180.4043511081444,167.6297509960657,202.64348404551157,124.27778098979198,139.31398837338236,150.55140560875776,133.247745366152,205.20634899884092,59.53581725653797,172.96865323116057,181.74502253717836,131.85974543941188,14.694745128536445,True,0.2351422951968878,5.508740279871207,0.8549214084151122,2.3960223939108847,,0.0,0.9995,0.0,0.0,0.0,0.0,0.0,1.0
Resilient_def.db,24,58.6098296882698,139.25859495500555,58.47850478095533,105.00502712167672,20.80257337023183,79.43523641864849,150.2194009082206,47.405124606283664,68.89150832537803,73.97834209958266,93.34781060375813,117.61915348130215,144.99415411892403,104.09560257334968,174.97607306528022,180.4043511081444,167.6297509960657,202.64348404551157,124.27778098979198,139.31398837338236,150.55140560875776,133.247745366152,205.20634899884092,59.53581725653797,172.96865323116057,181.74502253717836,131.85974543941188,14.694745128536445,True,0.15789567558493972,6.942893061529388,0.6752828512589485,3.2588283463613776,,0.0,0.9995,0.0,0.0,0.0,0.0,0.0,1.0
Resilient_def.db,25,26.100770037336684,85.94645384463668,27.851517691642275,60.07444202026056,6.002253124859702,42.18561124874777,94.79512635676576,20.434546495932956,33.675804161604354,38.24456663205724,54.08838956456387,69.98944090954575,91.16348583668906,71.5508953419392,113.05514483033583,116.54473316516038,109.46164998388736,133.64010911768233,76.9912278808236,86.04539377157963,94.02006919439103,83.3821063821528,142.98887031241864,29.536410268114516,117.98963151927506,123.08521391160906,80.31595282368944,5.783947701582514,True,0.06684379970497456,6.480784776294824,0.05343244732720953,2.4083533867516773,,1.866457011313485,0.9245,1.0,1.0,2.0,2.0,0.073,0.872
Resilient_def.db,26,26.993475782434174,89.71464836025957,27.27590268604576,63.67672805991356,5.882636066613808,43.05549886266687,104.52870288164497,19.76749034615322,37.23718928563761,44.601873131637014,53.062974274551536,71.75187014591614,92.1059615239103,66.4557584963674,120.19609517391552,126.51832503859592,120.8378229820523,144.17686172771317,76.0706939904251,90.35736696878364,100.3559818615613,90.26552010562389,157.63512051057785,29.089185587788283,131.87387464299005,137.12503271909503,89.57806057035113,5.159217048661187,True,0.13436319187825368,5.178042798245361,1.3820555214598595,2.2846393583368605,,1.5558920851215692,0.932,3.0,3.0,3.0,3.0,0.0225,0.867
Resilient_def.db,27,58.6098296882698,139.25859495500555,58.47850478095533,105.00502712167672,20.80257337023183,79.43523641864849,150.2194009082206,47.405124606283664,68.89150832537803,73.97834209958266,93.34781060375813,117.61915348130215,144.99415411892403,104.09560257334968,174.97607306528022,180.4043511081444,167.6297509960657,202.64348404551157,124.27778098979198,139.31398837338236,150.55140560875776,133.247745366152,205.20634899884092,59.53581725653797,172.96865323116057,181.74502253717836,131.85974543941188,14.694745128536445,True,0.15639384871828935,5.311094619624818,1.274818533134974,2.5533030072341405,,0.0,0.9995,0.0,0.0,0.0,0.0,0.0,1.0
Resilient_def.db,28,28.332660884073398,19.719226777808924,29.86360646284959,23.37009263874439,68.2877385343792,29.792707791531726,51.145939576984,31.580900830287494,34.42113104139506,49.1424383159743,18.173732934070518,17.038110814671874,9.603997079449359,39.53124307049537,29.305368789573244,43.47809150472093,53.265561575222414,39.29695296279592,16.557587500292705,27.9054120945761,27.048994649822276,36.257351961044705,89.45932152409061,29.722080069472838,90.66309143415435,82.54120687772185,43.58829444986904,86.45524226694846,True,0.013192306086502084,5.268041907252979,1.3417529907077421,1.309428528469327,,3.695187818935427,0.695,19.0,19.0,16.0,16.0,0.182,0.4895
Resilient_def.db,29,25.456829777927496,19.243827462027575,28.05010385041148,22.561381882459283,66.60535292329098,27.58649803830125,48.46098536166696,30.522785567130587,32.34849912417387,48.214947490888925,19.961369141471625,18.696974330500957,7.426517461600043,47.26043344373258,28.94621345309393,40.575764761671735,55.63810689449408,39.6189006935546,13.121849076572676,25.394235910588144,26.59023173061734,40.36422910163472,90.74263888498993,32.77966911371034,89.51059956862551,81.32977541094256,45.52547111528093,87.14983192768054,True,0.15409448505094175,6.976789902715679,1.1705906116120088,1.2095617005517085,,3.953766752322953,0.692,18.0,18.0,10.0,11.0,0.1505,0.435
Resilient_def.db,30,108.44646536338576,48.5751007537493,114.44441293539731,67.90015361628177,184.77008983642742,102.20370659925496,69.5708674927098,121.49919169780448,99.88074062475897,111.08003762006213,86.06361794634955,67.03004029024693,38.65985358050216,135.39890067322233,37.089648667468644,48.07791055126265,61.67727003753215,34.38088613689965,62.460125819732816,58.90402509207,46.70031984187848,66.10151645035464,84.41611469302298,122.05139899258802,99.82548681809534,85.54677790922207,73.55360812757377,220.63799454338948,True,0.22655634634725072,4.63381901821827,0.07087849882503416,1.1105873077396864,,4.6432841216009795,0.598,26.0,26.0,12.0,13.0,0.408,0.1615
Resilient_def.db,31,103.15884614467754,40.94906733016994,107.51691061966375,58.291973313006636,172.014649330915,94.9368541631236,57.541548215324624,114.0349133802708,89.43518099861707,95.03553524455508,77.2410361508741,57.79519628151205,38.94510711636189,122.63073657903047,28.671862049973868,40.79556772552194,43.145193698406295,25.32515064973957,61.902432220687025,52.16939519968986,37.307046830918495,47.08057432595102,61.91217556698647,110.73630058186365,78.62127260648984,66.83720145264212,55.858858606011616,204.6392641265292,True,0.3053355713967704,3.349585674438294,1.3858999050323606,4.407653345369486,,4.188374000158101,0.6485,25.0,25.0,19.0,19.0,0.48,0.195
Resilient_def.db,32,70.7733519291923,21.409920019237646,76.4882405935642,30.98039775268977,125.06265317874212,65.45054275111771,23.5607725592485,81.6454550898971,52.47956322044188,52.255343503739326,58.037238145209365,39.9792312396467,26.80272156377171,112.6471943061927,10.025865380198248,15.776654855076076,13.116445273260648,7.806935498118503,44.69312412754471,28.729682336779693,15.08218376420752,20.380765321133023,24.84400505458817,84.95944634141955,34.0292289084295,26.49828703470409,24.09561935773176,156.33927521315837,True,0.16599280377778347,4.591676551668153,0.47526120147972034,4.752371005639722,,3.8688599018490994,0.7265,19.0,19.0,11.0,11.0,0.4975,0.21
Resilient_def.db,33,60.794203203074815,31.622157474812425,63.260050788284076,43.209449539603426,117.62882637649838,58.643929731456026,65.22485892223656,67.2520345084328,64.39583164102433,80.12304679210806,41.76992480916138,34.36229067981047,18.95963727545114,67.59287196123232,34.246667925299796,49.63170188863683,62.727995567011305,39.43375907009033,33.074978918235615,41.84541366880846,37.0562717420941,51.158916148018584,97.49498411474981,62.9617848050146,106.14473006666456,94.40251492800441,60.1093101244259,141.42085451409744,True,0.16907980344462553,6.829406644410983,0.44365043482020033,0.5425436156461885,,4.5301270756919525,0.631,23.0,23.0,18.0,19.0,0.246,0.3885
Resilient_def.db,34,19.4740033146398,71.8643692392151,20.915149655142375,47.90779355550129,3.439643637799974,33.53876904007932,79.99161155972953,14.82612117728527,24.47285823170304,28.970839277633576,45.12792779317296,59.449528035632376,77.08793500425419,67.54757665304162,97.2305897038633,101.14739317930108,94.7218718828965,118.34959650690811,63.4759651775514,71.78826125038418,79.43020022357179,70.29129613329937,125.61735213119235,25.948753043731493,101.6774411528317,106.74940569817862,68.31329878548785,6.7457793161178925,True,0.24965380345267796,6.901939402894004,1.4465124411391024,2.1185593968610985,,1.6563513250824686,0.9325,3.0,3.0,1.0,1.0,0.0865,0.7745
Resilient_def.db,35,117.12777969889662,49.010103489607715,123.24131117924799,67.26263269125252,190.99163978562967,109.89342727202387,61.227328849285925,129.64903695458156,100.00763441505899,105.36940069353619,93.91908807236256,72.15023072918831,45.79399711844096,150.11081202908045,33.21877483607116,43.432425682459055,47.2177415413258,28.816943722956136,71.59512076093675,60.08561189075478,43.408609485752365,56.19556071346093,62.9506569325644,131.64449338834189,79.59324492110179,67.15301889562916,64.49710195226572,228.38673157750787,True,0.24023849839789027,4.0569359572916435,0.9619190842046454,4.857228433227652,,4.2790783260450445,0.645,26.0,27.0,12.0,13.0,0.511,0.1305
Resilient_def.db,36,74.52657207469109,22.91715149467324,80.49989499907687,33.89913579248262,132.1898210484418,68.66647554761977,25.956693362506982,86.30686736839606,56.92232469293335,57.736732883020224,61.08456611435186,42.20009021931015,26.823470248137646,116.75262118602225,10.856043005813119,16.481619482423824,16.505486056816842,8.208752211340974,45.34012357491414,30.015532114927126,16.68657747111356,24.370830928894982,28.410755216266836,89.88303257743128,38.26902728872863,29.96895403064031,27.981772401111943,164.76819385461584,True,0.2204096502205075,4.454672157117882,0.6291120031184543,5.669179801021209,,4.303599628788576,0.711,19.0,20.0,10.0,11.0,0.49,0.181
Resilient_def.db,37,116.98619941384436,52.7730224661879,122.06710412033726,71.89850747997983,192.10335972316216,110.73907620530967,74.44802946014451,127.72635067051476,105.34439854367614,114.99918472340781,90.62907660174129,71.69729346580148,44.52864554370639,138.12826210780088,40.43773756965973,54.22344647834771,60.78772997748757,37.8351968207119,70.34352826415456,65.58284555887663,50.29986469953787,64.45451142995047,83.29589859267391,126.98778436170576,100.70842193407454,86.9021710821405,75.17187151207317,227.30559649985798,True,0.14534796262162028,3.0348147038002895,1.1238398483220395,2.6152329214848837,,4.59398336212814,0.6175,28.0,29.0,15.0,16.0,0.455,0.194
Resilient_def.db,38,58.6098296882698,139.25859495500555,58.47850478095533,105.00502712167672,20.80257337023183,79.43523641864849,150.2194009082206,47.405124606283664,68.89150832537803,73.97834209958266,93.34781060375813,117.61915348130215,144.99415411892403,104.09560257334968,174.97607306528022,180.4043511081444,167.6297509960657,202.64348404551157,124.27778098979198,139.31398837338236,150.55140560875776,133.247745366152,205.20634899884092,59.53581725653797,172.96865323116057,181.74502253717836,131.85974543941188,14.694745128536445,True,0.26063169370443046,5.154319537546345,0.44417185746802934,3.9789118756522046,,0.0,0.9995,0.0,0.0,0.0,0.0,0.0,1.0
Resilient_def.db,39,21.331007496030022,74.7304540377595,22.3053444943045,50.192220730549124,4.239764342808179,36.9564343946479,86.22743591703961,14.558239001970286,26.76080204854412,32.18724090139518,45.489091477554666,61.430024472674376,78.49654088821089,64.82388817039292,101.17379252160633,107.52674843939474,98.31601170153927,123.23839871501201,66.13521746027135,76.71325921733967,83.09890429315425,71.76287797279676,131.98288359977087,25.132322240658006,108.56935556724709,113.43131414361302,72.18978741892157,6.3602175901900555,True,0.2650568248678694,5.002191962902185,0.3926779551982783,3.727497642760864,,1.350461191099947,0.9345,5.0,5.0,2.0,2.0,0.0885,0.833
Resilient_def.db,40,96.14653792069579,36.52004950892822,102.43187065104189,52.30436631010704,165.06209518658383,90.16227686689781,47.60540090797654,108.65523931913754,81.09044468337505,86.66166673923294,77.56477398797,57.7005842078324,33.551232703276476,133.03000601376885,23.227357195668866,31.754590986632472,37.32812462798647,20.118332075355955,56.34168719602267,45.94353903741232,31.698656378297102,45.04428297405118,53.634600426999725,111.78927716272224,67.10164395124639,55.59074024801382,51.304176063837666,200.79347731604105,True,0.38071172303302836,4.032328428779889,0.07052843852085855,2.731788387363344,,4.522512229564397,0.656,24.0,24.0,10.0,11.0,0.473,0.1545
Resilient_def.db,41,58.6098296882698,139.25859495500555,58.47850478095533,105.00502712167672,20.80257337023183,79.43523641864849,150.2194009082206,47.405124606283664,68.89150832537803,73.97834209958266,93.34781060375813,117.61915348130215,144.99415411892403,104.09560257334968,174.97607306528022,180.4043511081444,167.6297509960657,202.64348404551157,124.27778098979198,139.31398837338236,150.55140560875776,133.247745366152,205.20634899884092,59.53581725653797,172.96865323116057,181.74502253717836,131.85974543941188,14.694745128536445,True,0.2047269565117943,6.770021127640988,0.9543001598107281,2.7877841137086365,,0.0,0.9995,0.0,0.0,0.0,0.0,0.0,1.0
Resilient_def.db,42,4.405118238082881,14.730947095996223,5.9898942522055485,9.430219909872903,26.249114711521834,8.860138910700543,35.94453074193732,6.289696117477131,9.099281501093191,19.83750157609915,7.16860592531687,10.319484464490628,10.675476682224224,32.43838184302811,28.99505910894537,38.39617339746629,44.39002389585621,42.94458588489077,9.59567001111322,18.716101479224854,21.688580405518305,26.238018420199094,76.34137546794852,10.384690559057333,68.43669693846068,65.2006665035876,29.423987252985825,41.09468918802252,True,0.14369561649572535,6.660085290020043,1.4766985636795689,1.3059558790466903,,3.0227161294394023,0.783,13.0,13.0,9.0,10.0,0.147,0.5215
Resilient_def.db,43,54.527883941619066,33.2933819853522,57.258204385276265,43.30267118197919,110.5062130670189,54.43623757328136,69.2891286790545,61.25140219372413,61.77353403551302,81.52595970642568,41.03805511633193,36.650725320071885,15.583357254980637,70.58116446213441,39.51072709657924,54.19750490086846,74.44422674351152,48.77397138507298,26.596236487981557,41.71960216650985,41.057769177753926,60.763532141317384,111.47928790210295,62.93682959399851,115.701048160817,104.10181919575372,69.15374663814045,136.2563292782563,True,0.15200200830727617,6.758907615960558,1.4786933782547502,1.2064094430362944,,4.313177005081747,0.6365,23.0,24.0,11.0,12.0,0.16,0.346
Resilient_def.db,44,22.24827504327581,79.19757059583733,22.30317938469732,54.4652585096028,3.6780229477807285,36.483847319719565,92.3939949491899,15.963411320185362,30.07553750087481,36.74285543681401,46.72145014321345,63.916159033642884,82.49605894578355,64.1082452544176,108.10495621036262,114.33466522714812,108.70301041874039,132.214726794423,66.64467116723768,79.41735092478073,89.13852373304829,79.7454322241369,142.71770586121622,26.637455186199137,117.71066914574762,123.19602311462384,79.52211392956657,5.497284296614076,True,0.06386991629271113,6.562529145692144,1.214906267904277,1.8553307950961044,,1.9019966690038261,0.9415,4.0,4.0,2.0,3.0,0.0385,0.789
Resilient_def.db,45,5.300417998467014,12.490546864208172,8.37745326382813,6.880403027140445,28.948261842936038,10.357731630073099,27.576423642061282,8.94209344281917,6.382751312843704,15.884206322372037,12.276073158461259,13.617550155620942,9.017924481166364,48.23259880226516,24.113585461811507,30.70041897172204,37.63511411320012,37.61466171539704,8.785031542342578,15.27605573070927,17.487536507567654,24.223960319017053,65.42037181947302,18.46009187897999,56.108867262365955,53.17323277222879,25.86583432978621,47.765733299832156,True,0.21433924108156588,5.947845202189381,1.2550790405556038,1.6910122630894737,,3.353334360961063,0.7955,13.0,13.0,3.0,3.0,0.171,0.4505
Resilient_def.db,46,69.05033023757659,26.57303746088515,73.00241845989312,40.153388965323366,131.51614936356222,64.69726157206031,50.47527736190912,78.48348301675048,64.81338601631101,76.52940969170598,50.31270958085014,37.52086484317981,17.781309249491798,89.77321346396154,22.568484785761413,34.84347109238839,46.00193836181286,24.748508892533078,34.86954647475456,35.8452291339615,27.81203590267303,42.58989456107015,72.35062109216055,78.15921126520368,82.6860757810741,71.16721382195354,50.288930008337594,161.16789614074762,True,0.04388046022021358,3.176777316023095,0.09989506834793238,1.6340362735928298,,4.618855866213872,0.6445,23.0,24.0,14.0,15.0,0.3325,0.258
Resilient_def.db,47,57.9793089383408,28.196062926556245,63.25753982257127,40.153966716916145,118.77409393755173,55.69121333900995,52.63684211164272,69.38107690140113,60.2771459016936,75.16435506098077,47.13287594345785,36.29342078897208,15.758186542533183,86.4076982285653,27.531607261921668,36.14670475496534,57.229284240868324,30.56035230124295,29.149668956918752,34.16088263062935,31.228273612524234,52.76866987867163,86.41170137357966,71.12236775580992,92.29819187533451,80.29479275420415,55.89342434601092,147.4058982379738,True,0.12009631110000393,6.093015622169429,1.40191321643379,1.0363819749189769,,4.3611018547516,0.6185,19.0,20.0,9.0,10.0,0.241,0.274
Resilient_def.db,48,58.6098296882698,139.25859495500555,58.47850478095533,105.00502712167672,20.80257337023183,79.43523641864849,150.2194009082206,47.405124606283664,68.89150832537803,73.97834209958266,93.34781060375813,117.61915348130215,144.99415411892403,104.09560257334968,174.97607306528022,180.4043511081444,167.6297509960657,202.64348404551157,124.27778098979198,139.31398837338236,150.55140560875776,133.247745366152,205.20634899884092,59.53581725653797,172.96865323116057,181.74502253717836,131.85974543941188,14.694745128536445,True,0.1294756014346599,6.62694928926551,1.3742146531522828,3.1702350602604397,,0.0,0.9995,0.0,0.0,0.0,0.0,0.0,1.0
Resilient_def.db,49,58.6098296882698,139.25859495500555,58.47850478095533,105.00502712167672,20.80257337023183,79.43523641864849,150.2194009082206,47.405124606283664,68.89150832537803,73.97834209958266,93.34781060375813,117.61915348130215,144.99415411892403,104.09560257334968,174.97607306528022,180.4043511081444,167.6297509960657,202.64348404551157,124.27778098979198,139.31398837338236,150.55140560875776,133.247745366152,205.20634899884092,59.53581725653797,172.96865323116057,181.74502253717836,131.85974543941188,14.694745128536445,True,0.1675879661567056,5.572311940357337,0.22413637382214435,5.329129140310786,,0.0,0.9995,0.0,0.0,0.0,0.0,0.0,1.0
Resilient_def.db,50,58.6098296882698,139.25859495500555,58.47850478095533,105.00502712167672,20.80257337023183,79.43523641864849,150.2194009082206,47.405124606283664,68.89150832537803,73.97834209958266,93.34781060375813,117.61915348130215,144.99415411892403,104.09560257334968,174.97607306528022,180.4043511081444,167.6297509960657,202.64348404551157,124.27778098979198,139.31398837338236,150.55140560875776,133.247745366152,205.20634899884092,59.53581725653797,172.96865323116057,181.74502253717836,131.85974543941188,14.694745128536445,True,0.2160411648849786,5.58741702100231,0.7304384179545353,5.605986478848798,,0.0,0.9995,0.0,0.0,0.0,0.0,0.0,1.0
Resilient_def.db,51,120.72531924963153,79.0934019957436,124.79718699750046,99.08787298500056,197.37707021508982,117.81465312089762,122.74570243158007,130.36986418226448,129.48103722535689,152.12757593639202,95.16210771197957,84.17313152011306,56.139434447283605,121.13925860313128,78.16286435985062,95.48637056387545,120.51751645556894,79.82956587741882,77.26320585812626,91.49339684551617,85.69832673538606,110.98497884221075,161.17924661510966,124.02934620987008,175.9057432151033,158.35053589978878,121.2154647307253,225.95542129940893,True,0.08382713929167127,2.5334873726545646,0.7040961707841051,0.6085391133623634,,4.597348190307872,0.5185,27.0,28.0,18.0,19.0,0.223,0.3455
Resilient_def.db,52,57.49976256864833,31.2713979240143,60.07349214252655,42.12894551348984,113.9637533414081,56.33996211599676,65.77641746377763,63.86666983928656,62.3011197602699,79.61218075439054,40.65164600134778,34.485843848183436,16.511915809485327,68.24215335406937,35.23911056703832,50.512897282970684,66.04306301502504,42.129533092705906,29.60141851101034,40.95117505427438,37.565183511820564,53.646085573162786,101.68983955539147,62.24210097916642,108.59286883683536,96.93002354777063,62.656218265248405,138.66273834058114,True,0.27345490741160244,5.776531627577687,1.2114516846838028,0.8186008053653402,,4.069616243812635,0.635,23.0,24.0,15.0,16.0,0.2145,0.373
Resilient_def.db,53,19.478969935528145,75.12131243549686,20.141113921614547,51.95820706086315,5.27908333773146,35.465357429302905,93.05796853937953,12.571717985225156,29.461427931979333,38.53981932485235,42.11096874097217,59.41628369396223,74.49830643480334,56.83140211263068,103.60666500198361,111.5740443596934,107.11236635771606,126.5624070144441,62.06533811103475,77.5863380880852,85.6871061690336,77.6699379508985,145.31851191647374,21.77605776481901,122.33551879549803,125.78347121463253,78.84724887972183,6.822141509829123,True,0.2714562796756652,5.580338066851122,1.096459609692507,1.6860971932988627,,1.9974390112852873,0.904,6.0,6.0,3.0,3.0,0.0385,0.852
Resilient_def.db,54,26.01143611936051,20.489137720876982,28.03526555802699,23.112195021286333,65.64349250014794,29.029513112775515,51.76886545314353,29.306809201517286,32.81283967776279,49.00684786576324,19.225899392166944,19.214261749174433,8.141371416602581,44.226159224039826,31.065968465358047,44.605655809682645,56.91187328070528,42.69107036345346,14.379812244719599,28.041641692811538,28.35569128397933,39.855986830971425,93.55704155872867,31.26377505660288,92.58885997553367,84.57607723425119,46.999891727377495,85.26391714880322,True,0.2342050406181732,5.378398147742411,1.463739529538125,1.1853066854619132,,3.9209040134638284,0.7005,19.0,20.0,11.0,12.0,0.154,0.472
Resilient_def.db,55,2.8842326094829125,33.41358378004452,4.465850172194321,19.764229185359824,8.72167855541489,11.766067015852903,49.50108325454829,2.506115659065485,8.748458247583242,18.40786864655469,17.69403047699558,26.571978680888193,31.423406714034872,44.63579805951251,53.69292183578744,60.21850937838961,64.42038110548827,72.62737191642339,23.386818936093597,34.53967209402489,41.51638415301406,43.118972835648236,96.03743885769018,12.705458227742941,79.33669264014019,79.84446910033287,43.746260984988346,20.225457824280237,True,0.2011117313735928,5.942374128429803,0.9600016034844455,1.7622872428957943,,3.5552170191133725,0.8525,9.0,9.0,2.0,3.0,0.0845,0.585
Resilient_def.db,56,29.852991144648005,19.76620417001756,33.943706664844456,24.270115206336573,74.54704467423552,31.98727287944807,45.25353913363596,36.75493170398237,35.196537025484375,49.81855802407646,25.51398678521912,21.535996177524403,8.698191378008609,56.95049503902261,26.26490671689097,35.65981824522299,51.55458726307971,33.88109829442576,16.725524886148374,25.61416903042563,25.180426311338532,40.40675417640416,84.64763905702975,39.123913626114316,84.56991897294375,75.50156691056677,43.659041561342846,96.47535682702181,True,0.18892253839572493,5.935225834622266,1.1507382247516258,1.217052026648921,,4.189240763834145,0.672,17.0,17.0,9.0,9.0,0.186,0.4265
Resilient_def.db,57,8.82379629315104,15.021581251867804,11.416763174979693,10.040088865496415,33.00191597469411,15.214797910084277,35.34390242743697,9.952899432605415,11.030566017465361,21.177658621908826,11.245078653077048,13.390920856731414,10.337806137654562,39.40020538570902,26.81077556874629,36.84092082435191,39.389173962752814,39.13503487898229,13.377606033819665,21.257105997068702,20.577735101083373,23.608981761519836,71.54844316298374,14.893460315889136,65.25969345338068,61.163061056724764,28.133713717650867,48.815161434192106,True,0.13551236680707487,5.145068593909654,0.7080294130731677,1.7982799745456668,,3.4333786729249702,0.775,15.0,15.0,8.0,8.0,0.1955,0.5645
Resilient_def.db,58,118.6258802744131,59.329618583432634,125.70973401815395,80.14382665636356,198.11601251362316,112.48015156831738,80.90505964314369,133.20133295673895,112.72839421273915,124.4836711366111,96.42862916672728,75.92557653736547,48.48340430796692,142.99977511941057,46.754746102406926,56.27745763286031,73.24859836701293,40.94511154832951,73.67837231956786,69.38244016664426,57.1325743464122,78.90115379839153,97.59601788248565,130.54996967216573,114.39037180048678,98.512314566233,84.09010618229476,232.72282150813328,True,0.385233930105671,2.535455919253314,0.12705312196699725,0.625262316455899,,4.61868134814018,0.555,24.0,24.0,14.0,14.0,0.407,0.204
Resilient_def.db,59,58.6098296882698,139.25859495500555,58.47850478095533,105.00502712167672,20.80257337023183,79.43523641864849,150.2194009082206,47.405124606283664,68.89150832537803,73.97834209958266,93.34781060375813,117.61915348130215,144.99415411892403,104.09560257334968,174.97607306528022,180.4043511081444,167.6297509960657,202.64348404551157,124.27778098979198,139.31398837338236,150.55140560875776,133.247745366152,205.20634899884092,59.53581725653797,172.96865323116057,181.74502253717836,131.85974543941188,14.694745128536445,True,0.01658202484013971,5.211241346593362,1.3138276041242434,6.424176380631458,,0.0,0.9995,0.0,0.0,0.0,0.0,0.0,1.0
Resilient_def.db,60,58.6098296882698,139.25859495500555,58.47850478095533,105.00502712167672,20.80257337023183,79.43523641864849,150.2194009082206,47.405124606283664,68.89150832537803,73.97834209958266,93.34781060375813,117.61915348130215,144.99415411892403,104.09560257334968,174.97607306528022,180.4043511081444,167.6297509960657,202.64348404551157,124.27778098979198,139.31398837338236,150.55140560875776,133.247745366152,205.20634899884092,59.53581725653797,172.96865323116057,181.74502253717836,131.85974543941188,14.694745128536445,True,0.16903643921683673,6.115756177455374,0.9394571077058005,2.191846934089357,,0.0,0.9995,0.0,0.0,0.0,0.0,0.0,1.0
Resilient_def.db,61,24.262588030238582,81.61056171020253,25.435582460462694,55.971135636247396,4.629083524985451,39.611179025041324,90.66098386828016,18.281989848685775,30.52997168276015,35.20066604294362,51.05191203431657,67.04616631900691,86.76695323762294,70.36356095335907,108.70677089956965,113.10792293637272,105.37421919264709,130.60158617929227,72.28162408259713,81.79920138169776,89.82319724156885,78.97463310588543,137.88332828584132,28.914663181328578,112.87708132401943,118.41260165083904,77.27149929754398,5.871768870455408,True,0.11243780239141801,6.553993375356845,0.8724804447684871,1.8535199628875303,,1.2985379209162922,0.9395,2.0,3.0,1.0,2.0,0.0735,0.8275
Resilient_def.db,62,58.6098296882698,139.25859495500555,58.47850478095533,105.00502712167672,20.80257337023183,79.43523641864849,150.2194009082206,47.405124606283664,68.89150832537803,73.97834209958266,93.34781060375813,117.61915348130215,144.99415411892403,104.09560257334968,174.97607306528022,180.4043511081444,167.6297509960657,202.64348404551157,124.27778098979198,139.31398837338236,150.55140560875776,133.247745366152,205.20634899884092,59.53581725653797,172.96865323116057,181.74502253717836,131.85974543941188,14.694745128536445,True,0.35628561092304994,5.571252497778194,1.1307331807595458,6.507726626743544,,0.0,0.9995,0.0,0.0,0.0,0.0,0.0,1.0
Resilient_def.db,63,56.54032307534208,30.686184498545146,60.07849113672128,41.286558491388575,114.86787650951436,56.23368498744585,63.06389691053303,64.43688191725745,60.76554120341195,79.41942509891581,44.10897535230045,37.973737799394144,13.741504794778598,80.24834272698007,34.51806639245692,47.89317997436571,67.93165950359918,43.0381885966319,26.053269844135237,38.83026253267505,36.97122517878677,57.62589356850208,102.01909184697529,68.76333975760245,106.39981959599376,94.81100319558804,65.52606559124557,143.39053044534978,True,0.1953170589276685,6.726994128788177,0.9838510544421981,1.0691639880052215,,4.547558337724237,0.642,24.0,24.0,8.0,9.0,0.1885,0.2945
Resilient_def.db,64,77.71590824888524,24.666911117988125,83.26503941026141,34.627123404755196,132.00097758111792,70.85238371874959,23.896270272469323,89.04989781066786,57.042084491991055,54.7103089239936,63.66514170580388,44.03674895313393,32.83525203646713,119.44355186759545,11.632833760507276,16.84881308132995,11.952055039656962,8.32013971610083,50.88914647767058,31.653386906466373,17.09199441347978,20.703174764253177,20.854005188467443,91.58762645330941,30.990108360782255,23.993144470119113,24.196144558702606,163.63669467782285,True,0.012464134745239636,3.9150954674783205,0.518360114873677,6.121311799564555,,4.192450148963184,0.7365,18.0,19.0,12.0,13.0,0.529,0.182
Resilient_def.db,65,11.691851590374867,59.79900249514851,14.284626441974027,40.10026260315043,5.305604884832737,24.663746488358555,71.40737438412572,10.012162079705806,20.39535859016547,28.033552836154502,35.65817600509245,47.606506281881764,60.670910054387825,58.053783139028816,83.45208060657343,86.48123342660095,88.60667143315521,102.01172742046779,49.20944708686986,59.24353468611691,67.81281298687668,65.86769741526953,121.66248072518768,19.431949310759435,100.08988657804016,102.29773271126258,62.295398135188705,10.576694422212455,True,0.28206881786934807,6.477090171470391,1.0226839734401598,2.715692025069022,,1.7374193298076421,0.8685,3.0,3.0,1.0,1.0,0.062,0.74
Resilient_def.db,66,44.14583121945043,116.79127316155,44.59612015780756,85.78681838499705,13.243333701265323,63.43090700891034,128.02437213395928,34.61818839139018,53.598860396925744,58.890817151246004,75.75081217320557,97.17883296713595,121.75975195480417,88.36824109293235,149.47611177556007,154.8310030527261,143.87893736491765,174.72049087457532,103.86646764793645,117.35588931910803,127.12542818639554,112.12101365716046,180.64954448412493,45.49096851516995,151.38550704761386,158.62611986151404,110.74024544156843,9.268048575163403,True,0.15038426723357895,5.666588682043754,1.377205913238663,2.1751605211104357,,1.2503230812705943,0.97,1.0,1.0,1.0,1.0,0.0265,0.9605
Resilient_def.db,67,63.8735992486977,18.34613869271236,69.26048598414245,28.61613565032075,119.94083884704523,59.396928781696495,26.808535012993758,74.35802155495948,50.24073593265126,53.85114441656569,50.653840355961535,34.582729653583655,19.129957519956662,101.18383194942905,9.607725913003414,16.895672021604454,19.0373722924722,8.984836097145752,36.40315819206373,25.98055738094143,14.43408381161545,23.05590394659945,35.416503582600185,77.25250849993282,44.19735410954371,35.53523982323962,27.531554782333266,150.6519823843075,True,0.0172423065240091,3.2981379048867883,0.6489197481598143,3.39951023427182,,4.375411056721744,0.7025,20.0,20.0,11.0,11.0,0.4395,0.23
Resilient_def.db,68,58.6098296882698,139.25859495500555,58.47850478095533,105.00502712167672,20.80257337023183,79.43523641864849,150.2194009082206,47.405124606283664,68.89150832537803,73.97834209958266,93.34781060375813,117.61915348130215,144.99415411892403,104.09560257334968,174.97607306528022,180.4043511081444,167.6297509960657,202.64348404551157,124.27778098979198,139.31398837338236,150.55140560875776,133.247745366152,205.20634899884092,59.53581725653797,172.96865323116057,181.74502253717836,131.85974543941188,14.694745128536445,True,0.19551328397726161,5.962707891555153,1.3101354150459605,3.054596824760427,,0.0,0.9995,0.0,0.0,0.0,0.0,0.0,1.0
Resilient_def.db,69,31.5419936871524,14.147730944535919,36.38898063630449,19.888735509970942,79.68009954842051,31.79784733347911,33.6748992266505,40.85690255119498,32.60858882649852,45.32093595238792,28.181082465503497,21.185337851754518,5.094536335197315,69.13363959461262,17.277348614672608,24.287763442139102,41.09163055749715,24.008423009757937,13.564905339063847,18.44140118603625,17.463973652264713,34.671534092624725,68.57319962592845,46.77313503550373,68.58478570478786,59.92221959496531,36.66489895342433,105.94242806864705,True,0.26219172949720687,6.0027792615684215,0.7936830762208759,1.339366699784191,,4.170444249147314,0.6845,17.0,17.0,5.0,6.0,0.2185,0.3105
Resilient_def.db,70,12.920275865172481,59.62491091154751,13.958098829757187,38.48623939707401,3.032250502444045,25.845412353421796,72.16469375945793,8.760105054302201,18.700668496465354,25.810866484522297,34.95175372936241,48.80205309416791,61.40646773340062,58.21625550935763,84.60594649274695,90.4771227291016,87.29247446224487,106.55542951991733,49.10270011730314,60.35709356848501,68.20858259683276,62.344552434513865,119.57091228916295,20.469606819208504,97.36115244538189,101.15580189977638,62.341958335430114,8.978882668483951,True,0.045128364484253475,6.4643268162325205,1.4925196317528848,2.009831019830502,,2.079476455897604,0.9145,6.0,6.0,1.0,1.0,0.0705,0.7165
Resilient_def.db,71,77.5331715266932,27.703697499201827,83.59516944842898,40.40201562575807,139.70478899607085,73.63727914694441,39.47533309194304,88.39661150731412,64.96600206571651,70.55641889379964,62.07517362435141,44.97537997910857,25.15305955594795,112.50675171999636,17.49479467654124,25.875701478205745,30.10944565881485,15.443624636044742,45.7735120592141,36.92352822693303,23.908049938024085,34.952231795187274,48.85351159692439,90.53307962385789,59.963170865057606,49.31782048187167,40.44578190271646,171.63571410988774,True,0.34529264643642776,3.6317142643480986,0.8245627044064775,3.4962706917604143,,4.240121172939489,0.6665,22.0,22.0,11.0,11.0,0.446,0.244
Resilient_def.db,72,81.00774692766501,41.870784072196955,85.53697890586358,57.63153396129455,150.03419623870343,77.84414939938209,73.41717095396325,91.8655779293995,83.31993359110602,101.50923422500298,63.632401036847654,52.446712534609844,24.764544512740294,103.04013052405423,40.37481367692778,53.12398539235829,75.53976663263589,44.49678900337653,41.48986638871565,50.547410865254825,46.171762149668155,70.0335525551836,107.41967709987136,93.80366577442118,116.67566081072226,102.82076451882944,77.46204821283166,181.83976044118344,True,0.12174002746979973,6.692017366757206,1.4754698951564476,0.7912405275557578,,4.3377395679620365,0.597,25.0,25.0,10.0,11.0,0.24,0.2275
Resilient_def.db,73,2.96494189459081,31.42888613204068,4.88508203725118,17.35561333592319,7.804364698155906,12.48845879432734,45.4204280144999,1.7787215612713185,6.501809658060538,14.022064417880095,16.980302732438332,24.954814647456228,31.613341514469266,43.479205341717055,49.97186324880789,56.65784466070102,56.00463156342994,67.05754647897604,25.722469535568177,33.910227925517816,38.08216914035801,36.11777187787863,86.82425927959996,10.464879243129856,71.49839799909951,72.06675315697093,37.155746330678824,18.228219947396685,True,0.12323113346875789,6.423929164778758,1.4848009294177464,1.7338752418331989,,2.499538284866747,0.8555,9.0,9.0,4.0,4.0,0.1335,0.636
Resilient_def.db,74,30.213305997851556,93.07998124345428,30.64283977616696,65.7188277640455,6.3336256668810655,46.19323724409064,103.75425358400942,23.037650252822132,37.99364540599695,43.17005690506109,58.008171629074084,76.26226495176225,98.22840038502439,74.17123922531347,122.8438986247169,127.92796890947463,119.65553075177759,146.67891567003315,81.53909589676141,93.07306777377711,102.56106556053848,90.52022658703827,153.68368931731754,33.53371101881658,127.00974924523975,133.37035437190988,89.08279390266523,5.738126105163094,True,0.14599369654807262,6.360995017468057,1.4875006025968742,1.8698165279377401,,1.1169732598597417,0.9545,2.0,2.0,2.0,2.0,0.045,0.8555
Resilient_def.db,75,58.6098296882698,139.25859495500555,58.47850478095533,105.00502712167672,20.80257337023183,79.43523641864849,150.2194009082206,47.405124606283664,68.89150832537803,73.97834209958266,93.34781060375813,117.61915348130215,144.99415411892403,104.09560257334968,174.97607306528022,180.4043511081444,167.6297509960657,202.64348404551157,124.27778098979198,139.31398837338236,150.55140560875776,133.247745366152,205.20634899884092,59.53581725653797,172.96865323116057,181.74502253717836,131.85974543941188,14.694745128536445,True,0.2028996583109708,6.8537378764439225,1.341477218129156,2.0746803907731963,,0.0,0.9995,0.0,0.0,0.0,0.0,0.0,1.0
Resilient_def.db,76,58.6098296882698,139.25859495500555,58.47850478095533,105.00502712167672,20.80257337023183,79.43523641864849,150.2194009082206,47.405124606283664,68.89150832537803,73.97834209958266,93.34781060375813,117.61915348130215,144.99415411892403,104.09560257334968,174.97607306528022,180.4043511081444,167.6297509960657,202.64348404551157,124.27778098979198,139.31398837338236,150.55140560875776,133.247745366152,205.20634899884092,59.53581725653797,172.96865323116057,181.74502253717836,131.85974543941188,14.694745128536445,True,0.1653033371243049,6.9775036412863916,1.3629238204350043,2.653659819163586,,0.0,0.9995,0.0,0.0,0.0,0.0,0.0,1.0
Resilient_def.db,77,3.744238393639351,33.563981069598235,5.2350041003347165,21.85916278349383,13.173493775568858,12.919064495070856,55.35335667793513,2.906544639942722,12.855241043607617,24.712466861541756,15.087199082743787,24.10562764368704,28.672183347313325,35.77360967811847,54.16556426613925,62.65800045648709,68.41899303487136,71.87237576059478,22.70202719916545,36.39149929053681,42.77792446575991,45.331032240133545,104.35545602727439,9.238976697656605,90.09888806246833,88.77964373079286,47.01522309136442,23.097185054246598,True,0.19465149046669686,5.735824491351826,1.1967724652413927,1.7478923918240565,,3.3404378511623163,0.8135,10.0,10.0,6.0,6.0,0.0745,0.6445
Resilient_def.db,78,1.707814988884782,20.70013244637827,4.266520465155125,11.100279099136834,15.947801174246127,8.8091329928975,35.78991648870168,3.1833362717554934,5.271473181458972,13.831347880701834,11.940850052011118,16.451644264750822,19.18410853016152,40.710356709856995,35.958212103663236,42.31525409534076,46.185188248714375,50.417577567332515,16.00041639454999,23.162720680292875,26.65634551760938,29.195306848711457,76.23659440703648,10.477220833348543,64.2938519153807,62.805629145714455,29.81431850914693,29.402242846571763,True,0.18040776363744904,6.8616232721576065,0.8262474376199787,1.6302728616028686,,3.2040045698750337,0.814,10.0,10.0,5.0,5.0,0.148,0.565
Resilient_def.db,79,15.74256529623777,66.05253520060893,16.8721398802946,43.600174376808354,2.916640238640992,29.82301131011011,78.4106459406182,10.670223807846305,22.1379850109439,28.639208114962045,38.7487965798881,53.39385667068811,68.60020685309715,59.19903448904404,91.7228658070026,97.54526729570539,92.41832364852833,113.22266073037372,56.26422156411994,67.19569935130237,74.60612290322481,66.70333722209263,125.75088970674067,21.039981415689276,103.17463243678343,107.19992612450986,66.39758309232565,6.6663148606428475,True,0.20183045736238794,6.660759472693403,0.6578774024523387,2.0370073042206416,,1.9553307873463952,0.9155,5.0,5.0,2.0,2.0,0.075,0.7785
Resilient_def.db,80,46.853879465262956,22.44199939457551,50.1476955051935,32.773589392885846,102.47877702644942,43.99881480356392,50.80146105800395,56.3719960698962,51.02856210911517,67.08539959176586,34.96010837435037,27.46132336426615,9.86837602945758,69.23374826235784,25.997083724421756,36.86638300649597,57.29382218267005,32.988976347929096,19.408080334406606,28.145656776981557,27.887139250020752,47.77399300778903,88.29226302919815,57.884731313261945,92.32152120050056,81.74608860776326,52.60528661762524,129.2962395557072,True,0.22359483244387204,6.6805161875395696,0.777608675517218,0.999030702362058,,4.2813231502564175,0.648,20.0,20.0,11.0,12.0,0.1925,0.2705
Resilient_def.db,81,82.96528341964493,47.240438408397274,86.81605991796405,62.418846727880094,150.1603116130282,81.22322271290088,83.64132267282699,91.60320156069551,87.61761345717757,107.11607527405279,63.66313097679787,54.54008591667811,28.578639871692864,96.1808479466884,47.748580587499816,63.04628345495619,83.45876566070677,52.47393982551036,45.92062337896872,57.8356249433194,52.93097475514454,74.54156657566892,119.52171723383738,90.85659637898799,129.45323451563092,115.18786477939457,83.87986867092964,179.0748243719857,True,0.12026620849683659,6.975597809491125,0.8574465175670295,0.7971001642360991,,4.452537184189317,0.589,26.0,26.0,13.0,14.0,0.2285,0.3155
Resilient_def.db,82,12.822296636245998,58.33567008316173,13.957386748936084,37.203047517864725,2.5686312827789224,26.080664458292294,70.55369476618428,8.003769545698955,17.772110100326728,23.785570166845723,33.59318977064155,46.94693751151464,61.247367746562716,54.93728930640656,82.39828206708204,88.74535360807877,82.57251864744966,102.95697501148457,50.477022437470616,60.17526544080887,66.23181508061225,57.998382095760256,115.07953937834274,17.75181198557516,94.18170788237185,97.79255614277174,58.428066119899846,7.276850755260776,True,0.1677721062313695,5.122141804697527,0.9855092074419831,2.1187334133897044,,2.3049360818143474,0.9105,6.0,6.0,3.0,3.0,0.0995,0.7615
Resilient_def.db,83,105.23049523414898,60.62752625726358,108.62716397171657,79.18657438629177,177.39797057644748,101.12518439089476,99.20355915930111,113.98291942260045,108.97151861776761,127.38714172118667,78.65816471557022,66.85591864984441,43.30410279653578,106.06336719109919,58.31763117201276,75.53919461170935,93.14538372598602,59.676069412489646,64.07149507030654,73.25214782401467,65.41752645558128,84.91329176021915,129.51897593377595,107.18393598778667,144.5667428391224,128.91970003320478,95.67103680183249,205.3706367124165,True,0.08858173576801713,5.147121674496124,0.9980210256798445,0.5100229923769295,,4.228445371519121,0.56,27.0,27.0,20.0,21.0,0.28,0.337
Resilient_def.db,84,3.2710162230833686,31.09304406628066,6.274758567266567,18.502431575848995,12.75978167528953,13.202531415371906,45.81414440915121,3.8472865275517725,8.604309843002067,18.146318605331558,18.873461649023938,25.99393406374363,28.229902359150813,48.3503123256075,48.93786244334677,54.35503591854782,59.25295215166134,65.33735935441534,23.17655196634449,32.861661290895015,37.93700486107779,40.8845758988401,90.90034077790605,14.065938464590893,75.4642371561372,74.6884355406105,40.61921757487892,25.163359512856086,True,0.09631032738032112,5.722876224301398,1.4982546068414095,2.211041145095723,,2.782592546126909,0.827,9.0,9.0,1.0,1.0,0.1115,0.6075
Resilient_def.db,85,4.97521259851612,22.734580795253784,8.416228161387547,16.28075566459544,26.27742205346754,9.613882278861416,38.149854786380715,10.814883228126808,12.190232246750842,23.420427807773983,16.718730742362162,19.179367209291055,18.308518140609355,48.97694926539773,37.50570121200632,40.777307440946714,56.22203726769749,51.19405970066488,13.308550550344423,21.780829851300773,29.373539184760077,41.0744602316374,85.52288383803752,19.132607470951168,73.07909530892002,70.15889509914544,38.05595769696043,42.849074919982954,True,0.20887384508986193,6.234797448129268,1.075101709127161,2.06324415106712,,3.2468782934644977,0.774,8.0,8.0,2.0,3.0,0.0905,0.4495
Control_hab_FINAL.db,0,66.37238140863356,24.938292780053487,72.77685963285032,27.71513332603275,106.94238001615243,60.641051641933146,9.33786884647695,78.79340072905903,40.99959329811436,33.27743593355731,65.44363496079198,47.0115684531539,40.52733990414651,132.88207213678925,13.234091396215273,11.6102637507963,4.414750344570075,12.463466212826042,51.478755025841764,26.506384332566274,15.124852329595774,16.426653630767486,4.5840747856489825,89.59200098873926,6.353469314287378,4.106543331839547,14.490743268460795,139.05408183207024,True,0.7,0.36,0.45,1.37,0.64,3.9838932553744257,0.825,12.0,13.0,3.0,4.0,0.524,0.1155
Control_hab_FINAL.db,1,110.5858545249686,48.77889195103687,118.86562990957748,67.7410552488786,187.22770909017777,103.81176859961668,58.977972897308256,126.94564934792893,98.5437327895954,105.42920647233234,93.30732293847127,70.13237572619326,43.629840997259905,150.4007116577162,32.8321455056902,37.997236656813925,51.835103127217664,25.593619012582927,68.11886819622137,56.498219028232924,43.12233500570296,63.22574960057827,68.32219938322578,128.4584773798872,83.25328465563976,69.31953113594591,65.53810083619419,224.27424345121858,True,0.4819194869333162,1.4655484221976904,0.9829901468466027,1.321123346675184,0.5886885248132862,4.580632512372248,0.594,21.0,22.0,9.0,10.0,0.463,0.1325
Control_hab_FINAL.db,2,31.240203640953183,5.676588986367177,35.49461844391373,11.294833662738693,77.80338621920565,27.321448843453332,15.71043811148516,42.44291554188957,24.872393123508196,32.510600097564875,27.712130328096404,17.66423984428134,3.647790605792912,78.0434599844438,5.704993258171995,10.302255966635476,23.345489486892145,12.614306294264678,9.869184746815067,7.448516758919177,6.221171434959124,21.19010272751261,41.33530352802613,51.40238725154741,40.84470520590383,34.77380921627718,22.111976086474396,107.68813188669387,True,0.4570067682396939,0.5095417134150473,1.0668972811524777,2.312406731156579,0.8212386121401327,4.4560524329528635,0.741,16.0,16.0,4.0,5.0,0.272,0.153
Control_hab_FINAL.db,3,42.89811592708968,62.84650603639754,41.80234722939943,51.62225100740248,47.97911822967523,35.87088882548608,61.104274962729534,52.75649493065989,41.68229710830877,44.736622400475106,59.44628283615636,61.9187838550224,73.98042095901764,104.75038139178729,81.38857950699735,78.43701187630192,94.19438861821095,103.95670425247951,50.152793147912604,50.14923700032182,68.87247982116376,78.7924508361678,104.06280565673265,69.39169757180053,82.16154287937086,88.63790242267089,70.74699891158893,69.02628662545123,True,0.8791376496515115,0.25831974146932823,0.24242657493569314,1.8590617953877588,0.7562331239379085,1.3728958050207676,0.9535,1.0,1.0,0.0,1.0,0.032,0.0175
Control_hab_FINAL.db,4,110.54046715318297,54.51242216211154,118.44137681151142,74.0237861616483,188.0986157080786,105.18554985096571,72.6281752136596,125.91010108553498,104.49023702575553,115.3768996022477,92.17744858036642,71.50818383772275,44.64225551045993,141.34737679655825,41.80498484475896,49.02828504985465,66.93727191019494,35.5297868846974,68.92193484421531,63.234682939785756,51.63065129755461,74.04235427664656,89.91508308150654,124.7371411045948,104.98372197340028,89.58209861292886,77.12627748466898,222.64194342946422,True,0.6268405768808398,1.4977895524745917,0.4401146509830596,1.6063972501482668,0.48548753711659454,4.6957283227382876,0.5595,22.0,22.0,11.0,12.0,0.4045,0.206
Control_hab_FINAL.db,5,71.69785872001695,27.518044888486155,77.930246676033,30.964927427120998,114.59624751288703,65.56592300746577,12.49485853430204,84.51759285144288,45.432924604329266,38.97303497204046,70.75253430961777,52.428903659857454,41.36423861571661,142.78062003016814,15.803675573216996,14.655759722066314,9.413600931794921,16.88950098985537,52.05631215117514,28.81820627875197,18.125857038534015,21.737819055477278,8.763659739938126,98.77663293356714,9.92635245690411,7.723449297153967,20.8540165190584,149.7327276289646,True,0.48180605759453005,0.5634235446541921,0.6048924277576747,1.4970607625722383,0.6429580987761763,3.482040808708512,0.8345,14.0,15.0,0.0,1.0,0.5095,0.043
Control_hab_FINAL.db,6,142.60402345342533,77.42647841539765,148.16604084524278,101.45686442750282,227.7374200864049,135.2391947348892,108.02326297546472,155.71872138983315,138.76750395659874,153.88047527357563,112.65561987362211,92.80884161862832,62.47571406782927,153.3500783314073,65.63333085313141,80.09620332280136,97.70269636963775,61.013167238018966,89.7226309457416,90.17635870967939,77.31949093634267,99.71337384336856,126.3384792427673,150.326883849313,146.61348523863018,129.14124533216835,109.35917780717085,262.78503354528084,True,0.7652626356267975,1.4944263118551064,1.0482977650312022,1.0069825579573148,0.5150794591854658,4.5376914614230826,0.532,28.0,29.0,18.0,19.0,0.3915,0.2
Control_hab_FINAL.db,7,124.87245609817685,67.26719193335154,137.25564857307089,87.2098706590133,206.24384396754476,118.07839555945239,67.63005702015101,148.25705980518129,115.58934494905061,121.6556642362181,117.98485598234569,90.17038876901395,62.553798132480864,183.99833462555426,47.77607931218236,43.17314566873708,69.52767957927702,34.767255869695155,86.12522369277806,69.24267586321098,58.95888302227855,89.04663980944052,81.98743785350261,151.45683650409873,94.46381239070945,79.02278931838104,81.26776911364051,245.2122405298261,True,0.8425442921497006,1.0698809622745895,0.5795534244662978,1.5778518251371965,0.6795419296264323,4.561488801978352,0.536,13.0,14.0,2.0,3.0,0.4435,0.081
Control_hab_FINAL.db,8,96.08275059325638,39.3633182187338,105.7276179280094,53.41532033053213,161.1369145315299,87.95462341583459,31.27612048671258,114.80501159229445,77.60503789550111,74.90187700430795,87.39245675155307,61.12181285229161,46.971537613417944,150.8011539759416,20.44526484262127,17.523660089655138,24.82857457904688,9.368201346535816,67.41266215243468,42.329776256682564,28.697522687547263,42.692951263271496,30.41135778088099,116.40636681971102,41.79395022311099,31.73557165638869,37.62764554874705,195.65750813515706,True,0.8040564044941596,1.2457011214338496,0.3552131375970685,1.8355831068259476,0.4668502405388162,4.241794448395471,0.651,12.0,13.0,8.0,9.0,0.5395,0.125
Control_hab_FINAL.db,9,94.36400782361008,40.01097088983458,99.48085184138371,45.39489228479706,142.01056524886525,88.35938365228675,29.89215729485215,104.77053251483616,64.60857125757228,59.67404945023839,87.13526536233647,69.16693028634533,51.03816015895633,161.59078291963388,27.17043208292787,31.1771232267925,21.401063741159323,30.470282667287464,65.59509334218617,45.16600560584879,31.07088668809512,32.803329106009116,21.8720976824431,121.24694200740076,25.883645952328276,23.078880392336433,38.13966581098656,180.52281886366248,True,0.7014357169697,1.0153258363832731,0.6008364793532739,2.7377800218005586,0.718875428719246,2.9434395597198626,0.848,21.0,22.0,0.0,1.0,0.5415,0.009
Control_hab_FINAL.db,10,40.024192494371604,24.134958646986806,43.042947831097656,19.142014469028446,62.18133436667395,34.45966522394848,11.370105541716711,50.131733944044655,21.47636754644141,16.491195639250257,47.61471962471134,38.51735320587406,39.8685142168679,109.06784708965809,24.92337768299347,22.97165431982227,20.843569780298388,35.163687015012066,36.018691565864444,20.10104826787178,20.149885493127428,21.85792025039307,22.91361171865986,65.914216599507,13.654570642867734,16.44752547274931,18.448908033824853,90.20124251984934,True,0.6719803631822484,0.23300679925710693,0.4519197422682978,1.0193509154259848,0.5711608594659034,3.0166765301261345,0.9145,8.0,9.0,0.0,1.0,0.3425,0.0685
Control_hab_FINAL.db,11,49.80421154389097,18.141561691591733,55.33016322787458,28.622442312053185,108.25681679669049,44.97509761538657,32.47801421181388,64.14317316707708,46.95185313354821,58.86612675087416,44.531271720090004,32.06943577383651,9.975829488593035,97.4556547992871,16.206968498360155,20.334355122136714,43.380434200980396,21.31361169604586,18.89649489983558,19.59077207554916,19.354837769000532,43.21183417786092,63.638461920396765,73.42678840520854,65.45119194069567,56.159401068070835,43.32872075746069,141.96254060155815,True,0.49414133535045107,0.5737254457393999,1.25058759366534,1.9425803961623207,0.7902575397369637,4.444907787942838,0.6755,17.0,18.0,2.0,3.0,0.24,0.0865
Control_hab_FINAL.db,12,21.028338564697183,19.828947053463768,22.28592059857359,16.053965868168355,45.45708706213889,16.17273759132579,24.4325608010967,30.85153307210713,17.09077593087752,23.143063651991554,28.592855757471362,26.053466965373005,23.48164819024855,77.94959860145981,30.264309841418054,31.640104706288746,46.040419869424554,46.94853039316005,13.727366591106628,14.270352784046953,23.712190843818398,36.24719741250164,60.103371266079364,46.05028758357327,47.53383828127494,48.290640797132845,33.58394840677025,71.67146823145133,True,0.4387106483218424,0.3388845119102189,1.1114034046785615,2.372174393272936,0.7860285496695887,4.041510121155037,0.8635,9.0,10.0,0.0,1.0,0.1355,0.0685
Control_hab_FINAL.db,13,25.69355481556952,13.093439013364089,28.862904193626328,15.59585998394728,65.00680664828717,20.42571105595237,22.00595004631467,38.38588860151382,23.52371231008107,32.81040683623958,28.932624464023988,22.28884323142277,11.114966285537378,80.26168243105349,18.925415135339893,20.579539252281155,41.68821934619876,31.06701640711295,8.028107116686595,9.39675893031154,16.338017003366684,35.89376599855959,58.42240266918009,51.513834902652384,51.12796053988299,47.552031828180425,33.2588867078671,94.75610359829545,True,0.45982365063872943,0.6217463156388423,1.2193762137164919,1.9532390016173262,0.8399363175769754,4.504162182514252,0.7785,12.0,12.0,0.0,1.0,0.156,0.0515
Control_hab_FINAL.db,14,32.419030864619,48.74827274559914,32.568694362668246,39.810833983298004,43.439683978229276,25.992594663663414,48.2579323763847,43.36142913412944,32.309635493051864,36.4864849872917,47.927120193718444,48.50636383704777,57.51107924342857,93.38458046459132,65.01763619596238,61.7576950687301,79.9589066248842,84.73442571929009,37.153713510628265,37.015154832655156,54.13940231970656,66.60182848145269,91.39583698327594,58.58487223032825,71.80912668070296,76.21233972846947,58.11833936786701,65.2147098305304,True,0.5210169065343753,0.3279973076536333,0.9332360395997129,2.9328385635216683,0.768599266277868,2.127082833385562,0.9105,1.0,2.0,0.0,1.0,0.0475,0.043
Control_hab_FINAL.db,15,97.76317391804483,39.606217068653784,108.04331908632102,52.58147026858259,162.42747754854219,89.36879256159307,25.497510697109128,118.06622173018454,75.7191487910599,71.99647089406898,93.68043702203434,66.70679518678214,48.216062597458674,168.24820948870638,19.66964703408279,14.146252435096885,23.01325683871023,10.36361250936557,66.94823974138393,40.33124429048054,27.800525177040708,44.11796209050023,23.59223094068484,126.53638546546313,32.041672206920005,23.341338812939448,37.790243591578815,201.32895832007185,True,0.4410045888968555,0.8940514028270853,1.2638697797245038,2.9909315850921816,0.8486947143683224,3.7079354673773812,0.6855,12.0,13.0,1.0,2.0,0.5385,0.0095
Control_hab_FINAL.db,16,66.18179756442176,26.120899165504813,70.12763624865627,27.8732167115418,105.1077703659143,61.01035595145322,18.245638112565185,75.470268154398,41.42857618741602,38.01749565204805,63.21635138134576,49.647439572159705,36.82563469819617,131.56306440592644,19.281376196578652,22.838421470560654,15.921769849848435,26.34989334272487,45.09729629870077,28.95432928996413,19.99426172886715,21.8614865755075,19.04925890623833,92.0362693157234,18.386461208426613,17.288375426216938,25.68217338495896,139.86408978115188,True,0.41834817394414137,0.9861464119798868,0.8658277489072935,2.737447726308454,0.851347803225082,3.165036139125955,0.8705,18.0,19.0,0.0,1.0,0.455,0.043
Control_hab_FINAL.db,17,256.6283073315059,175.7776301188318,275.25965297849535,206.52819816516083,363.3325579731331,246.75877417430013,167.11655604223262,290.07425212430996,245.45206238174745,249.19109898099995,247.62658022609037,205.65950657343498,170.9017134504045,324.19189058231643,141.28120834981357,128.3961586568719,165.19234743008695,112.04610384188113,206.6846095386416,176.9189865591972,160.34152054309524,201.6626436953166,172.47114485829084,287.14624500396354,194.7677049914213,172.46546921362082,185.5961349791664,408.06450825506556,True,0.525523605739954,0.9195833958975045,0.810675943176874,1.75034625338521,0.88426714959193,4.105171860655004,0.3775,9.0,10.0,2.0,3.0,0.5765,0.0295
Control_hab_FINAL.db,18,25.51391658216137,11.19714769795634,29.523393798169607,16.238911866262924,70.27237184714599,21.378330301404766,25.151896137193276,38.054337251649265,26.776856923287333,37.89342054881051,25.34137402492417,17.63188203927218,6.121412615015444,69.82306305516306,15.741291184644084,18.749145995058775,41.11896548429323,24.239456626021088,7.377583939178407,9.889725999653912,14.636239205892238,35.07392070276684,62.762612774419544,45.813553231893906,59.22643247433413,52.86340838879249,32.85134239883004,97.8331021375098,True,0.5569505139180873,0.3270151663311487,1.142963217197962,1.1598987631528672,0.8468597234522456,4.781720537000216,0.717,12.0,13.0,4.0,5.0,0.169,0.156
Control_hab_FINAL.db,19,17.386599793344132,21.519812636677223,17.96689941090879,16.858541717652457,37.60672739699993,11.172232129737427,25.84456549834835,27.522507277835164,15.733705695691302,20.735882412465166,25.186609230250316,23.229052300158628,27.787984372151175,68.4497494939917,33.77817084981466,34.12610750442987,49.00722742481918,50.04378299024827,14.937525958972252,14.400158704179574,25.981589407876243,37.32106773472781,63.214192065376636,38.881707640578206,49.938223122469466,51.48005297346904,32.54554894705573,60.363393979911976,True,0.5113987787750952,0.22573139357224464,1.1170934958297327,1.1391443056104893,0.8485970105196828,3.044843391043759,0.8645,6.0,6.0,4.0,5.0,0.115,0.096
Control_hab_FINAL.db,20,191.8358577059136,127.72048445574276,206.89333954312124,154.64225551246994,289.2565835295685,184.24364248821257,133.009989517122,220.09086712178123,188.90626724154092,199.39388371121288,182.57895368294737,150.12921827345775,116.32654461100172,246.90642476576943,104.33822579659667,97.64970806039845,136.90796219199768,84.89406113153703,145.18027464805658,129.58219927012348,119.33782624413708,160.28062883034653,153.6600284738968,218.5181986777788,170.98232023819494,150.1908888163344,149.05448706466763,329.9928025623539,True,0.6781710758082168,0.9318680109180584,1.1557744712311235,1.0831280431502261,0.8237756663927946,4.2120415558837765,0.4135,12.0,13.0,3.0,4.0,0.4255,0.085
Control_hab_FINAL.db,21,63.82112172212151,17.895439981361168,70.75705679360776,28.252739267302037,122.07899219527194,57.65289435955329,18.082914730308268,78.98226090277852,48.626220992018794,51.62077783262957,57.76531010950787,39.33493294594042,19.532434745472496,121.66855914617919,7.538273981777986,8.914900144241969,19.26268623726497,7.285041331828062,33.454502043698824,20.453879120668663,12.599515334917353,28.508866961021575,29.131721443106194,88.87140552833453,34.13080056246766,26.32184070800978,28.01847613877245,158.19817214165695,True,0.7528230955751021,0.5976851695119589,1.2344906979015524,1.6158717631714077,0.7054795692473578,4.420275673423168,0.7145,17.0,17.0,2.0,3.0,0.411,0.058
Control_hab_FINAL.db,22,46.19012118088136,16.802800145018573,51.388259053076915,26.61802481442198,102.85400815093163,41.303662397038394,31.402918366401863,60.35598102212102,43.90208032165953,55.93733839170467,41.58546083784203,29.960100675390983,8.882967234343532,93.7375289699176,16.01067173910519,20.090117260982893,43.43303427189555,22.04250017084074,16.448566097733192,17.78255042422645,18.54336968352679,42.30180811951068,63.86091462145697,69.80200709704138,64.75071684959988,55.93535564390331,42.19343562965864,136.03176767443696,True,0.5710387823692453,0.6303191458459821,1.8394248747028845,4.914122723755026,0.8942857914698545,4.126528675430244,0.6835,17.0,17.0,2.0,3.0,0.225,0.0845
Control_hab_FINAL.db,23,100.73097302971169,50.195150124890546,111.55355817695315,67.84463466745854,175.24896184257187,92.81840133189056,50.92237823749023,123.2607971598824,93.05982953666631,98.70424877395781,94.7868255378196,69.41968719654712,47.574848764849534,156.45262449315362,34.37062911200336,29.863787513292106,55.92166606994649,24.118971835813824,66.15135646635609,50.40864010991062,43.3977382606373,71.69690204750034,68.21213036807156,125.74572525875799,78.09775975643035,64.59835553236834,63.40142463398648,211.7323230377362,True,0.583598520369929,1.9223769348130602,1.6263131597709088,4.591733586971931,0.8909221614474983,4.15278273839065,0.568,11.0,12.0,4.0,5.0,0.401,0.073
Control_hab_FINAL.db,24,90.24795822948988,50.192957941426585,101.04505427404514,52.44780505588928,130.75025997747508,83.97278241255536,17.29623618301602,109.08209872107088,62.309817572005414,47.64516264081486,99.11365838483948,73.75722012698047,73.80249678391696,174.8360186743932,31.746604951923924,18.94066652560181,14.684433488104654,21.53371995388647,85.42398017029659,46.73730021628241,34.41790163862454,38.02145986003114,6.397574429387365,118.00630075404955,7.3984108098454255,5.015653088961769,24.948305194119587,162.07330869935,True,0.4004726293780357,0.08241493846133807,1.8637027532978687,4.020878065425757,0.33528170383136474,3.6850649989060766,0.79,2.0,2.0,0.0,1.0,0.5995,0.127
Control_hab_FINAL.db,25,52.63701403147194,79.77884032517971,50.14567731875111,65.63962699105119,50.289009642759936,45.7313106658831,78.51161661280346,60.7421669110272,52.26305088125984,54.89988181204353,70.52762097882267,75.94718773555121,92.54992135951537,112.2469527754983,101.90068061583356,99.663831356016,113.30119735380515,127.50640954359595,64.75531210031666,66.27660003924218,87.16800544937371,94.19158208740947,123.5322753121259,77.59151688299194,98.9599463948582,107.38800426298097,86.56515119058182,68.91195508528091,True,0.4110190033112623,0.10631395565217627,1.4717435400742183,2.3483401700312223,0.8788455604620307,0.2993819648399878,0.9905,0.0,0.0,1.0,2.0,0.0,0.034
Control_hab_FINAL.db,26,122.02958494012381,65.09592670247845,133.11552998589684,70.88693052234962,171.00004634362668,114.68674114989254,31.262642476539877,140.66755192095528,87.43260499661298,71.4392414100433,124.58761637154662,95.56456107101297,88.7463967221426,207.27777269951616,40.97749339064874,30.674310912267384,21.06615338895352,28.820764553066667,106.83192097319787,64.98088278720867,46.86228141722643,48.733831864193114,9.887467616117245,150.92114841281588,15.815493373379514,12.240800951368394,39.73316146775254,207.15342948472946,True,0.5822264886721891,0.6393085939573756,1.5332663553091668,3.5376373521416293,0.24581039320835069,3.678843231621781,0.788,7.0,8.0,0.0,1.0,0.692,0.0685
Control_hab_FINAL.db,27,77.04171313719404,36.367838569827974,85.00484715414453,38.10801711996686,115.77769833326164,70.10192048768813,10.663799097427422,92.71948828538507,49.080741028700196,37.487442123776304,81.74824500314017,60.37063885015945,56.91559148974812,156.14613695578495,22.036914992598934,14.655395017475891,8.874591097789134,18.554494335738358,66.06487390330133,34.32538688458162,23.76313985082856,26.19465438454713,2.73683717498338,105.03599422314734,2.6148765103001232,1.4934952079405,18.942657413428684,148.81371434516132,True,0.5688345119057345,0.6511456539118824,1.4960860776485267,3.221915559545312,0.20014441624123352,3.698066400227034,0.835,7.0,8.0,0.0,1.0,0.55,0.06
Control_hab_FINAL.db,28,48.81195825110315,15.204350020611386,55.9181567109532,24.389501959946628,104.67182312242056,45.37766338469993,22.11046537801684,63.001129616721414,41.581463067109084,48.351636956347996,45.04308691799065,29.937477779557312,12.49988065449605,98.97945792657173,9.228830350440063,11.072621095512668,26.363084738393308,9.38003885353627,24.97943487910738,17.83965744533439,12.763302696615257,30.882892146858,43.63508385604295,69.55752489601893,47.15791029444737,38.09273627154721,29.144617970216526,136.0807876162034,True,0.5565522488088213,0.6598343606536774,1.4590845041264393,2.3959034975499263,0.7343525072183248,4.387931533066859,0.6755,15.0,15.0,4.0,4.0,0.3365,0.185
Control_hab_FINAL.db,29,41.929570333821616,10.061935717198667,47.955197995855116,17.61911021997725,93.78758299719522,37.423793795901126,15.230757686685752,55.76284329474423,33.22537374067261,39.312569192733754,39.37570473817836,25.57143186570614,9.030674580752601,95.8565008858694,5.792100884018159,7.570553401625901,22.133487016851017,9.020870522466826,18.060903967161046,11.226723613407145,8.133887160822198,25.42266163707396,36.93948458799441,65.24460969209268,38.04812479833992,30.91045158560265,24.065032335945766,126.14998604633999,True,0.5247850563235567,0.613136585629226,1.3631601698829223,2.3894607226867106,0.7594372636857337,4.196439105269954,0.7175,15.0,15.0,2.0,3.0,0.3165,0.117
Control_hab_FINAL.db,30,25.69270579211173,38.65991644777281,26.112932876268186,32.159776754927016,42.877541499999,20.157008146253954,43.92766555152806,36.38493422626388,27.69566852168116,35.11749103056393,38.35410588537914,38.94778388888003,42.594635824403305,82.47012890286744,54.597927201339886,53.562155251183675,74.48210496350774,74.0746974480282,25.30032958776835,28.928942453966034,45.115143723420275,60.408746308771235,89.80183711705693,51.14182916261613,72.33876129137784,74.6342095755075,53.95126233609045,65.83566565731184,True,0.47651800707037006,0.5033351803634963,1.00018455150376,2.1651628859087837,0.7218000194499241,3.399424907157884,0.8745,4.0,5.0,0.0,1.0,0.036,0.06
Control_hab_FINAL.db,31,39.17961866438421,62.21064880952637,38.387040836264276,51.44693470643577,45.625682131910175,32.81296166059367,63.227618098823484,49.37341190642727,41.29462183487647,46.36421334317624,56.33031001882713,59.39039631916349,70.8054688074453,98.9857699201431,81.82188081028318,78.78636097534374,98.24951944865867,104.18628942777151,46.836856303844414,49.28401022932796,69.26253108401767,81.67859492369635,110.79136719074033,65.11356408111165,88.71061023441717,94.22503040154734,72.96498872884047,65.89305731421342,True,0.42247256877847406,0.42933513928087885,0.9287267688106411,2.138659614275792,0.6847243871707397,2.4587564996314457,0.929,0.0,1.0,0.0,1.0,0.0,0.043
Control_hab_FINAL.db,32,38.400888016759296,57.93563120788622,37.088059653867866,47.54356449598419,45.14310655737217,31.50336401125182,59.22574134597338,47.90135845356967,38.583156760275855,43.01683810891157,53.35305428303935,56.23107029607487,67.3034418260106,96.45995047370641,76.96388430148684,75.23108959781133,91.9427148852175,99.71597812010621,44.13580833135532,46.00337239275826,64.74251397834034,75.3770978764947,103.79643989821415,63.60506970934438,82.70204902537763,88.476903597193,68.25847249633091,65.97675451006997,True,0.5068475794948655,0.09717816250878641,1.1242332923065579,1.0513827207077184,0.8715981464703957,1.2565207187305292,0.9405,2.0,2.0,1.0,2.0,0.021,0.031
Control_hab_FINAL.db,33,39.39763458326625,57.94850919272105,38.95368512157865,49.43534415078528,50.639941601336325,31.86358569660613,59.650338903210034,51.07377392293293,41.65504111968531,47.48158690725762,54.99893977871096,56.47396294510096,65.44220476887963,99.27048719773059,76.11225812829694,72.80433440201452,95.10045663437589,97.44022716296269,42.61888102092976,44.880447340421576,64.80891352446375,79.9928339818966,107.31743922071746,66.51085838451672,86.66285219924879,91.15331968002076,70.94117269222225,72.66442405003484,True,0.5081287696561724,0.06957978549304122,1.1579368528042522,1.0202092556530487,0.8880001145072727,0.9328742245376056,0.9085,1.0,1.0,0.0,1.0,0.002,0.001
Control_hab_FINAL.db,34,13.538952529690258,7.365670707812907,15.967543126386984,8.836044866935929,49.00919466653991,10.213692315050519,22.295516915068557,23.13126467786205,15.47224536494275,25.446217890742446,13.846069645924072,9.533012008414648,4.777408658668187,51.70830498718428,15.644566193728416,20.214445050473422,37.37888314851169,26.646956834862472,2.824451843931287,6.344376868216293,12.030286116142994,26.852569769094895,60.33832816817097,29.296969145032435,54.771195117457964,50.4541520029554,25.74078363703075,72.31069560983632,True,0.5137981167294371,0.2710786108023444,1.1330153316250682,1.0607399508408277,0.8770575602821191,4.6664565822634785,0.7555,11.0,12.0,7.0,8.0,0.1535,0.228
Control_hab_FINAL.db,35,68.82915212938181,30.250911175819194,77.19968003888864,43.80143925224646,134.41966907029826,63.95300022878922,39.52767713176857,86.2494731475773,64.89481383152761,74.14561542848188,63.26344176344032,45.15454273474525,24.002463758267254,117.26451377263135,21.943234560700716,22.45003562216848,45.928610590431205,18.815446166082257,38.780365440425726,32.18792951705478,27.776042840236297,52.730967482778404,64.58866851802635,90.61943753322963,70.7885827634052,58.908914737510656,49.01675099563316,167.68167991673647,True,0.5101539965283757,0.36226904067388943,1.110303299031125,1.6251764988605315,0.8977283215188555,4.328612492476007,0.6105,14.0,15.0,4.0,5.0,0.3215,0.149
Control_hab_FINAL.db,36,92.00561275376141,38.82428242784039,102.36023061691014,51.989491169411316,156.7238930819282,85.84648666154386,31.130981082619364,110.58649646265582,74.78313847614017,73.30793551693799,86.19864851068695,60.888177650710254,44.41897463178926,150.9281616980664,20.644400773557194,17.18195184235686,26.18728318128624,10.045328323180994,65.0517031405363,41.781012081670575,28.540704892241315,44.03213133306591,33.24594218352652,114.0765675536392,43.263628555314256,32.87810114490664,38.518595619977,191.38946360827254,True,0.5018369703564513,0.417029959970486,0.9824945646096074,1.7203543892373396,0.8069550232367431,4.224612615986422,0.645,12.0,13.0,5.0,6.0,0.5215,0.15
Control_hab_FINAL.db,37,24.720288426754134,38.468045330358464,25.102374748252316,31.568823974357485,40.54292063876322,18.920734083510705,42.61796948356489,35.44381665494797,26.518254184007034,33.01697853135374,37.56920470237676,37.974643862690016,43.758558974619014,80.71097712115271,54.335011757854275,52.82371567178933,72.81800330812679,73.28441583238504,26.04928918824893,28.45150627927869,44.597190942649306,58.85848323009395,87.56027192942764,49.23149297631566,70.06910582393799,72.68090819131287,51.80045523162445,62.604835268399746,True,0.6047527765472881,0.44494023949297895,0.8646484751687247,1.6926982751816668,0.7823558340565524,3.18694619725193,0.8775,3.0,4.0,1.0,2.0,0.043,0.0715
Control_hab_FINAL.db,38,47.091407264556736,13.448110306346978,52.987335479539226,23.49876050162044,103.56298051039973,41.70157683894644,23.284361722780904,61.50037733914003,41.57553626525135,49.83187090265812,41.23993773292078,26.878802819258546,9.792631844774917,93.11577675001115,9.204275017341004,12.119451407585878,30.217792326328066,11.292193802365313,19.93247649309306,15.162156703641504,12.52615130473113,32.29920203850617,47.93342388277344,67.77617698794204,51.20945979177556,42.393946851894846,31.260670980826717,135.41778101887695,True,0.5970549385278074,0.42179691954963827,1.3105897071978523,1.0711866764769202,0.7779633920250345,4.870598118496645,0.6795,15.0,16.0,5.0,6.0,0.298,0.1285
Control_hab_FINAL.db,39,55.41179106031647,26.79550179133942,59.41077270044934,38.7525395223132,115.91761216929993,51.87549723050125,54.06704518961938,66.86612695089326,58.796327168238776,75.97018721326776,44.46610381973254,35.55372585656535,12.36929667837375,85.43791581503119,28.876341615714537,38.59649636841901,63.29171571371223,36.08551919805204,22.389493489160277,31.50824332360529,31.900987793230385,56.2121106083836,92.58299325562817,71.86243504969954,96.39651401123724,85.20986949129401,60.4786710870681,146.64404704439943,True,0.46208078222622556,0.4344781977165315,1.3795496757026062,1.1469219433289735,0.8875752099093883,4.427756144882224,0.6405,21.0,21.0,7.0,8.0,0.184,0.182
Control_hab_FINAL.db,40,59.148331836318775,22.4394128588603,64.72249639602279,35.0156657797378,121.97618818022372,54.17746434901083,39.67831686610002,73.22251162072843,56.30014736887411,69.05911992266307,50.214627904705594,36.79019119415935,12.700260542206713,101.5328255039453,19.10524360680151,24.968726166902748,47.47178675335006,22.932903548062217,24.568251846632123,25.743113838013112,23.589550710062205,47.53905126519183,69.33939741025218,80.6395708114656,73.8948459898132,63.24494016584654,49.30710320121331,156.10146108008934,True,0.4722103253365807,0.4024742767224771,1.2826374884148721,1.7299358832155716,0.8970441151258318,4.532060949890776,0.6525,19.0,20.0,4.0,5.0,0.26,0.104
Control_hab_FINAL.db,41,51.99576790084709,14.525174354809371,57.10988956854122,24.360741824912715,108.98727105421906,48.17220638206995,27.77812101193192,63.596491723061156,44.07415461253615,53.37460566991372,43.31740417258157,30.522574690307614,8.78942694719029,96.50021825064452,10.515411874243608,17.3287504524969,30.633458967835054,15.011232420856157,21.358388065193648,19.352443078455405,14.157488514009387,31.204445138564296,49.94364436873232,72.30623230846662,54.09703115813379,45.32402676982791,34.93161492672611,142.318725362503,True,0.477487589133775,0.6572483998755845,0.7988636380932856,1.844210814330368,0.7566456137572817,4.467586947336993,0.7,20.0,21.0,4.0,5.0,0.317,0.1405
Control_hab_FINAL.db,42,29.323657327295177,46.41922501841436,27.88231209951435,37.91080353102453,40.01981218927304,22.7293815981335,52.644665167586574,38.27065163682464,31.333301892490866,37.84031631963919,40.94217785042974,43.88595349086273,52.84935843756915,80.59123560072749,65.38128682846339,65.80125450660502,83.47337801989468,87.62616739488242,31.94026464465935,36.285088988556396,54.10775771819109,65.6834032565273,98.61976522608985,51.955915643782525,79.71098529077246,83.95227744077799,60.30811364686179,60.65550434688155,True,0.5101212543845934,0.15440685265589515,1.104869562378154,1.0597991981237174,0.7995122459003849,2.0784984344135315,0.9125,4.0,4.0,3.0,4.0,0.017,0.062
Control_hab_FINAL.db,43,52.72604966426992,79.81365554056866,50.23242998660555,65.6944181496961,50.41352635572207,45.79228485458343,78.53273403853117,60.85098824000251,52.340481442261506,54.97455379040508,70.60067585701589,76.00112278234229,92.59215621097081,112.35368138660871,101.92160779448267,99.67648278674477,113.3406736226205,127.52571962207672,64.78993706862698,66.29724184727334,87.19863522903283,94.2471342343689,123.54302427206841,77.70661636556197,98.97773449670994,107.4057923648327,86.61413981332856,69.06234540093647,True,0.5230304334423092,0.15479294822728018,1.065333231461587,1.0802053523624269,0.8117865651287198,0.289991693118382,0.9905,0.0,0.0,1.0,2.0,0.0,0.033
Control_hab_FINAL.db,44,16.622534962894367,29.22356403156072,16.382201038505215,22.28906855340392,32.38804567458424,12.32482348608447,37.666071450448364,24.768286248879722,18.30049218090343,25.713283548508358,26.305056171805084,28.102957301394973,32.901462851989436,65.70775259235462,45.662968606748926,47.545576549907146,63.44311426329322,65.28920516911647,17.55550484124037,22.183277257348475,36.05638753622863,47.296241838447,81.33236738477692,37.347296718719676,65.42928694012689,67.55576661129602,43.66164429919588,53.322629595050955,True,0.530843185313487,0.23370199497468452,1.1006266740106396,1.1053359200684312,0.817397439045523,4.004730059734988,0.877,6.0,7.0,3.0,4.0,0.058,0.1385
Control_hab_FINAL.db,45,24.99231570663474,9.561094151922365,28.66462647269728,14.554816815574114,68.61922280565781,23.229932856241795,28.186464894069672,33.75945157840444,26.28570279637417,36.60813183797379,19.4383131926647,12.427889608707567,4.706526805808339,53.70709193292937,13.504754815002263,20.601294358806552,34.15016189811739,19.420303120278987,11.0325325720819,13.22781853986578,12.752099365987927,25.928538039496953,60.69597641272383,34.921010475788535,61.323497332778416,53.78381267857958,27.24911381433385,91.28970534942512,True,0.8976020315534016,0.30303994792515987,1.1422652737446317,1.0126140600432083,0.886823796501585,4.712914239595711,0.6965,14.0,15.0,11.0,12.0,0.229,0.3405
Control_hab_FINAL.db,46,33.68382860868475,14.813563749109603,38.36469890045844,22.216892123493846,84.19352439824422,30.321611606090986,32.11502852919285,46.21741842703037,35.76537668981124,48.42531392502097,30.688543513082323,21.855685395065212,6.870084724711796,73.91555728681597,17.624102191039704,22.02256918442009,45.100853851867136,24.155588721703783,12.08355692701143,15.616369543990126,18.14443332681603,39.85755878703557,69.36505842542627,52.261709946081886,68.70278072906831,60.29397690138735,38.89894361990426,112.28265389393164,True,0.8836100781638423,0.3536475759493103,1.1332979229126956,1.051954651610374,0.7792917961581807,4.685536847411745,0.6795,14.0,15.0,5.0,6.0,0.187,0.193
Control_hab_FINAL.db,47,38.6488921759505,17.070885881937105,43.98229332470394,26.002860285280025,91.50271641989548,33.35862198573231,31.40546039940029,53.530095254671,40.4895334700567,51.67070456830057,35.47192060458684,24.055379176229312,11.22711267686826,79.3339671791851,17.80730952894941,19.859513600766164,44.93028831971701,21.556235309755596,16.524683027839405,16.46203918067882,19.152167180932345,42.36202120198543,66.93954858501131,57.35493636647652,67.42906826364623,58.57738240354241,38.68792488795485,119.71099394968479,True,0.8912863205615535,0.25546189039075184,0.8987765834937682,1.0206364486820336,0.8876861700158574,4.483916216618463,0.661,12.0,12.0,7.0,7.0,0.204,0.1655
Control_hab_FINAL.db,48,43.40573396832812,26.05622249597309,49.404094980332665,34.58109909551012,95.48561836635957,36.08945024575458,35.18167963962341,61.90119213151364,46.77162374275009,57.560136625728326,45.62849096200904,33.1187990276284,21.623054317600502,94.24470321727006,27.256199245355543,24.44396813303705,57.06368915983311,31.110202156695475,22.228793711651267,20.571415991918418,27.906386549341875,56.41242656799223,75.24494234581812,68.13814424919491,72.41260271741265,64.44811628965755,47.719054010227154,125.17340454950994,True,0.8871520414357152,0.2329252640833539,0.8134596387494198,1.00371450931435,0.8866104445745164,3.845803534984504,0.664,7.0,8.0,3.0,4.0,0.157,0.062
Control_hab_FINAL.db,49,165.2831982380208,105.91261630378635,176.45386780080605,131.8527146913695,259.1452169069169,159.34163198837007,127.34182115687969,187.14750545620188,166.6855128512505,183.2841269790603,148.87719783618087,123.97009285847139,87.82925631846074,201.46737553568218,90.22430906304302,93.16673402318634,129.33265107579155,79.01596263325034,115.10899394227857,112.21896421962745,103.43040557215531,141.08468576451716,155.55678669168773,185.26179673813022,172.66116388069648,152.1922853664242,138.76177526528247,297.61881395859507,True,0.8886255528828718,1.534212289788884,0.9471223530903943,1.0380160403689227,0.8821074388419833,4.704759199293017,0.441,20.0,20.0,7.0,8.0,0.3445,0.145
Control_hab_FINAL.db,50,26.53231643347811,30.041212893087998,26.822219472188213,23.023647214262905,42.3611903174753,20.47344069003471,29.175977271822447,35.83950566838639,20.29160371511235,22.720003499935576,36.51776595314714,34.84566660280489,39.433990415530005,85.75661573858257,41.861216267639556,41.65504756997183,51.84058435688239,59.86148934391874,25.397368952902866,22.43208773792017,33.263450917086956,41.40517160636329,61.90010331490299,51.28215072415545,46.688311129698725,50.30144454878415,37.29595788328956,66.61879866845459,True,0.8143703631255462,0.27232743314407754,0.06397949076130349,1.4737037099557984,0.7740180719673742,2.984553956446045,0.915,6.0,7.0,1.0,2.0,0.142,0.0525
Control_hab_FINAL.db,51,50.276342242950165,31.147498677760368,56.260073981402,26.908364093067554,74.4404342120039,44.0559813642699,7.237979063488776,64.3361084789231,28.864142646870754,18.62837548074207,61.758596162294126,46.91907397606034,52.62522614886257,127.8021176499951,25.84123185945933,17.372564438343037,14.969359045893786,28.331437986508973,51.43531571826082,25.082096418922855,22.476074617999856,24.28726119077704,11.426184217814361,77.1727947974793,3.785253795809653,5.900604177420533,14.488301754334064,101.88339033214994,True,0.8017354078724653,0.30359735357688933,0.07417537191124335,1.5297827471920082,0.4281328006108253,3.755710100688864,0.882,2.0,3.0,0.0,1.0,0.4245,0.094
Control_hab_FINAL.db,52,36.58605987990919,8.616875445060423,41.13059749785164,16.676263129298462,87.46363952471057,32.39117353499117,22.50059317705444,48.03746651419404,32.722225098060676,41.36093309500423,29.31171493577773,18.065531102066863,5.111485315603695,73.5504951923896,7.589755982113594,13.233924618849448,27.291608807323747,11.576697120556595,14.091610463769598,11.89334575275089,9.325914406645229,24.84500077295899,48.43914088090577,51.84426788326526,51.259866177755846,43.19178692913152,25.867858038587165,115.53075428576858,True,0.4773077688921102,0.42163898622707435,1.182884231189131,1.7367847656654358,0.7971090289421559,4.451540319709095,0.695,16.0,16.0,9.0,9.0,0.283,0.216
Control_hab_FINAL.db,53,61.52461587896837,24.116798568849934,69.49798688875542,36.08759326650008,123.6381338611819,57.46016772704254,32.54586045816538,77.4954677877245,55.92223731387216,64.05384681104313,56.296244546681095,39.218785270172106,19.280511040661,110.24547569838803,16.356721378866325,17.620821323421758,37.11357310622535,14.18659994356558,33.884031125486125,26.81215519511151,21.470156574626262,43.28865120325114,55.38946705829703,82.47575751399201,60.97405414830177,50.0479228373085,40.63575800159252,156.12524609517587,True,0.47303926791258116,0.5008882743188723,1.21897608225117,1.8408780774588684,0.7889568615675258,4.382184082316788,0.634,15.0,15.0,4.0,5.0,0.3365,0.174
Control_hab_FINAL.db,54,79.40509594254618,33.04132280537634,87.90716902096027,47.839583824275756,148.2339102703008,74.62721036365846,41.93978650181275,96.11726794793432,71.83180866089506,80.22286972172044,70.8454309158789,51.32891980691757,26.946354602785476,127.93810940700487,22.075052646658996,24.191986632568916,43.62040704065104,18.113065940792513,45.28187141798888,37.16668838397102,29.313239647955978,52.34485452855831,61.21765458033844,101.1651632145213,69.80376884821395,57.455413313616376,51.08324948458818,183.4464878039435,True,0.5874502565626348,0.6399814232270118,1.2206876883135218,1.6175786613020842,0.7992721263290353,4.316646832844689,0.6135,17.0,18.0,4.0,5.0,0.3735,0.141
Control_hab_FINAL.db,55,45.85309847169964,28.45783786705502,47.23018612050063,35.88253967549758,94.86916391562495,46.78087173612656,65.76968750880908,49.333463450334904,52.19705175679577,70.47878707919804,30.94679670577159,29.06065259235955,13.088718778054995,54.70886670263451,36.815375731160195,53.97169561326675,66.9707500662773,47.601888562485556,23.336453342835902,38.64665453328276,36.778751917518555,49.969631536553216,105.37102049460648,48.98418887169034,109.29491763692425,99.12972132508733,60.62593498506405,117.0490173316167,True,0.5544537706452981,0.7265833786838787,1.2234096910944792,1.038952996472859,0.8115279478359472,4.0510939796383,0.6685,24.0,24.0,15.0,15.0,0.175,0.429
Control_hab_FINAL.db,56,51.23831750939775,79.24767048164989,48.783508235773525,64.78884205542609,48.32261583805932,44.78159724937136,78.19961140385328,59.02689925011576,51.05003550792674,53.73100376095215,69.38461653042472,75.11010058958733,91.90003733892159,110.56516860042541,101.59171936014144,99.48728206704908,112.69545065545312,127.22332189059726,64.22718621004489,65.97220471343714,86.703802577521,93.32862133875219,123.3861655557395,75.77579876456484,98.70121036792392,107.12926823604668,85.80720682932724,66.53158363748543,True,0.5468008791688024,0.07603174955075298,1.1811536908416522,1.1030106259146881,0.8987714993207062,0.366975504730887,0.9905,0.0,0.0,1.0,2.0,0.0,0.05
Control_hab_FINAL.db,57,51.386306764170364,77.71566443433845,49.053832520190085,64.1034378095474,50.22767721675527,44.30340961925377,76.61880312432515,59.87455101418897,51.23421367896187,54.095858691526985,69.04045662205554,74.05773842779368,90.13329028240082,110.97356374576404,99.47542256303976,97.08449146490473,111.54935521669242,124.68370821443493,62.67966193214762,64.16666862515231,85.04444036886571,92.81412951001401,121.83983769576533,76.53844340181453,97.61478928359085,105.72372253052391,84.98859140202559,69.15291833162479,True,0.8968323630675941,0.1387424576845891,1.0814384518527937,2.439046753450797,0.5924081603438224,0.5535241192048345,0.9835,0.0,0.0,1.0,2.0,0.0,0.0285
Control_hab_FINAL.db,58,37.807046515308095,23.777189291991053,42.783779977071106,20.723827104725483,63.84522260146952,30.4339048559669,6.787265994482819,52.738225021587446,22.66199081667385,17.182713445258887,48.9621242553748,36.392962283734114,40.46183419682644,110.92602157589083,22.563494792459394,14.956074136084954,21.53621993150919,28.148578938811525,35.5350872768164,15.956505561152685,18.581550502067753,26.46968506249047,21.85971162991979,65.65539072157493,12.60789148646307,14.0519026605984,16.379380218816536,91.4676796701864,True,0.41599436988150695,0.355481704014734,0.9777992976584421,2.5251228653612388,0.6297399526520612,3.9811887165994952,0.8625,2.0,3.0,0.0,1.0,0.325,0.043
Control_hab_FINAL.db,59,37.18519712185555,54.93082764223292,36.86642813921601,46.65990575606008,49.24794669840314,29.92094510712433,56.99034296630737,48.69249744796412,39.38395933560503,45.38981892958706,52.37448043143353,53.66520626909924,61.94234117446233,96.64093577915813,72.71265063174691,69.70800757217785,91.75259861569567,93.72612022831541,39.90677367897915,42.294794902045055,61.66991421931376,76.79520628260505,104.31462878431444,64.07511997513743,84.11630259502972,88.31068344994678,68.13718793417632,71.41375391862135,True,0.4119255715391318,0.41868775001460473,0.660285996228496,1.5973772458907423,0.8863166776306598,2.624973405075419,0.904,1.0,2.0,0.0,1.0,0.0075,0.009
Control_hab_FINAL.db,60,39.86197731776005,14.129829445159992,43.59189650067805,22.387297155770355,92.73645661428478,36.44336314364787,34.00086761297361,50.67611911027402,38.803467954290994,52.29609818356626,33.14474917398156,24.832916097088933,4.620905334708983,79.62569241874404,16.43015555602227,24.2700553347656,43.96484224828916,25.359012586819773,11.740084655795718,17.217114607378495,17.78022461702835,38.082244810809975,68.11083002605633,59.56562463780406,68.66805232127822,60.3701408925699,41.543576334040225,123.7686251108118,True,0.6424228374174583,0.42304235046603655,1.3343162759933203,2.407890920573762,0.7835476227475411,4.538268430587707,0.7015,19.0,20.0,4.0,5.0,0.206,0.147
Control_hab_FINAL.db,61,59.722388112645355,24.11085419509088,65.05038409270115,35.91096213220044,119.23896735326946,56.80729682674445,44.09337767710961,70.37538407947397,57.08942062424481,67.8362450522919,46.495823915020424,33.54275757183598,16.465302458319954,86.35370330065325,20.273354751952112,29.015443362631952,42.28437125795088,20.727379525513363,32.372941012510516,31.533266102878216,24.60239883610675,40.41852181412067,68.20604875161169,69.96007345516237,76.45295912690479,65.09260466537941,44.26209467516651,147.10709951675386,True,0.613937474393246,0.7446755138399386,1.4490405878984514,1.6888540788757962,0.7837024542940382,4.189506901660317,0.6345,19.0,20.0,12.0,13.0,0.323,0.3035
Control_hab_FINAL.db,62,15.602468345138185,8.771518357991987,17.82099332189002,10.87135943068451,53.12357176440132,14.561510409189676,30.006135918698213,22.882763457161218,18.955351922612117,31.427571995333473,13.066532156540735,10.387924266981518,2.301956058130877,47.088716212514655,17.85761895925768,25.987083467333328,41.416574991817136,29.479615665890062,3.4960043781127492,11.061771539579476,14.706653327286933,28.581996883000276,69.3260852836222,28.08740404383024,65.47413529244517,59.79077523725833,30.867497889750716,75.67083681897942,True,0.5157271164599759,0.29889719377443535,1.1557708975689946,1.0098886682825594,0.816352738826885,4.296422916429563,0.7375,15.0,15.0,8.0,9.0,0.1535,0.3055
Control_hab_FINAL.db,63,47.0122644037119,69.90272052030008,45.68305455116038,58.55801278964913,51.472770408680844,39.54250701581854,69.15740045215178,57.372011358268985,47.79716889736321,51.78536254288828,64.39052745668266,67.5386371097548,80.39237820696084,108.35041698852747,89.84981996498712,86.43047562214747,105.00915896296559,113.18675459946297,54.71441668249727,56.090783554091274,76.82724378157471,88.42356281130745,115.52618618849661,73.87487892939765,92.61441145079718,99.1879042317329,79.48122126579278,72.10000733615422,True,0.514801966356414,0.06372074578077183,1.0846392056908305,1.1213576342002134,0.8988089659007453,0.5423743428995255,0.9505,0.0,0.0,0.0,1.0,0.0,0.004
calibration.db,0,52.383620257088225,81.00854935702957,50.10985018721324,66.1526817615097,49.051368851839236,46.3871816041189,79.40457278972005,60.11874495979579,51.96476390749541,54.60978875542752,71.43357006564129,77.31507353402654,93.56767675045715,113.61845710856298,103.37033230042893,101.01098665016099,114.13858600837237,129.17088157775498,65.89948232560437,67.67820304882639,88.36143504483746,95.03269908961786,124.68467427096783,77.6747515854231,99.54306819865457,108.07689793832706,87.40345874472153,67.466808669376,True,0.6422688831118438,0.41057560400857873,,4.9659883005210474,0.6681634920188465,0.3585390425955353,0.9935,0.0,0.0,0.0,1.0,0.0,0.0515
calibration.db,1,98.51732960571391,59.93284626849498,106.03304785546189,57.54450086282862,127.31027742872477,90.88010469495762,24.327831153779655,113.3873800014702,64.48412973717119,46.646739129270706,106.50348409513172,84.85302522432622,88.92596190994658,184.45011593447788,44.89512308818124,35.16238426157509,20.67061391964191,41.593090500199196,95.24671214122873,56.36225980151441,44.77927548978918,39.90599710886487,7.755635206250862,126.98728255969722,5.260979842098189,7.654466629674992,31.22975598985989,158.89822791849022,True,0.624017483170134,0.2885407862857493,,1.6967161661454464,0.5975445281627711,2.8396176671241418,0.904,4.0,5.0,0.0,1.0,0.606,0.0515
calibration.db,2,49.17826482060062,29.447599377908396,53.58830641082132,25.06423649753773,72.57610276492592,42.43324363752789,9.507413634389978,61.64510584483097,27.724118514251888,19.19625397600525,58.29651037662223,45.57726096513984,49.27081659169346,123.78075016700772,26.38099012737741,20.845360786227864,17.828890662993555,32.59952355640381,46.650217899074406,24.085761206419217,22.54326382974474,23.92027854451962,15.363975225476237,76.35198751860474,7.129416048808207,9.93124302616647,17.248145866360314,101.09589624860274,True,0.742101025518477,0.3351847600569638,,1.7433150523186633,0.5583367733992952,3.7589478940741192,0.9065,5.0,6.0,0.0,1.0,0.3965,0.0515
calibration.db,3,128.64412633534826,77.3247306251783,140.8360937202877,97.45982360237312,210.76400847937822,124.7467686693471,86.9179592644293,149.93466144084883,125.43552542492348,135.8790699029845,120.4459960752506,95.73351836421105,66.93129553629217,177.40338005482596,61.11347084676128,59.56843904830106,88.25616487139754,48.902718981093905,91.8218209576947,81.69419343248457,71.85690109562921,103.059965122146,108.86514059431039,150.20992189482507,121.93398858808257,104.63526071990626,97.1171253104084,246.55638776664262,True,0.6325490791483513,0.5524934683301698,,0.4469744463812443,0.6615613161136392,4.719622862901673,0.497,15.0,15.0,4.0,5.0,0.3945,0.203
calibration.db,4,50.85554431165497,79.03968227349056,48.72870462114855,64.54134526776758,48.37548910674376,44.83951494143649,77.64630591660935,58.82575762135227,50.68157192767646,53.53229930672458,69.7781544580886,75.40497860223496,91.2608697943704,111.9875298975717,101.15658125127561,98.70417969407424,112.41460289044767,126.62408833536622,63.920819883440785,65.73607729433246,86.3605371385961,93.55383502591445,123.14703805551699,76.19320359345656,98.2699164614258,106.53021081150712,85.78487368559722,66.92806394502452,True,0.5612350123572355,0.36493238927251814,,3.4837958611612505,0.6761129244327737,0.45516851464790997,0.9875,0.0,0.0,0.0,1.0,0.0,0.0515
calibration.db,5,94.7192595872698,49.50479084241398,102.01449150341908,50.12942997610554,130.8890022098918,87.58698468254013,20.79440446298794,108.7651812592993,61.52855261741503,47.23905331074487,97.92461957830581,76.35261396261274,73.17576208143922,175.63895186564147,33.876621622324535,27.808348164524766,14.806832297360284,31.269665579870196,83.2168686681956,48.77482893844399,35.56583826198908,33.02753131762242,5.5752896540939245,122.78324550361918,5.87796718903533,6.206986476914495,28.16719957928651,164.9006922519992,True,0.6561484907736085,0.581255321765865,,2.664513530852263,0.5568177169294697,3.3665448382880827,0.8765,9.0,10.0,0.0,1.0,0.602,0.043
calibration.db,6,102.63444613001944,53.76579043675999,109.82553055917687,54.904666895561654,140.22999921894984,95.76406269203947,25.671450763694285,115.9337149352762,67.75983361100144,53.37753116137266,104.07115961420145,82.2244486752792,77.08593426313101,182.94227176263536,37.184873932566575,32.451325125804644,17.16050029992879,34.63454315992898,88.91745185068669,54.42676128648723,39.485533908541335,35.78179153161534,7.904945205448234,130.46301363715784,9.348778611893337,9.460337326016171,32.68730161258084,175.175889347208,True,0.6630062837501198,0.54706931931369,,1.9070998110715127,0.6458580230972182,2.8148525850531443,0.88,11.0,12.0,0.0,1.0,0.6245,0.043
calibration.db,7,129.2471368888447,80.7239149849762,138.71558209284262,80.42800296554375,163.1804814457093,120.81399773416804,37.948459191499886,146.35621058552314,90.24806156435899,68.56093287374281,136.62097522023998,109.79997691908002,113.24894977441292,220.62720384126348,59.30284165314202,46.84827989271782,29.441277379643847,50.36927981853081,124.34998798568805,77.61623744961943,61.55464367315145,55.78704939474648,11.829708006180784,158.7661806390159,12.672230246255728,14.087233163676192,45.20423258059377,196.6431214969279,True,0.6993827570703428,0.4300800052463809,,3.2667254983101905,0.6517273250562573,3.2666652818604196,0.8835,3.0,4.0,0.0,1.0,0.701,0.043
calibration.db,8,83.93681197618636,30.36160599928273,93.1061154505832,42.050586080142736,145.9140609369049,76.94651275248984,21.346735152938063,101.94103964328505,64.02141618604043,62.641839588895394,79.35421430396276,55.65825052306339,36.33157578377149,150.273160616967,13.799568915727496,11.011375609753133,19.450100636576366,7.777184512790043,53.8320952528928,32.18789559448401,20.779343268088056,36.30385440436261,23.613491600198813,111.23874704211335,30.804810162269476,22.434034611014674,32.47408418032592,183.72001512915642,True,0.7076029812640394,0.5880256598249883,,2.3455058363458297,0.7286813336683514,4.223062912770359,0.698,14.0,15.0,1.0,2.0,0.4985,0.0415
calibration.db,9,116.54790116248981,77.30452394986814,124.02674833759362,73.20523134260294,141.33946124763116,108.70697215123246,36.54848558951667,130.9665302186165,78.78521599390412,57.61247314337251,125.64601794219428,103.38486051514305,110.50520256436634,205.99402230783522,61.13312639934898,50.40802795699742,30.79804748464184,57.39008708023083,116.45300251215725,73.48370223858812,60.48806581393581,51.656171315391504,14.35684021843241,145.15794828155583,11.325962725463933,15.228634010281546,42.607553063319656,172.54103722884753,True,0.5594054687729507,0.27961860851831244,,3.589633092087405,0.6013007284993616,2.74486406907777,0.9355,3.0,4.0,0.0,1.0,0.6475,0.0515
calibration.db,10,84.95087166506502,39.303739416251695,91.31946288986822,56.03928742697266,157.04578936641582,80.24524688831676,61.34312875798787,99.18046823281756,82.71964443347511,97.19180003574661,70.29853803585871,54.50346092533657,26.151653247917114,119.13210815542277,32.733830623263145,40.88078529206801,63.680805079989526,33.04235941637834,44.228445410402244,45.8848019435884,39.98278571236735,65.2302873060553,88.83019337380853,102.92657005839555,98.60140549266121,84.86888252289317,69.04232779627286,191.92119889480944,True,0.6697486939427819,0.506130161665446,,0.5544603775293122,0.7142763380766093,4.819512313162392,0.5955,22.0,23.0,7.0,8.0,0.299,0.151
calibration.db,11,50.60404596158283,78.03344961670454,48.555754655302074,63.94326185518846,48.993710738292094,44.33643383836822,76.66404218798844,58.89916342678057,50.494686444411826,53.45910089176304,69.30592658579633,74.60044594686535,90.09241079578446,111.81785435278312,99.86904430512463,97.28426161931154,111.61124516486218,125.10077790896072,62.90643988740339,64.62719822770191,85.29737439630506,93.05053496736784,122.22372947282818,76.19426660209137,97.58276357044691,105.66070099413412,85.1326363409623,67.85763454662965,True,0.7095013623147418,0.16689223587450963,,2.552460422355629,0.6911591540546188,0.5380530304651002,0.9835,0.0,0.0,0.0,1.0,0.0,0.043
calibration.db,12,49.888035248517276,37.45114747255819,53.06542153052272,30.30501277446467,66.27355239180282,42.91999095937976,17.256421536148757,61.35427257869371,29.347565655548813,20.499291273269318,61.23223066198268,51.23063888152596,58.91297061323522,124.64705273363562,37.94155290078669,32.33287444035822,28.73589124027638,47.341946176671115,51.70075400168432,30.540522727404117,31.905915638273534,31.68333879891037,25.96418794784029,77.02669041910839,14.535388664993691,19.354321840874146,24.64518161708053,93.04450784064909,True,0.6221774396674359,0.15111709049334798,,2.5373548696459363,0.6385389452888711,3.174721316563476,0.9435,4.0,4.0,0.0,1.0,0.3565,0.043
calibration.db,13,32.676655872340376,18.89714348956012,37.27221122620319,16.164733226565893,59.755472369841804,26.1471233020356,5.789774194256989,46.5240289230889,18.788809880553263,15.229637631012464,42.4971791048831,31.19285254417698,33.00139477310333,102.77875550660518,18.793167539358862,13.14312234949648,20.094616634531892,25.63245012713147,28.756061903058228,12.309713399613488,14.870144754018426,23.170933933405117,23.01443417464592,59.7091058330617,14.071796433611532,14.973354316831252,14.94346445260806,87.45643384880835,True,0.5655566722432912,0.5570438757517333,,2.6302402683876296,0.5804647137834679,3.786689056714044,0.857,4.0,5.0,0.0,1.0,0.3085,0.06
calibration.db,14,51.741798338066516,81.50887010301415,49.433373482547395,66.13464617724459,47.38027046985808,46.23219959338188,80.03245585473135,59.02302190226465,51.39778622620396,53.98685571345991,71.12709080596032,77.46097107030121,94.11083361958515,112.72728019100917,104.22919165379821,102.05706167164251,114.43722686330118,130.22375273060376,66.40793495123792,68.406101055371,88.94892360958016,94.93549048898669,125.37850592549819,76.56658024354307,99.98499220161676,108.65558963608485,87.48769055341621,65.28729153123452,True,0.6991772491097844,0.24658009424573918,,3.330532389843757,0.6594172470693076,0.3910612704298065,0.9965,0.0,0.0,0.0,1.0,0.0,0.0685
calibration.db,15,130.391905225437,65.75991753056329,143.30619585464328,84.22734797732707,208.8870869253936,123.29229079897387,56.61308081948318,153.4011980221817,112.63085949168551,112.7688852611536,124.0497635159542,93.56430894297085,67.70047160318421,197.66561207668545,41.908180561320926,35.89086281229581,52.657043746657315,26.937082790336206,93.42384723055352,68.38129606481048,53.54512312019993,77.27678031336,58.191437446799895,158.4623151049787,71.44024068853317,57.79333662494286,69.72265496514527,249.25603562559127,True,0.7001354875731367,0.26292053139500565,,0.4855125286369909,0.5906711464321724,4.243958657188455,0.581,13.0,14.0,1.0,2.0,0.547,0.063
calibration.db,16,37.49464979511541,61.337229251684526,36.77761496587776,50.323306760691914,43.550583949935245,31.60013966167268,62.6397110178296,47.410858353891335,39.868160177548646,45.036073223509256,54.88517906230947,58.20663266542232,69.72143046833605,96.97430760317367,81.12333688561532,78.20524078858801,97.35808297397179,103.43197565765655,45.96422210668311,48.658223928829955,68.45225622790718,80.57514828411546,110.43488169251039,62.99714175408456,88.30058044328563,93.74661676301801,71.93819175201976,63.412391641636255,True,0.6373488510711043,0.4699358172401037,,2.035683900112691,0.6746363199460965,2.4638324586914457,0.9275,0.0,1.0,0.0,1.0,0.0,0.06
calibration.db,17,111.86243842180394,56.49106710268883,123.63031107746869,73.63246140099677,185.69037398287048,105.50573338287552,53.18073242096742,133.12493387510125,99.47346506073544,101.4390719755262,104.85491640344918,77.60185976041394,57.267389944798595,167.52748527764433,36.99820256163385,32.65719772936774,50.192439000250424,23.304263962765518,80.48559313304678,59.396486501183446,46.8641051335169,69.33340988472948,60.917226107497804,133.7950694311005,73.3668046758797,59.74563928508322,61.88084042432137,221.06743317992652,True,0.7310833837981376,0.21803143151563426,,0.2930600922206483,0.5802918043851414,4.5564103704855246,0.571,12.0,12.0,6.0,6.0,0.4945,0.159
calibration.db,18,75.33669512513544,45.75219299351055,81.2971619771189,41.97798782293935,100.41151448870279,67.81491120269743,16.142971778025657,89.1207274460844,46.44335102946791,32.17493422902617,84.25264903920429,66.69245274099579,71.59267799638883,156.9499777321018,36.25608766193518,28.098003261147042,18.16166864117273,37.50459652348812,73.14771949151242,40.9681113939194,34.16463631186738,31.495816173666395,9.09379028760386,103.45271673494534,3.5514984087389347,6.627104542258161,23.473285216058244,130.49725386905305,True,0.7394915664913604,0.3666946753388788,,2.4251924469751334,0.5738534829319863,3.50016703848079,0.9145,4.0,5.0,0.0,1.0,0.513,0.043
calibration.db,19,31.208236821538648,22.69224998131382,37.18931260191357,25.014944428962036,69.78584983499258,24.41359428507463,20.14709956739375,49.20439439370725,29.90245929654557,34.68272598644148,41.38863038638842,29.92530345327879,26.61757923259155,94.79458531128687,24.88864600098224,17.84776899587539,43.87941302968653,29.983817148523087,22.015437296839643,14.03300611507793,22.397947873877392,44.78734193368122,55.23428662535791,58.781729959251294,47.07181140150395,43.359013186306626,32.73167915604107,97.42418199751064,True,0.7365956277387655,0.36755912871650326,,1.0053632999984017,0.5925302161673174,3.651626152929124,0.7425,2.0,3.0,0.0,1.0,0.1815,0.06
calibration.db,20,38.11502250800498,62.25146272331126,37.300034092521614,50.99918650578739,43.60282586259963,32.23357285272835,63.41354434917079,47.87450532878775,40.32527691336201,45.356054938578616,55.590444883278664,59.08168470255077,70.86095718832796,97.66324782643525,82.20082633431825,79.34476750857992,98.10906046852232,104.73149323518312,46.88498581739289,49.55462984775997,69.38784358133547,81.1627130758518,111.06162791874502,63.58649583132966,88.75100368403888,94.37939693016538,72.6189038740367,63.373210207137966,True,0.7471290321632622,0.4347369880820112,,2.11062816198875,0.557665636197307,2.4014778284245772,0.9315,0.0,1.0,0.0,1.0,0.0,0.06
calibration.db,21,31.48097379578998,52.63365013286747,31.26289973156077,42.67224295889976,40.3678689935458,26.118537796944853,54.786585966721766,41.44560606460706,33.66522713078162,39.25744308906967,47.828482033376446,50.36852223372129,59.88285164815841,90.27857244619831,71.16744453347587,68.69865219389982,87.75045532152942,92.31552901441849,38.35909901078942,41.0258334852104,59.37066123413936,71.92657447855063,101.64479786750994,56.58942737330905,80.90095751094891,85.39586970189075,63.835384667054655,60.749745736420905,True,0.7366003214855864,0.3045438955684447,,1.137009030329044,0.5681886350866484,2.8172064193274435,0.911,1.0,2.0,0.0,1.0,0.016,0.077
calibration.db,22,86.12603613836394,57.621544822769714,96.8224268631363,71.79294860213048,153.1298902382802,78.66787315205379,60.187486617178465,110.94954088393945,88.92233551380758,98.75530593182442,90.28246797809089,69.5498493744243,52.016295846376295,147.41391219910207,49.81572085662354,40.78665484294275,81.03816548001998,43.682887856472135,60.302009736137514,51.340862971201865,54.98219725219971,91.5275485110233,96.57345589893183,115.24287771760271,98.41810235455492,86.08814060491865,76.79045048647852,186.5193308833547,True,0.719880663014065,0.300652542735535,,1.3880448396592613,0.5552608007407267,3.079566973609789,0.563,4.0,5.0,0.0,1.0,0.23,0.0515
calibration.db,23,34.2172782125935,47.06114347680165,34.9494924120995,37.03445653923854,42.91705673668701,27.69994036903679,39.84851727359103,45.131393711292375,29.08728426969371,29.03242167350661,50.53449359836111,49.138071960446254,60.65638747091462,99.8250307296192,60.36487699533487,55.59688351344671,67.63883188748733,77.96246961854143,41.72028273948647,35.55676481610533,49.69304956211086,57.833964692987465,74.70399110676665,60.518988085982265,55.706360801958425,61.16890768694274,48.69345388772959,64.73426446500967,True,0.5632835428378292,0.5015652679838414,,2.969354921566475,0.5768896472820834,2.974496197608282,0.9335,0.0,1.0,0.0,1.0,0.1175,0.0515
calibration.db,24,84.53981652086576,52.91365897052599,90.65027552649508,48.788973427136796,108.88147420373376,76.9491077844291,20.792921754978323,98.16925240230685,53.33897120221122,37.39721550036585,93.41282714218028,75.0709804026682,80.62226294214997,167.86662165706997,42.15092546573099,33.67736196310339,20.91881081609327,42.704263075468106,82.92910982644466,48.42366802305468,40.222042033604566,35.64305867842891,10.06058269272656,112.73256408194804,4.900724670600647,8.411095269641175,27.72418669152092,139.20188097727078,True,0.744831666057486,0.36297016008891325,,2.91157358872236,0.57596038410353,2.924055624058397,0.9255,4.0,5.0,0.0,1.0,0.5435,0.043
calibration.db,25,34.42178080529012,37.62302978433415,36.99026689020056,28.40507318479041,45.860597722788015,28.433154189716742,22.75902342138749,45.93750034601929,22.63904806047377,17.792022485109698,50.09781492295219,44.26779406928968,55.55583030495076,105.29211392451761,44.50130392128955,38.040624192754755,42.81388566294633,56.78178265398954,42.43240834890979,27.961547946551377,35.83378675195364,39.84371256374228,45.35870377914793,60.50826477659338,29.72612428130095,34.7004190159831,30.214942293585572,68.80889723031393,True,0.564154786522912,0.5813560201407035,,2.71528913708336,0.5632921104902998,3.118329968393184,0.9285,0.0,1.0,0.0,1.0,0.2365,0.0855
calibration.db,26,131.70244843440796,87.48963433384503,140.44210901814856,84.64943145920996,159.59870129701218,123.47195771237273,42.727438366058195,147.64245391160608,91.70226887509975,68.51694440829877,140.8107003813997,115.55269471451824,122.4936870976158,224.23051333326177,67.75509494086054,55.15793815582522,34.68091841130815,60.53646639095918,131.07602937462752,83.72473420475553,68.4463806486992,59.62564984293281,15.839796220432591,160.87118961326593,14.638107110216701,17.821385597238237,49.0352440781231,191.64990766658659,True,0.5835816904562536,0.4583288827304685,,3.392381018349692,0.6130912119133105,2.7222501599809497,0.9185,2.0,3.0,0.0,1.0,0.697,0.0515
calibration.db,27,76.96346186254053,40.32293966265646,82.66187798434248,38.76268034600425,107.68235886020308,70.16039490622627,15.804819867756015,89.39242356483521,47.190670335946145,35.14239199741324,81.34580696509097,63.781636475545774,62.405937495745846,154.67822076524155,29.77273635094535,25.239881043613316,14.027146953824547,31.62953125133448,67.89001357882876,38.66817938866175,29.2787730079993,26.874396233706328,7.478351699987481,104.4523120142932,4.639383740857752,6.243928988131492,22.947082831009002,139.97864103711623,True,0.5749062422980407,0.5959136528775012,,2.655388644709667,0.5795437802254272,3.2571351188078332,0.901,9.0,10.0,0.0,1.0,0.5295,0.043
calibration.db,28,27.128416502932552,45.2357758207839,27.213733065157275,34.97716487129277,35.8261133799566,22.520324748487297,45.544444855554346,36.26709257544435,26.515905696609774,30.525950267051314,42.83496675567069,44.64983134985376,53.813053218672906,86.91350668172015,62.06028753421219,60.04488225209579,74.77781144165232,82.22276533271989,34.489985818550934,35.02542017574586,50.69366646384276,60.464144458631054,87.64299667143568,51.58004611393632,67.94603630935963,72.54551207689613,53.405042221445605,56.3944043936995,True,0.5629200241818969,0.5794426272323807,,1.9690037916362977,0.5880434738411147,3.0310004224690528,0.919,2.0,3.0,0.0,1.0,0.06,0.1025
calibration.db,29,22.872733158356485,31.8754947070661,24.325344168317855,25.192753984148354,39.465626380733966,16.910249624067315,30.399620830855127,34.41867350955104,20.836824574092013,24.065087250216415,36.08604161088487,33.7354222529747,40.55066699897182,82.90378463801665,44.104690985301964,40.80396197668549,57.09673177443167,59.877832818678534,25.289712691707106,22.13026445407542,35.29476673857793,47.345257572761426,68.36541114281093,47.68341231362877,52.33069584853211,54.98591784606876,39.125471825195575,62.02519905846393,True,0.5547142898250396,0.5605021825188626,,2.386151678760005,0.588225681282524,3.4289851343398,0.878,2.0,3.0,1.0,2.0,0.1085,0.0795
calibration.db,30,41.63167237777647,19.863130396121242,45.72580457119699,17.645368412620282,70.16463317303703,35.16674596333426,6.496533949704121,53.78581631243904,22.916345392910085,18.151141494394903,47.89217946623122,35.98318522405062,34.702398426764006,111.58507689356323,17.70810122367564,14.675595690699533,15.375311778748927,25.09314186643881,33.47720641417985,15.85780486525234,14.786546415862666,19.475562539821258,16.786826967109818,68.56542009552274,9.82524233037271,10.999432318520977,14.990787357110541,99.96752369714227,True,0.5762243617847562,0.5043695953099505,,1.224693708997567,0.6078720804573192,3.639804337482512,0.88,8.0,9.0,0.0,1.0,0.3635,0.043
calibration.db,31,209.90925308183353,135.6061337553904,224.9724203515842,164.0662305202824,310.8538831424629,202.70678890335137,141.1412152111575,236.4656086950373,202.22600190318445,211.13834161345207,195.49635601413814,161.3123842650824,124.95006123609966,261.1900479099855,108.68119991942868,104.85920579976391,136.72947570427843,87.50233087140683,159.24226807749352,141.2307256308423,125.49185941395301,162.06032714577626,152.92270124043588,233.96028337378382,174.2497772059543,152.73203913953796,154.61233978896922,352.786370431096,True,0.6878550690872864,0.4958270336643723,,0.2983768952016824,0.5744849767210888,4.3633774207977325,0.4145,16.0,17.0,5.0,6.0,0.507,0.1145
calibration.db,32,30.417603500819368,17.594057652997364,33.57935437363144,14.678701945015192,56.343379762922744,23.447233393131985,8.662320526894781,42.8310532744915,17.557472909335132,15.675231315332862,38.10186853185398,28.889048150868238,30.20113474681906,95.85782702282187,19.933137707166342,16.825281062983855,23.67192064802257,29.77703080232098,24.395636780401023,11.53715479625833,15.396624559289094,23.29158647361824,28.3230567437925,56.5008827133606,18.901093365566602,20.28137932438858,17.44550047465736,84.00847951907919,True,0.7290680676820861,0.315862506646967,,1.5300101412601466,0.6475714897807723,3.756630508207605,0.8725,6.0,7.0,1.0,2.0,0.277,0.0415
calibration.db,33,93.6559874367592,52.84113810772722,102.39076167503431,52.70947337915514,128.145638968987,86.57554031642266,19.02580384804392,109.84650425051927,61.64382069392123,45.34757933809982,101.05072474207844,77.83293889474163,79.15652186473801,178.474073324337,36.139494643462534,25.86451601507673,15.013281988194318,30.21834605403241,88.29803344957965,49.865114681270974,37.45341618218161,35.868753847645955,4.140762205388251,121.83130744944152,3.5654150282753854,3.85632854903601,26.27618861033134,160.16502383636563,True,0.582953175401386,0.4727664944487151,,1.419451407573472,0.5820957126739589,3.4645928970038233,0.858,4.0,5.0,0.0,1.0,0.6085,0.077
calibration.db,34,75.15076469678067,26.070998875433848,83.80349373880387,34.9358032811399,130.72423910293622,68.94282641569126,14.708981683945371,91.68044299741351,53.921030479689584,50.71324130442895,72.54231123002089,50.378165054390244,34.70979609451929,142.7287113837645,10.897732606972433,7.974130397112115,12.27484343567853,6.142236363166661,50.35746671734849,27.668834914500863,16.320254417595034,28.01785039867832,15.396752068947539,101.5898708272202,20.71744679585269,14.047483129465185,24.251603174069828,166.73176720677841,True,0.5622693091073242,0.4639052005966251,,0.8951434081445317,0.551868317396639,4.264676608073523,0.732,13.0,14.0,1.0,2.0,0.5045,0.072
calibration.db,35,48.117977765326145,24.55146854295628,52.65060469732427,21.908500444569007,75.6957590621951,41.394787838051215,7.206871308157545,60.65244013264105,26.926628222721302,19.83120072961962,55.0627659150493,41.81317627192648,42.105874403392335,120.92403172672297,20.653817395021633,16.367646653934568,14.450984098567465,26.584405945407365,41.49421763597694,20.334314298552997,17.901563878248147,20.76146149730961,13.296315087259412,75.33708145411042,6.633922775122202,8.303570498768757,15.407854761216566,105.53887734690639,True,0.5559548826105628,0.4361345904210053,,1.5435354704535817,0.6295255678987822,3.478736836391393,0.889,7.0,8.0,0.0,1.0,0.3995,0.043
calibration.db,36,127.9063714357365,69.8196889033081,140.43224944320957,88.73558040820527,206.76912257709967,122.9150994137576,69.88312851438279,149.07775951806457,116.76567947075806,120.79614974153316,119.45648198436527,91.73556844906953,67.04871074565308,181.7858347987529,49.278134882436646,46.10324450908241,65.20669585920618,34.41183995214201,93.63240631407342,74.52148596357722,60.41679619418117,84.82633165798256,78.81040489328541,149.33480896111274,93.12558267525581,77.63952915720084,78.52431869642962,242.93128511936527,True,0.6094044094213154,0.5279354930900387,,0.45658602394684644,0.5602765527715944,4.253492886059886,0.5375,14.0,14.0,5.0,6.0,0.499,0.1925
calibration.db,37,28.281550627551905,12.895807691524741,31.082917163733388,9.511257332544531,54.14622286406222,24.07332887427744,7.936125804144282,37.261726179993865,13.580073988904939,12.369529146498893,33.01095038990353,25.404118907985843,23.57989628214893,89.16747140616603,15.171952760617843,16.159836390872808,16.437126673308917,25.925828485568065,21.72876675292018,11.069145883485024,10.960974453591128,14.582044595198264,24.293749394857663,51.169131407075156,16.62504782621315,17.50619482003965,13.351736385444376,81.37900078233324,True,0.702916858848434,0.3570234339785197,,1.3684335284345575,0.6406096347070446,4.094794328971929,0.8795,11.0,11.0,2.0,2.0,0.3125,0.125
calibration.db,38,91.57677621771558,39.127016091726524,101.89261087317382,47.92280969874644,147.10565623700447,84.09789871079188,17.87493625208916,110.90846345253917,66.3552296090223,58.45577010714776,92.06438716536614,65.85530100233898,53.310977021338175,168.29522374946777,19.631146473335665,11.902839121904666,14.804407752712248,10.585084865201253,69.61977501732704,38.64064904022977,25.759003878146082,36.756226171029915,11.676591390018869,120.56374550670544,17.287528038265627,11.173847793528447,28.740873000244626,183.82793238522845,True,0.7305303120911106,0.44478429784457896,,1.0020535937306243,0.6259303783136894,4.18464514043372,0.7335,9.0,10.0,0.0,1.0,0.567,0.043
calibration.db,39,74.60421514190918,39.07147492540591,80.51184736153057,37.52505237734398,105.27196692817355,67.64163053713484,14.045949559078455,87.5964794558071,45.536982979597795,33.461800341272095,79.74825041021369,61.96780974087075,61.313122308243095,152.79811938912567,28.577411956800105,23.243333149658397,13.26640026607356,29.994388560397752,66.31785919269592,36.791397769303316,27.996851757715525,26.353030062156357,6.620458692408993,102.26508821333651,3.511290344526404,5.043215894944577,21.431720721409143,137.2625596824337,True,0.5525363453815494,0.5404870243872628,,2.2925412752616667,0.6314345138298201,3.2262962950332623,0.8955,8.0,9.0,0.0,1.0,0.523,0.043
Sus_def_FAIL.db,0,80.55512950824436,32.31625986726249,86.27085980277711,47.43951676726621,147.82032150625136,76.16476357632315,51.59200179785947,92.28014165498914,73.7411967233941,84.16566924885883,63.34262925202368,47.339784529984954,24.110543912824447,109.78638489689548,24.380037448654342,34.08874467236184,46.45941055136281,23.56985386808943,43.99361523707,41.21444723546995,31.275003590881038,48.30784545541228,69.87013260630712,93.46322598479306,81.32617937691467,68.88184893320881,54.11448009125091,180.2341806837867,True,0.3,1.5,1.0,1.41,,4.350003778156537,0.6265,23.0,23.0,11.0,12.0,0.374,0.223
Sus_def_FAIL.db,1,65.28703996123326,35.94322432740155,69.84114957262847,50.12937571270562,128.67446372943334,60.3915075317505,64.20272937061829,78.2230996254803,71.57966419894056,88.1762826375845,51.73403548807468,40.58271643113945,22.529600080251985,85.44535716811063,36.55483837408834,45.22264648897726,71.70114877638746,39.232981287869876,33.99577948352435,40.59552939478448,40.50339216051022,65.28428968620666,102.5322772716516,76.13000893485537,109.41134720593209,96.59120613568678,67.16401297617784,156.2523521549241,True,0.19104461737539113,4.772987096504314,4.580996420155357,1.2655959867840099,,4.255801177248569,0.5905,18.0,18.0,13.0,14.0,0.1985,0.246
Sus_def_FAIL.db,2,132.49452762272838,90.61803035274019,135.07301049509044,113.25708334821138,212.18164156660302,125.99325100237682,139.8328116926598,143.6192371649721,145.6068131753318,170.95402752303147,103.06932434856341,92.40748294305712,65.88258778835163,123.59804771539095,91.98680705868512,110.28874339933634,141.9922640128591,95.03600491844358,83.81521439170908,101.37174803083829,99.67860558693113,129.16821042357506,184.3582799093247,134.31427287624874,199.73232581232384,181.63101240832424,139.06544124308363,240.64833516417028,True,0.21615379086340236,4.536129360081194,3.262557421391912,0.37993573350859433,,4.655743013910466,0.499,27.0,27.0,22.0,23.0,0.159,0.273
Sus_def_FAIL.db,3,140.69237640147756,92.20564980246098,144.50771134870376,116.72527431961552,224.82883924535594,132.7969924789076,136.63772351583913,154.2898020273376,151.1684832433038,174.63560212994753,111.38680336365563,97.13611412228089,69.25886564290778,137.36499166969327,89.66628594293611,105.50644599602944,138.13513311665508,89.59506150170961,89.1440956144579,102.13269834559604,98.97855407871967,130.10890071017005,176.7820806766979,145.17254058500237,193.72472144879617,175.00230461994556,138.0320071069291,255.62280439954912,True,0.19069972105546945,2.6559979191238865,2.3241032112012565,0.6415859792428943,,4.408179172940319,0.4845,26.0,26.0,21.0,22.0,0.2015,0.2215
Sus_def_FAIL.db,4,100.34318706151251,69.33322845249823,106.5910082475962,87.14400031288314,173.22070927122942,97.03575126052903,103.5965895022772,114.82225225226685,111.70071023933032,132.64523319439326,85.71243639068626,73.36383124215193,49.29533381038541,117.13528643417328,68.7386073656187,77.63019227439929,111.54653230721115,68.5108250896668,64.999481954642,75.34035199774964,74.74678428678587,105.96835069385905,147.92014090971628,110.59940825005225,157.4448932406608,140.87861561069843,107.22930356202805,201.4138230120817,True,0.2116993943525733,3.023226153573659,3.1215676271366863,0.6595282741347734,,3.892380237085483,0.5115,19.0,19.0,13.0,13.0,0.1755,0.2965
Sus_def_FAIL.db,5,139.72498627182736,105.0812811917158,146.17688756722012,127.06080862805211,220.59828241392213,135.19838611818955,145.80183697625907,155.4586905032074,155.69534691454697,179.67127932706157,120.18926431604419,106.33504654446077,81.17306416842784,145.133985797681,103.72328258847277,113.88939247675009,153.27329274164111,100.82701411068447,99.38882796528607,112.03678592394375,111.57490618605544,146.81542906640442,193.8715072267787,146.0220934802259,207.1709339509888,187.73401064875844,148.14615130998456,248.12804859421522,True,0.3736516094049941,2.527719394526692,4.847298493720055,0.16923868441846726,,4.108675848947793,0.446,19.0,20.0,17.0,18.0,0.1575,0.3205
Sus_def_FAIL.db,6,95.9148038784358,59.31664726211905,98.97141125820056,77.27803303009058,166.75780222305642,91.4184601850676,100.40046425827524,105.907302903082,104.67997684090504,126.05170979865426,72.63107055612645,62.90650291846248,39.35582037848543,98.5507983896594,60.734720894063884,76.66327779617217,102.13459700002542,64.66255878917184,55.53451144081095,69.10865689469315,66.50962401000703,91.11562961163392,140.324217895646,100.48488172282123,152.12080526195058,136.6813305881364,99.74100148763152,194.4995541704458,True,0.178513613907269,4.604737198576263,2.6275024593033014,0.5229053715970637,,4.125786432881401,0.5545,25.0,25.0,18.0,19.0,0.192,0.2955
Sus_def_FAIL.db,7,149.08350860988656,102.48408442131161,155.78692004717487,126.54130474339206,237.0730738585202,144.93996185787918,143.5297490053631,164.5977109676576,159.68963010759006,184.93471573084952,127.39394653428654,112.41803964013042,75.45592934844912,163.8957872944693,98.2080745097717,110.64100590808422,148.77415965399814,97.32683010532332,97.59385455424709,111.6201666744235,108.2214360113362,145.2885413340784,187.3322890742037,162.11492028575506,201.89575004051042,181.8822863371688,150.8051029650761,271.62066855991725,True,0.09015888297790134,1.712393162889645,2.4730298043064334,0.3207918211195342,,4.473773010791673,0.4625,26.0,26.0,11.0,12.0,0.1915,0.211
Sus_def_FAIL.db,8,89.21174491366733,47.94237095146039,96.43456652055728,63.803034908885735,158.03038142254098,86.29204602075885,69.60148357520085,102.32694354458191,88.73887697710956,100.75912221530595,73.97166233604551,57.57696006002565,37.649105186506475,112.75798026825896,40.49960961346752,48.11526101195199,65.92452113185391,35.79676832513969,58.38036679571371,56.32966520172327,47.41124471684296,67.50994396068056,93.9671240248351,98.03886065649566,106.15817722870005,91.52830385329716,69.5533047547083,186.36659604263787,True,0.06595843209661637,4.202318020062393,1.0433638657080602,0.9614828215391263,,4.259679654104652,0.5615,19.0,19.0,14.0,14.0,0.3465,0.34
Sus_def_FAIL.db,9,131.72775757338164,84.06672147563515,135.2717662510512,107.0344596670974,212.79537608582777,125.13991223669805,128.04841613926067,143.51393920904815,140.49873841710223,162.99251444754734,102.49203986048433,89.26343000953742,62.06734962336593,128.1693544867111,81.81682508648296,98.79131143977716,126.84215889378378,82.43580628517579,82.59432950821275,95.29869264597363,90.56629427143372,118.19957330661774,165.62500130822298,134.93186776662105,182.3224002700247,164.30192903916225,127.65094101887935,242.73389129154324,True,0.05688387917889735,2.663499126229708,2.1944287282422072,0.45815116687012947,,4.456869805475551,0.5045,27.0,27.0,21.0,22.0,0.2225,0.2625
Sus_def_FAIL.db,10,120.85465059330085,78.5032266220614,124.55037173783941,100.49399462382944,199.23505735757624,113.46707706219688,120.20805572746261,133.99568739882054,131.59931062434984,153.56371235704162,94.58149310804242,81.40346222983823,57.945561547625736,119.16999838563783,77.38483283807032,91.84279106002695,123.02299565562396,77.73334146418833,75.36806516210561,87.1758477865673,85.14356347985853,114.20638948648207,160.78282560385608,124.78114300556581,175.5830946241018,158.20276590248818,120.6070276662715,227.8555298584238,True,0.2283952916918235,4.070455295476273,1.7189642097867046,0.22874717940542905,,4.229651245981995,0.5045,23.0,24.0,21.0,22.0,0.1935,0.251
Sus_def_FAIL.db,11,141.91505047023247,99.91690524210912,146.01617249252666,123.26638244001896,223.70073423628673,135.74119502893365,146.19720013663056,154.76548247557815,155.6246678168938,179.97630120737722,114.23562359312932,101.3730912451204,75.89115341489743,135.19252308431217,99.05600020370571,114.75516546142899,148.1677046935789,98.48514584339583,95.43260913153489,110.01003046035048,107.48227924738993,138.31715385449237,189.92373910419505,143.64860132669807,206.18504040451546,187.06012299793485,145.39062560980886,251.53271007588597,True,0.15638624669197476,3.7662259254643353,3.209633797437571,0.4962249659973871,,4.264067385788052,0.4685,24.0,25.0,22.0,23.0,0.18,0.3055
Sus_def_FAIL.db,12,161.59308320391054,118.50766411222412,168.6324886302832,144.11638208063118,250.16858906178754,154.51017378630368,158.53275125237437,180.22238211781664,176.6974933234871,201.12121089164492,139.85682395601134,122.81531941792205,93.8450530303044,169.3022060911066,114.20110977654198,123.27579644313334,167.0755461860949,109.5388374432127,113.50399042998797,124.63620609839592,124.16896651920693,163.8909998172664,205.50381053763175,170.97682272727602,220.92017775351707,200.18176649852495,164.24303850308337,281.27029751879525,True,0.11014273233583599,3.408097943003761,4.355646462505774,0.3706122961260606,,4.2809900435290125,0.4205,20.0,20.0,17.0,17.0,0.168,0.224
Sus_def_FAIL.db,13,102.41364138391695,62.0322686213252,107.18400910932908,81.62294369570303,177.96251897960934,96.84045661226052,97.94010059301054,115.91317368514848,110.0566738370602,130.57485939765152,81.90650874345633,68.88681743806839,42.63105795959656,115.04937746104818,60.25227100845697,72.31580534696016,102.44468712485784,61.54835782058949,59.49760808336125,69.65790951038716,67.36185049263624,96.4837577379767,137.04909538244038,112.29197093762068,148.87291204465885,132.69594429895488,101.61334413817002,208.706229714831,True,0.06325419975446983,4.068215849539275,2.757168799956627,1.1955769300408092,,4.297004607661904,0.5345,23.0,23.0,15.0,15.0,0.2055,0.2225
Sus_def_FAIL.db,14,207.69068832937103,158.30216729376482,216.16730107609962,188.0981265059676,305.7991766026958,199.69183122827866,199.96851683470794,229.08723226371424,224.7317076145147,250.88573325320448,183.89516234557325,163.6124824327254,130.719764596483,214.08417590700907,150.90381913927578,158.91913870247313,208.64920664148175,142.49907651430004,153.85383095529562,164.5594304247411,163.35493924315338,208.47170256780433,248.16893931925443,217.65472953980105,266.77701363104245,243.25054833879193,207.362441782696,338.72882446557185,True,0.32463689854896816,3.5124678922091808,4.309689393851823,0.1280847193085215,,4.185536944427367,0.359,20.0,20.0,17.0,18.0,0.175,0.206
Sus_def_FAIL.db,15,110.20649589148067,72.58918460892255,114.93078225688836,92.66291816334987,186.52367255253534,104.91497947719056,111.61775521547017,123.67475718648731,121.05400765914057,143.21755821167113,89.21852503181995,76.84081166131045,51.3100758360991,118.13444808476086,71.9977734564218,84.47147840950143,117.18614389657515,73.02779137388413,67.96235712219712,80.23771539581553,78.98841601695966,109.50245625844795,154.50420269640085,118.10489808094117,166.59302317258937,149.619143549636,114.36112920096357,215.83431811985793,True,0.13663699886278702,4.753974424255636,4.5183549111759564,1.3553339687066688,,4.300049365013985,0.5125,22.0,23.0,16.0,17.0,0.1785,0.256
Sus_def_FAIL.db,16,166.52364683132936,107.55374434854232,178.48158442064437,133.57126072397685,260.3438248115444,159.50472987149243,124.65484622475961,190.46343609814755,167.61515870758936,182.58898945929982,152.3834688102366,125.71253314170175,91.71963331962456,207.04867982518005,90.56914373727284,90.48601894026973,128.58854641779305,77.47537227974331,117.99979785885846,111.83372898060998,103.85778703463785,142.8425226105677,152.14298270055792,188.15439636924492,168.73348399715476,148.45926481584533,137.36664784538,298.8989653684289,True,0.3161142847349389,1.224231828990776,1.2448584019881663,1.414570717219739,,4.661891751468541,0.4355,17.0,17.0,7.0,7.0,0.3515,0.119
Sus_def_FAIL.db,17,112.64072613587577,56.93251330263837,120.7975642992231,77.45588693700992,192.85254556091377,106.4167585691878,75.49912727760123,129.70349706108834,108.38110540282378,120.89291469422392,95.44290605864147,74.40034060611968,45.216234451039924,146.71974825112807,44.56277243474736,50.61649045163858,74.01397123116303,38.789274188849305,68.17996933465989,63.99295311626838,54.66788127164366,81.41803275151112,96.79796302822,130.0227161423796,111.01071641795228,95.16268348839819,83.20614209970647,229.1144951487822,True,0.30239625160177697,1.3531805095638967,1.1021682711926992,1.415369517522353,,4.491492659132063,0.5475,21.0,22.0,9.0,10.0,0.369,0.146
Sus_def_FAIL.db,18,110.25751903908184,73.00365450509638,115.50653539437188,93.37146535821506,187.93160718340604,104.36879139327982,110.13895661814911,125.49907198695014,121.44057402001808,144.07497697319772,91.7127474836448,78.70625942870038,51.21797739998637,124.74561916353349,72.21651010400602,82.73160850666119,119.53022251151702,73.55005192390738,66.5326696591862,78.78594542321508,79.31255774543723,113.2595070323284,155.26527455980204,122.27085242297687,165.9865956500068,149.06118374390047,116.32357795702694,219.14682837136263,True,0.16644375019209537,4.6378568393245745,4.527556796940352,1.2205799954815901,,4.38692297865024,0.511,21.0,22.0,13.0,14.0,0.1575,0.1945
Sus_def_FAIL.db,19,119.59465530835058,56.59169052769657,128.3713447047918,78.08548649250599,201.27707384662062,110.98076699956206,67.92858356411779,138.77383004585644,110.42548104663149,119.03179902921002,102.1906378966713,77.50502078078807,49.68006813329047,159.52350165521446,40.244572529442884,43.72273340265703,64.85266819175105,31.862449429207516,73.4072171608969,62.46661145073773,51.46173672133874,77.19207794441368,81.55159375225922,139.28529584868096,96.96644979556544,81.77595402056102,77.12256603576358,239.5674233941998,True,0.33386947977243064,1.4707778280714676,1.1612918966012715,1.2638168525985674,,4.463853121083105,0.5595,20.0,20.0,9.0,10.0,0.4295,0.0755
Sus_def_FAIL.db,20,103.14487920102219,47.28001719413263,111.04245438401634,66.19977272710648,179.21015355850528,96.61085032626846,61.76432767813279,119.52694610327896,95.83028826056017,105.28828639370336,86.39245104901437,65.01728799075822,39.570822763718475,138.36694088254265,34.20676730088848,39.70202854210361,58.02746317699424,28.056777927541987,62.02639980433583,54.25893459797083,43.69658967719679,66.2988574421148,78.01207482800928,119.57398526622634,91.91860332513336,77.484920247838,67.92617715827845,214.48908787954286,True,0.2601299598297151,1.5076899535336112,1.2806617545061696,1.2569692848980885,,4.418592870323622,0.576,20.0,21.0,10.0,11.0,0.4055,0.1565
Sus_def_FAIL.db,21,135.44418902740173,69.84204497517675,144.20943335282357,91.89146766227917,219.88023756619265,129.980223373563,87.35747565209022,151.60424356020758,126.32415062212232,137.33988963644526,114.85754063091518,91.70705514847735,58.5529767142685,170.01807817927372,53.49577701133294,61.27177352610925,78.77368811316367,45.72149777295823,87.01465869707238,80.10632998962745,65.53802754006307,89.38907337481466,100.42703283737617,152.25848257279705,118.03376177883558,101.32224099536006,93.95251904500293,258.184856515937,True,0.2670851135547898,1.4315153364576958,1.0651649081809098,1.2681952742064149,,4.420164025382034,0.545,25.0,25.0,9.0,10.0,0.448,0.1625
Sus_def_FAIL.db,22,90.9981245770576,58.74182107724653,94.71377861859519,75.82682835050839,160.62557056796933,87.16230697155801,98.33986156179063,101.90896859173633,101.27329643296513,122.90458300126154,71.14261437688904,61.68509331871221,38.5359664401186,97.94069956968292,60.82776890594478,74.79577175613261,103.06821713666443,64.60078366874673,53.373537380564656,67.08636180418439,66.0146938407073,92.4910207684818,141.23050873882144,97.34567325264594,151.31042331503323,135.9569399984291,98.96431149667063,187.99958018945085,True,0.27412222670478803,4.43764895940031,4.876996366217887,0.9482909718911313,,4.332116445834028,0.5495,23.0,23.0,16.0,17.0,0.17,0.2995
Sus_def_FAIL.db,23,102.51866328020945,62.418617346326975,107.63081415594053,82.51040719265802,178.5387920057824,95.42576883713434,95.74065622222362,117.85079526388063,110.73271002745575,130.37859881981083,83.02875512773805,68.58497969572878,44.53628319001115,116.63424551692219,59.94898555675071,69.79012860555378,102.55703341731535,59.88191403490255,60.07076529212826,68.10061744896507,67.15427711712977,97.91028584633582,135.25134917686088,113.28940159740594,146.84377126742626,130.75682663150573,100.56741788438626,209.24596907327032,True,0.2546790413829676,4.982117449549505,4.4456263394242335,0.9775822376667693,,4.3263065168910515,0.5265,20.0,21.0,15.0,16.0,0.2005,0.19
Sus_def_FAIL.db,24,108.06545507045351,65.22693353147952,113.23996483397875,85.4931492781798,185.58078818333024,102.53849584869002,100.50021812766497,121.89432916317831,114.97163252971626,135.36412556198013,87.19302507119454,73.2372542074167,45.55164890475812,121.90098432994219,62.19181278364417,74.09755141903722,104.21631501653965,62.62588175735565,63.72702636177479,73.15970465193922,69.9544979053671,99.47429303088929,138.33583178122274,118.57867157223413,150.925238984624,134.31852452624707,104.73558698828069,217.20043525152613,True,0.337053436592048,4.178934902479512,3.613924919238813,1.3588568477780119,,4.189856208890389,0.5275,23.0,24.0,14.0,15.0,0.22,0.216
Sus_def_FAIL.db,25,198.0259904838468,133.40005550643755,209.610826107865,163.1328063698641,299.8577444896613,190.20715870572923,157.77333073768233,222.18272201357212,201.77204769540242,220.62801751758923,178.78355203021712,151.74770016286027,112.3772366187421,231.18588532371913,116.22698938056818,119.0202435863779,161.44350041932216,103.32868766790801,141.04222786866478,139.28157979377818,131.29613106299212,174.20998757320294,188.67087579353654,218.72242347601676,208.10533275695212,185.59591797302718,171.25296412920005,340.2748497790295,True,0.10534300971799554,1.9598107235144666,2.0362484567796173,1.4443751504009341,,4.394807786008361,0.3965,20.0,21.0,8.0,9.0,0.328,0.093
Sus_def_FAIL.db,26,134.2754617626987,98.88910299674941,139.78296936573938,120.50146000929078,213.95672705599804,129.87141533270906,141.83170075485907,148.37531917835418,149.55123329248866,173.871944996914,112.70310746757491,100.090059617478,74.66423766309451,136.23148401135018,98.49980097903571,110.89651622096783,147.61449373647832,97.28333546327661,92.91727962889108,107.07868415423137,106.07638180164501,139.25383817166698,189.07424187470713,139.1666404326069,202.6275588276833,183.6210662441648,142.9726159568963,241.3361929314675,True,0.2844114457157551,3.981215631204448,3.7317902150757694,1.1341856170200515,,3.9808186686244835,0.462,21.0,22.0,18.0,19.0,0.1585,0.326
Sus_def_FAIL.db,27,121.85585805374495,81.29918313259026,128.95827097549824,102.6108321660847,202.50367886603019,116.76250126873087,114.44533675002688,138.56465550795198,131.44936887937146,152.2082995587138,104.50788699513343,88.62194157484376,60.8220467660816,140.09148883855087,76.84513399098293,85.05904503750887,121.04686383780084,73.8987041906756,79.60833049479058,87.51717018274879,85.23738639157378,119.28329532129115,155.446995731539,133.96454236331982,167.95131034713918,149.86916468670296,120.21120023515878,233.81855477297455,True,0.29975813123765527,4.978648110180306,3.0523609778579415,1.2751393721779039,,4.131839513105181,0.4835,20.0,20.0,13.0,13.0,0.21,0.2345
Sus_def_FAIL.db,28,88.50625024519815,55.80183655833116,89.38420569764597,72.44662522723166,154.40207289807253,83.37709906339734,101.4864297635153,95.96225774588042,98.78335262638552,120.88525051431579,62.33925724778102,55.675988141793255,36.135538305551314,81.20021789495148,60.93136373335312,80.0224683917595,102.80157664371853,68.07953600337929,49.55415801198527,66.28300072736728,65.16278513579036,86.4438682627052,143.27176878176112,88.68261304961206,154.4620211120614,140.23575787511334,97.62919899192346,179.53283571299235,True,0.3547327145603039,3.778228297766689,4.332780777704845,0.8926685851115216,,4.405191310041016,0.5805,26.0,26.0,22.0,23.0,0.161,0.3185
Sus_def_FAIL.db,29,135.06622883626957,88.47187553872374,138.8416701056797,112.52612999395343,218.06864267145403,126.8611550812116,132.12460381689897,149.110698207632,146.04184428418554,169.42908954810025,106.97722978622252,92.9536136018902,65.94031032570695,133.21699336851648,86.53410796057958,101.56885781596154,135.36399404307184,86.85517615021692,84.44412962336105,97.42086676046719,95.41398858799406,127.18846650698009,173.50253065268743,140.3715223790329,189.4786749192986,171.12384700352658,134.16957178444628,248.7340098780351,True,0.2956557370347119,3.5228041183538004,4.353040073610982,1.2258660528023828,,4.495216300527976,0.489,25.0,25.0,21.0,21.0,0.188,0.2075
Sus_def_FAIL.db,30,120.97165860550433,77.35732343933395,125.44707788977456,98.65487504164463,199.50569496134102,115.74015002348474,117.95671099684702,133.20279346954504,129.6234267337864,151.15564502243456,95.86477087633747,82.7056160196089,56.309464827748315,123.62509865525091,75.03655432991741,89.82608444697418,118.040092632285,75.02654909139632,76.26008355940152,87.61855442512763,83.11064045088106,110.78436100090596,155.94341365948773,125.88995703546647,170.89991570273142,153.29333812535205,118.18301918720503,228.8827942592877,True,0.41181128089031094,4.377881346466232,4.6679956166562375,0.9267383157246917,,4.2370174307580175,0.5085,25.0,25.0,19.0,19.0,0.224,0.2865
Sus_def_FAIL.db,31,205.7714892782936,158.3449773061776,216.5736786571741,187.11017254163207,305.85319034055743,199.7343716289811,193.8692388370618,229.9813192809301,221.6784591340478,248.5877122007771,190.65753187252082,169.52335418258323,128.70911898611277,234.29422056105778,149.666212726046,153.09819518230046,209.1415403750329,141.8710495059725,151.22107941798768,161.82956948132716,162.26176560919177,213.77090377164043,245.45168389105262,227.00823738250443,260.09359615220217,236.62056020993725,209.329213837317,343.7292827503602,True,0.30425411259322654,2.4176816329377107,4.844545129251121,1.133997450952986,,4.331292198600543,0.363,19.0,19.0,6.0,7.0,0.153,0.1185
Sus_def_FAIL.db,32,137.84279319889725,96.47228044804928,146.140641980234,119.28827075887324,222.52841513223626,132.38922433083718,128.4286510550364,156.84216722074794,148.93194171233387,170.40065183785003,122.01911464036084,104.32920333115865,74.78325849594007,159.68997422553696,90.58724354801755,96.55570946439224,137.54347834526732,85.62654217211593,94.16154089409457,101.37354840537066,99.8823396970072,138.0439211502138,171.5541142963838,152.24369087236266,184.34537677088318,165.11035196162732,136.5745617323548,254.99284489990538,True,0.23739105897346469,2.65818011566373,4.426100674642308,0.9711393694423542,,4.190891074554776,0.453,18.0,19.0,11.0,12.0,0.201,0.2105
Sus_def_FAIL.db,33,119.43472849495383,78.5735996951655,124.08607093559245,100.51028959904798,198.77962740569137,112.21435851654311,117.874724831946,134.38010813252396,130.64671543134816,152.90686993880348,96.65748019904038,82.86498273351945,57.528881824223056,125.4279016797438,77.10095627001516,89.11205508991533,124.17916557928143,77.1923664052116,74.07130868538916,85.53020097578843,84.88967445167337,117.29059447621765,160.7181151373057,127.37823923632632,173.99196731919542,156.49301957951587,121.3327386977179,228.8425113311618,True,0.2544488780019133,3.7936142191391418,4.820863513658566,1.1991892627352048,,4.292336901508346,0.4985,22.0,22.0,18.0,18.0,0.177,0.214
Sus_def_FAIL.db,34,194.4382520874646,141.7357482816034,202.44231942228123,171.11617344534295,291.90401746726025,186.34130240216268,182.3462959811733,214.89389757389392,208.4033588254928,233.6732093368402,169.6881905161771,149.51225780393187,115.04130182969813,203.0194542096987,133.76078663885926,142.89766813396233,189.20866280976722,126.61306450328306,138.66425490401213,148.79569197511935,146.31622882342833,189.40244658077995,227.04921873609993,205.5903203809044,245.70395645081334,222.95479247252757,190.19854400192042,326.34366710182246,True,0.4014764484119103,3.050278653581723,4.384412575968935,1.0231502254592002,,4.304774792771341,0.385,22.0,22.0,16.0,17.0,0.1975,0.176
Sus_def_FAIL.db,35,183.41492677216712,136.7013081564777,190.44604177982762,164.31419678185293,276.3216434495647,176.39271642129816,180.56042407801084,201.78951760820647,199.5180214309242,225.5811156216542,158.4980966100558,141.0367504846867,109.56863091025411,185.9952942845626,131.74338315237324,142.60654910945507,187.2004400026868,126.39345933796119,131.6284042940191,144.440426473078,142.84383025424322,183.5691678235788,227.9487667337853,191.0734074153423,245.58553402040184,223.43392219854397,185.52833900116676,307.8492053222742,True,0.3491199580338661,3.1253369732250746,4.469524770573077,0.7176140736724187,,4.298542836652493,0.3955,22.0,22.0,18.0,19.0,0.1715,0.239
Sus_def_FAIL.db,36,93.55333371534209,62.940261179111296,99.39618425318241,80.87320520467681,164.96244526338026,87.42919505217657,93.86587329995902,109.88514856022574,104.78141139650492,124.04139746584384,79.43772382692757,65.93210784550193,46.130167669735506,111.0564926974802,62.33184330006397,69.01056479785649,104.82691060400035,61.72393377934485,58.684393884018185,66.25249146782737,67.94234020509832,99.89164100149179,137.89805217435406,104.62237973231717,146.64776558192773,131.1118606921162,98.62915773146997,192.9792636006478,True,0.3538385893267249,3.0465567890291414,4.585133866992345,0.8540165454548482,,3.95786832446221,0.5215,16.0,16.0,14.0,15.0,0.166,0.2325
Sus_def_FAIL.db,37,111.40486901597966,67.70281655457728,115.08938043918285,88.5963776942346,189.1799024408428,105.15102946682364,108.15427197846974,123.82946537353159,119.32413962515801,141.5749497882756,86.98504115964047,74.76369681263242,46.26284684120423,118.41377868653039,66.69123362573788,81.68291967902948,111.55006616161205,69.6951830165768,63.697181290501106,76.71794914188335,74.28019511323787,103.42397249723523,147.84581309687564,120.08240517631181,160.93406899257354,144.39594225355654,111.49171443661677,220.81722407768302,True,0.3977530325457559,4.034147303920293,2.922720298826497,0.8033659291565639,,4.491235000414177,0.5355,26.0,26.0,16.0,17.0,0.195,0.2005
Sus_def_FAIL.db,38,125.77723368276423,80.29567069043765,129.2735809653079,102.4702635340492,205.59384717045404,119.69478957758187,124.30637275061315,137.38397023740345,134.9090481592152,157.8645019936408,97.97483842350019,85.60559740347514,57.781824525279866,124.50011715386158,78.97327961903159,95.80038205296418,124.50137104277695,80.69019163482896,77.35712957044137,91.13880986077878,87.2162297427991,115.31818144449682,163.47407868843325,130.2123035386577,178.95146725130016,161.2676236290939,124.68244582209563,235.72656127242232,True,0.31985353540185457,4.116828448962829,4.911403077530446,0.8892512464930186,,4.344994716461968,0.5125,27.0,27.0,20.0,20.0,0.207,0.2565
Sus_def_FAIL.db,39,148.26657928626486,98.51151379273749,153.64804045623504,123.81164706460501,236.28759516800272,140.94453050836185,140.17786424263704,164.05372677532435,158.62105215317823,182.79279000990434,122.39409918639717,106.55997518304915,73.87144959371551,155.09611349856493,94.2006378201352,107.47310133441543,144.70503587679056,93.09498804408489,94.60350817181443,107.1216847194279,104.38835566502958,140.0310438665397,181.9103057146895,158.2642459656894,198.0367269096264,178.50304441769967,145.917216901384,270.02018161736805,True,0.39475276905893464,3.5107788389363015,3.4417488780006336,0.7838060991686215,,4.498776720266687,0.468,25.0,26.0,16.0,17.0,0.1965,0.1735
Sus_def_FAIL.db,40,131.57158262585637,93.21165208266757,137.9413104592866,115.11371767116982,212.4895946278334,126.57457563391335,131.53807755383093,147.20939349431723,144.46241691557185,167.07340625641058,111.61107966059886,96.99818060965852,70.78084318345537,140.30287271957602,90.5417722940038,100.77202548206716,137.61807520895837,87.87741141786762,89.55283106922165,100.39553714912742,98.7309822970878,132.62219133751404,175.7679531512038,139.4578471466232,189.2792219349695,170.4534407813449,134.73246589263482,241.59647519656107,True,0.33790782807448483,3.8759686251038326,4.625614131941672,0.6905775185698861,,4.124558918139929,0.465,20.0,21.0,16.0,17.0,0.185,0.2845
Sus_def_FAIL.db,41,186.74656400385302,136.77445024748124,193.66246170113575,165.00565088678545,281.20949889549297,179.5573307246716,180.96684646253428,204.79251822028183,201.61812654389266,227.6677280376371,160.31446240011547,142.40320979066985,109.33588650681352,188.96936288679538,130.9588783956126,142.72045582600296,186.12070293006403,125.62738707944285,132.58137871524454,145.30256527187896,142.62918328306375,182.87795379611308,226.53439582229146,194.56524406725703,245.08667593079602,222.75062407559685,186.0952170520936,313.7523760868564,True,0.3224841441857068,4.269712987318222,4.442812637386982,0.7621022981023623,,4.267641800616962,0.3975,23.0,24.0,18.0,19.0,0.1865,0.226
Sus_def_FAIL.db,42,155.14830356733202,97.13430246111746,163.27036566364336,123.28355229946621,246.558578019021,147.65968547150845,127.48551717619264,173.97378829349853,159.16803291535723,178.20105540801475,132.29392169235135,110.89400688271947,77.45315004051945,175.24839047730595,85.84540987315928,94.19171074209203,128.54767123808153,78.83384151422015,102.31395060417884,105.05451774246009,98.0120699104617,133.04184451997585,158.87243796247844,169.1753915569416,176.7067295100333,156.85225281857987,135.23197834539218,282.81483316743333,True,0.35126100995641607,3.4640170474205423,1.833565872543033,1.3456679182409261,,4.433493274858178,0.459,23.0,23.0,13.0,14.0,0.299,0.152
Sus_def_FAIL.db,43,140.18721124387247,80.6353948087235,146.02083861524167,105.44441350723619,227.27142143320606,132.2668479491254,113.9201765414165,155.48222543219555,141.7459027016228,160.20930424383616,112.97379710559561,93.95849649095959,62.190010148861184,152.7956323176317,71.2565375388305,83.96049016506956,111.10781961131394,67.71499742879743,86.31051108604004,90.69519719275614,82.52288205875952,111.6820604891731,141.78378596483356,150.79455894599647,159.96418186827364,141.72573039049468,118.65255993033725,262.7523055446148,True,0.24794547990742843,3.2792869552748387,1.5497777090563458,1.2577166314089312,,4.592028233653926,0.5055,26.0,27.0,16.0,17.0,0.311,0.156
Sus_def_FAIL.db,44,119.1197937345063,73.75755822645468,121.90957718238589,95.32107852530825,197.1600224375793,112.56097342064791,117.75391100063047,130.01111416223827,127.52094130094528,150.10724396620657,90.6723739377283,78.93159059128737,52.02012570560524,116.92217516207452,73.12904331646826,90.68841336999105,117.88992139885569,76.06344798765211,70.57901699577586,84.54599438466141,80.9264793678256,107.64624559868088,156.221020901163,123.3267948304531,171.26997653590888,154.36320566191193,117.93534618685696,227.25332726856868,True,0.10388763350437205,4.892546083237228,4.871459565527108,0.5454615957787363,,4.51772844627754,0.5305,27.0,28.0,20.0,21.0,0.205,0.241
Sus_def_FAIL.db,45,160.46366379318687,103.55041249792762,165.7397762764869,130.09518345447847,250.7980894541476,153.16002928973984,145.74177921881756,175.06219381046827,167.6876613599094,190.56451431710215,130.3878415496684,113.28405849603722,79.82735575646969,162.75295211746743,96.80432624407854,112.20051413600079,143.932536888515,94.17030736055065,104.36960474452394,114.92186590974423,108.25828025813031,140.449148424626,180.99596994432133,167.54009053595064,200.3000262606343,180.1942000430893,148.85188211836123,284.7745373825352,True,0.2451184979041574,2.8763152942832217,2.0699185805233062,1.218140780035353,,4.572957091292492,0.466,28.0,28.0,19.0,19.0,0.256,0.204
Sus_def_FAIL.db,46,135.41304061495583,89.32802630161169,140.75172516285994,112.76987919846707,217.9434696678419,128.33213755170377,128.05446977916554,150.31919921203996,145.22312061544434,166.25043726352334,109.99349703481624,94.05310001617822,69.01993689081708,137.63581631638132,84.92941915429708,97.31326563757813,129.5511407966041,81.7303794658965,89.36763730636486,98.03714459027549,94.10849498213344,124.74403890269932,166.11771253313364,140.47493736372002,182.5080008884372,163.85974327833188,129.2690495140666,247.52780563292941,True,0.1816802680727657,4.3010535808186425,2.0887746094284876,0.4569449677801867,,4.264828434371289,0.4755,22.0,23.0,20.0,21.0,0.2295,0.261
Sus_def_FAIL.db,47,72.0452787715729,46.99710913636054,73.75599788560635,60.44253358941684,131.19324503618589,68.72160723321008,87.81433148907401,79.13027218758272,82.30630863043203,101.6626883410519,50.63787259977723,44.4405855665301,30.83044929403904,67.73848680269943,52.52389581328313,68.96945006777246,88.79443154422287,58.03405324391269,43.11878619716298,56.561220094277914,55.176263808687814,73.19729006281139,128.4296049657404,70.57805288668212,137.69985293939516,124.5500936230097,81.52269282479787,152.7494078107626,True,0.2302969612933321,4.373483479177817,2.9805802819520877,0.4021997624036212,,4.314647917371809,0.5905,22.0,22.0,22.0,23.0,0.177,0.407
Sus_def_FAIL.db,48,120.9331867026189,75.52679735454444,125.0108055415244,96.70821327574193,200.91771840703302,116.37669635760685,117.80993485988546,132.4472631369428,128.48481322469968,152.05767748344,96.20608774469468,84.35270893645202,51.50430788913573,129.34928461099145,74.03202913611332,90.37029388022103,119.65882430542403,77.38883525716574,71.28028907145908,86.17644140300433,82.20566473716741,111.6881495657322,157.55644787229096,130.44144364530467,171.18578115102838,153.86731114370056,121.58614982680557,233.77761990768747,True,0.1172954953941267,4.089464643417437,2.0959895684935903,0.7751528272606969,,4.46608625308874,0.529,28.0,29.0,14.0,15.0,0.202,0.219
Sus_def_FAIL.db,49,119.28691244324159,80.6644140559558,122.64861682726138,101.31126927131764,196.8682116409666,114.78049729773554,127.0918580009606,130.36809232429528,131.33894506569666,156.72627296678203,94.63058526523741,84.88208709928752,55.32893550600187,120.83140981982783,82.41695876893166,99.32188297271206,131.4049698611178,86.83833722507785,72.63365379260205,90.73221675302841,89.40998136963817,119.75241116022804,172.76607542396167,125.70077048316243,185.43963616507796,168.01434189134085,128.98582540087085,226.79838210437939,True,0.07721302759453849,4.896495363663918,2.9537856631240165,0.5234497045720303,,4.593373187844769,0.5175,27.0,27.0,17.0,17.0,0.1505,0.2615
Sus_def_FAIL.db,50,117.87260036408489,74.03506033193004,121.77062136099433,95.50806524318537,196.11004789766037,111.55780436038671,115.0039594802679,130.29308906902259,126.65164090341713,148.33590841400667,92.09902666975934,79.15198425753775,53.2855747587904,119.69372473867321,72.3548892747254,87.34514206774782,116.33100673602948,73.28969892424226,71.8972742784854,83.65640313791354,80.24429183050056,108.30205383346674,153.64325345652236,123.1560578642279,168.27526078291564,151.0928296706462,115.84954676300374,225.834778357566,True,0.15311934674266223,4.196025259998321,2.1958555323188946,0.708461460096879,,4.440218591864784,0.5165,25.0,25.0,19.0,20.0,0.211,0.252
Sus_def_FAIL.db,51,106.89784005517245,65.07975691431612,108.22823827538039,84.88507935002227,179.56613389927645,100.11514923069812,110.56571026394887,115.74968556835864,115.4571452579824,137.37761289579072,77.15584235855911,67.5113507113046,45.03461507094716,98.53143520030117,66.84542597302595,86.16124882815258,109.63056512898547,71.69335632158638,61.50744688824227,76.28700677368447,73.22533230095368,96.04197276262266,148.71538615538418,107.58126949790658,163.05226575841348,147.48798489247935,107.77166263891436,207.15029749116167,True,0.12273017798222971,4.491137899262669,2.765698260794014,0.7095267871891684,,4.54489765657943,0.5575,27.0,28.0,23.0,24.0,0.1965,0.2725
Sus_def_FAIL.db,52,145.50557793221327,96.67884256186355,149.97395891421257,121.46146720584525,231.81934827857162,138.60187237476367,141.3513504443934,159.59584806480447,156.15421331334983,180.9674768157812,117.86475691673135,103.6679826870211,71.47113322943389,147.5615112796752,93.88924775768794,109.36468448981,144.36358070276017,94.35534882400188,92.03623758735068,106.55593322256247,103.57844535133745,137.2676308104195,183.38755269113756,153.21862311009465,199.65027286913374,180.39159029641561,145.1792383986554,264.54778852195744,True,0.15015902815808568,4.2640452464793945,2.282282001372717,0.7585826897285823,,4.603812872737804,0.4785,27.0,27.0,18.0,18.0,0.19,0.2
Sus_def_FAIL.db,53,122.29474197244357,88.63922167709717,128.24684457514994,109.48922230328901,200.44531441059837,116.93600608428427,127.08835466982792,138.24184305126084,136.83312268187277,159.90954444950592,104.23054209340444,90.89300739516186,66.40494074189655,131.96614765882077,88.05441270330068,97.51590023579783,136.5414811864024,86.91044499913974,82.21838221997628,94.28964708413024,95.14460760678051,130.06135899669067,174.79607219680483,130.98536454193535,186.30414380720134,168.22590771709542,130.9828735195539,228.8382123311152,True,0.2629710441674365,4.215997861839687,3.486018358763465,0.17531782877921714,,4.279118767988877,0.475,19.0,19.0,16.0,16.0,0.1485,0.268
Sus_def_FAIL.db,54,192.20834273042323,139.08779135220095,195.1381021827177,167.58236866167096,284.2696491552649,184.7684450432429,195.97614960610574,204.00260898578824,207.20943992635594,235.81700227476867,154.77202120687048,141.54598942393704,109.25430106254382,171.8070923998396,137.47570980879127,159.00580033171616,193.6442039051809,137.46015547428664,133.32649395186837,153.10986920782588,148.54378997101907,181.44560986395902,240.22474311808253,190.44352408056582,261.727506556243,239.88127149060796,194.04446733656675,314.3968724887432,True,0.23564670826767217,3.8260556562333923,3.3803421099804334,0.23308421760180315,,4.404985346772092,0.4295,31.0,31.0,26.0,27.0,0.1795,0.285
Sus_def_FAIL.db,55,156.41673480263628,113.54067592949642,161.1478770048767,138.40723922957915,241.73621397363945,149.930913945811,160.76417085809055,170.73388549839183,171.7610235802347,197.3135633476062,128.8850384649759,115.11404804912793,87.88904625844918,150.24068956020972,112.10035861671065,126.94224154612596,164.27175893252155,110.4632308840987,107.99814677774604,123.14438467056034,121.26546314939289,155.37005528389983,206.79725425363978,159.1165578258773,223.61721773227458,203.38332540439922,161.2170520909455,270.3017237331028,True,0.3242983640508477,4.658682048093489,2.4152734008392174,0.13116083589153393,,4.251762813944367,0.4425,24.0,24.0,22.0,22.0,0.167,0.292
Sus_def_FAIL.db,56,170.1779446749774,119.92297916699106,173.95535896496068,146.80248030399383,259.84149865960507,162.8214339964463,171.03290386115108,183.47914171912188,183.98276553930623,211.0715489538557,137.77955436855288,123.9489076036894,92.00698776325254,160.38313554402697,117.87538878552655,136.0576096632535,172.25806892601196,117.82456094071385,114.03556213210119,131.4703472040719,128.27229478597656,162.4288687526455,215.39376223591609,173.05763610606454,234.25508137596722,213.48143364853604,172.18941602714182,291.05878118175434,True,0.2084153630888383,3.7799720147334552,3.6338618430336274,0.4723801704221471,,4.74388570665092,0.4465,28.0,29.0,22.0,23.0,0.1755,0.242
Sus_def_FAIL.db,57,106.60611750419197,64.75089129861374,112.31412234426845,84.92409347671057,184.08570842736663,100.9456334418478,98.09696157252814,121.51399917346338,113.66549620309944,133.60675601818383,87.53369606584481,72.98191658284273,45.70383400096952,123.68880059871928,61.33677315140423,71.6055378995692,103.27495150842874,61.06825083716099,63.33602965339108,71.64835591265256,69.05511949496285,99.76539911038458,136.42784668133717,118.4695587876435,148.3969323213834,131.82514054348584,103.31775444821521,215.856845215933,True,0.20461724446541052,4.513485958221155,3.6546786633800945,0.6369489805685722,,4.181977331512049,0.5235,22.0,22.0,13.0,14.0,0.2175,0.2055
Sus_def_FAIL.db,58,150.66123685354665,117.03484537264255,157.1101097954589,140.08862196261242,234.03248543562114,145.6215108586435,160.20983329338495,167.45634169792189,169.23967388712808,195.4700638323962,131.3981983353443,117.85491730849651,90.56308676842036,156.2660644013351,116.70450591028182,126.66411102011763,171.17642336751388,114.61717792914905,107.71793142897248,123.02740919530586,124.72992510310098,163.88580717814745,213.09028697014207,158.61891996608682,225.86865646037867,205.76099488718046,164.62511648454426,262.51982346968236,True,0.25043303437631853,3.8993523056071657,2.9372948724755776,0.5476336227371595,,4.082326113493057,0.43,19.0,20.0,16.0,17.0,0.1165,0.2845
Sus_def_FAIL.db,59,96.32237241427359,55.6325867885638,100.58941439444104,74.56371008291576,169.41263623508686,90.2017903322078,90.27630395747195,109.03131427776147,102.69973758091601,121.46102773387443,74.60487408052187,61.43787670238453,38.69868474461183,105.6721375723937,53.63035553894067,66.06426529764369,92.6305891661285,54.46293151089678,55.377054669304044,63.56050325859969,60.402653649689,86.30380516665755,126.23152228275404,103.73514394022689,138.590496472577,123.1349572357985,91.83222924124854,198.7347209449414,True,0.25419243636695665,4.749819164948755,2.5708714056748363,0.5524170512257098,,4.258113621253082,0.5475,22.0,23.0,17.0,18.0,0.228,0.243
Resilient_hab_FAIL.db,0,22.74995477077557,12.730502284323965,27.18621615476068,12.209570812830684,54.71515785432989,16.833640579093313,8.913084383535194,36.8886848444856,16.121789006926,18.184958414344838,30.97421320123762,21.44131592034107,20.008662835649403,84.77654733736317,15.505228756523366,11.656570051510954,26.869685486497385,23.27530851893613,15.663759426422331,6.513886037467441,11.906088734526223,26.087581081619795,36.580054382202874,48.08498971965766,28.14892597574392,26.718651413799275,18.304850814531207,81.66892853271997,True,0.7,0.36,0.45,1.37,0.64,4.314092420137293,0.805,5.0,6.0,1.0,2.0,0.23,0.087
Resilient_hab_FAIL.db,1,59.42731391987374,20.462893180463407,63.22937162049315,23.439655759229705,101.2017701494077,54.480455095381,17.300933559362846,68.85228820312756,37.9347869384419,37.4826488515842,55.51217875429678,42.832888257531486,27.520686846047504,121.54094940438435,14.99146634547687,19.640826233553376,16.90172051414676,22.887177137094284,35.78917511661044,23.531174437252176,15.96827200609487,20.992066589230493,23.1964490531392,85.08640163972811,22.752060718147018,20.527924016656986,25.373068858590393,136.1820636636137,True,0.7525923386877873,0.6680093223679306,0.4608826612477878,1.9225136516579602,0.38442503012508417,3.3918128849774716,0.8475,19.0,20.0,0.0,1.0,0.4155,0.043
Resilient_hab_FAIL.db,2,133.56633755252463,73.14574544152426,145.82882598585806,94.64315768304772,216.91773507923256,124.92092550820004,73.36101943511657,158.00674489926925,124.54015156383184,129.9400875848867,124.43158979991662,95.06479559461135,69.63341640842089,188.45661969828643,52.57635254387998,47.591508014179325,74.6874988013221,37.87852235744688,93.3973998506887,74.72423866186648,64.43094152286048,94.83298212481209,86.41796507605872,158.38667554879612,100.54086956947803,84.67272461531499,86.2395234044225,255.4648193154593,True,0.7826867169713392,1.2346589635474594,0.541861477494478,1.4228318442560453,0.8300022391267803,4.3950471092398224,0.5215,12.0,13.0,5.0,6.0,0.454,0.0675
Resilient_hab_FAIL.db,3,109.82578991521063,49.756122815066476,120.76382674513621,61.03275110967513,170.70122562605687,102.64696894440291,30.0386204765676,128.7836437403945,83.203498645053,74.87887123909783,105.87655821229568,77.45558011898994,63.399312979930116,180.502916647363,26.981413921568905,20.85578564405802,20.686852046553348,14.588187044328945,84.95050314148375,52.16486031641837,35.104428018579114,44.54768392990345,18.77191136839634,135.19877478509613,28.663332101909948,20.72910672277607,38.207737863476495,207.40906363056752,True,0.6968946131835684,1.4116559971384588,0.7031547028098823,2.9303268022380444,0.33886281480320196,4.280371206164956,0.7015,11.0,12.0,3.0,4.0,0.625,0.0965
Resilient_hab_FAIL.db,4,133.50285774478107,60.975394735694564,143.04160242260372,80.72383980945227,211.8499649828707,125.10296037700292,61.07215974262922,151.49710529551177,113.58355641669051,114.55034247908665,115.69892164246642,87.52115640060981,62.328315623708605,180.8308384729981,38.64424709009871,41.09054220234418,48.374810400056816,26.923146603633143,90.21512780783725,68.7554438201553,50.674578888669615,67.01754598324348,57.30287463479365,153.06591488178253,74.73986618879402,61.406672505048206,67.95325531721065,251.06169301239845,True,0.5236184156348471,1.1912894984798323,1.1117320201969179,1.535413793168844,0.4165504333920438,4.474024407868095,0.609,20.0,21.0,9.0,10.0,0.576,0.0925
Resilient_hab_FAIL.db,5,109.60621477637179,62.09964203006015,121.18992737785041,80.7390187690242,188.06430008126307,103.51199312845712,67.59702302764425,132.65352477472368,106.22147933184203,115.99165433270989,105.22675667930133,81.00014476747069,53.795117993626135,166.64883804375933,47.66048120067934,43.425091097216225,75.94941220601648,38.12609835702312,73.0409386496549,62.45678865719662,57.02452611429251,90.62548904968705,92.46336751427748,136.56143371767033,101.70785671606355,86.46968639022028,82.1961144990313,225.45188460981296,True,0.6108819110506821,1.1069015213746638,1.4764665001499835,1.560430115167361,0.8039851526094688,4.207060024324435,0.533,12.0,13.0,1.0,2.0,0.349,0.086
Resilient_hab_FAIL.db,6,41.03600881474085,64.3254856367088,39.12634044645246,51.297731109795514,41.99589703972414,35.31149820162848,64.45157236900252,48.56393866697505,39.856932731841134,42.943985259736614,57.22868282621972,61.90439345757869,75.56192990386018,99.36214613946368,84.77183822669699,83.73835370857714,95.7868593536804,109.04848606091309,51.26862352661408,52.891138592916256,71.16410831512064,77.74904282469934,107.37157985747339,65.01417288912424,84.79753250574684,92.03653754200622,71.60321794734085,61.205156604241274,True,0.6192205859295141,0.26019125987055947,1.1556446200107935,1.345979487725185,0.639671610439065,1.1527072347656957,0.973,2.0,2.0,1.0,2.0,0.029,0.07
Resilient_hab_FAIL.db,7,151.789726997905,78.06199778312859,165.12979629359052,94.20645849084607,225.7547783463553,144.9075872452861,57.53635846415999,173.28694895040314,122.61978817469142,115.14286276765287,145.4963225231142,112.20910570041568,88.40317630522463,228.20667094082785,48.88575478028127,42.118430046703125,44.57320506253035,31.90921303977131,117.43753563235964,82.44228404245807,60.96497310197475,75.0505845840335,41.85051632673658,180.8339914757551,56.27233475620055,45.064795281177545,68.98967279055573,267.59999589875076,True,0.6525644752282478,1.2918859850992161,0.3422138298367019,2.4100452012540936,0.49844471413946223,4.206953811981804,0.6455,14.0,15.0,0.0,1.0,0.687,0.06
Resilient_hab_FAIL.db,8,52.681508066986105,79.79622415198935,50.18902987179351,65.66699878948882,50.351244218356186,45.76177397934843,78.52215154478249,60.79655379463003,52.30174238087585,54.93719402033947,70.56412463703445,75.97413147806192,92.57101500435826,112.30029330016868,101.91112042427329,99.67013329049556,113.320911707328,127.5160408019515,64.77260080358698,66.28689716237292,87.18329655831843,94.21933438000437,123.53762601121232,77.64904284339214,98.96881666489925,107.39687453302201,86.58962172107036,68.98712646222387,True,0.8240138495067546,0.17477754163104017,0.5958498432371295,2.216644634185789,0.7530430642439481,0.2924169402139556,0.9905,0.0,0.0,1.0,2.0,0.0,0.0335
Resilient_hab_FAIL.db,9,93.01206733512136,36.66975982474251,102.2609131969442,51.174091009496976,159.6718348816409,85.89395465841903,33.26241248052705,110.73182063490245,76.10045563239238,76.06679223185955,83.27017126864408,58.636103310410675,40.75266548673695,145.8517246146224,19.25907362683448,18.473710541969563,27.212263453990005,10.141107640648226,61.70047257787988,40.838694506964266,27.58201532218499,43.00267645395673,35.785854462007336,113.53119460057525,47.11248063504548,36.41971630464918,40.00734003287584,194.91582864170798,True,0.8312184307786536,1.46918542316216,0.3563505307425733,2.0163232238020914,0.5520804704926369,4.64916127925849,0.6455,15.0,15.0,7.0,8.0,0.512,0.129
Resilient_hab_FAIL.db,10,158.47846149722665,87.69246875447932,169.2117892867657,112.51580388285456,248.5596789912211,150.8836087743824,99.43884385775051,178.8120617657779,148.85739193070035,157.5748161832017,138.61008066867032,110.42352754451461,78.95952303682556,196.5040320192723,66.6971220441906,69.95729985477458,91.2445504001991,53.071581744707025,109.26533069445215,95.96193379866475,80.64133959496884,107.73926192413407,109.34783969569295,176.41584342096291,129.23131748727485,111.11297925376263,107.48817471697086,287.60682830625944,True,0.5816319848155287,1.3752667923770094,0.8320090053639295,1.0197179780826542,0.48147200310087224,4.5537662457527945,0.501,21.0,21.0,10.0,11.0,0.488,0.1345
Resilient_hab_FAIL.db,11,25.494710033653135,39.24205493853898,26.168942932344294,31.32612114629115,38.86631926587027,19.556064748636146,39.345484330823865,36.44298282828171,25.11302398400052,29.190165915846308,39.69501726747864,39.3265955867059,47.60417372855218,84.433451301152,54.08912501441747,51.179989171414775,68.46515385770412,72.06153717856168,29.67997782373124,28.746042735458758,44.057287567630816,56.18713058287228,80.74794917480794,50.14433013700741,62.90373182143744,66.3570426723911,47.98852224922074,60.42311320830126,True,0.7124786877414344,0.27717134822247336,1.2724129143378375,1.7765777854364015,0.7502692130957098,2.262716535021508,0.892,2.0,2.0,1.0,2.0,0.0715,0.077
Resilient_hab_FAIL.db,12,34.354318673754335,23.936851754853507,37.46908219439258,18.84125124797582,55.70590715456384,27.948830395870786,11.437035020124908,46.094181149783466,19.46199090135602,15.542576518704237,44.29831264410824,35.60300074990255,39.19289718764081,103.66265369096249,26.49561928858489,22.532147262689968,26.0297828272406,36.86125273006586,32.2582130056214,17.429555717773887,20.96805549607126,26.073519984696,28.675561885973252,61.018205808010606,17.726020750455806,20.504601266628804,19.793296727644623,82.69394917731243,True,0.5794867288215213,0.289252218640497,0.36691667828560537,1.333756993869091,0.571593929514993,4.089872062954938,0.901,5.0,6.0,0.0,1.0,0.2925,0.0515
Resilient_hab_FAIL.db,13,45.05688483864919,12.505534193308078,51.044086954731725,21.73126363153317,100.00387408162291,39.24400579128986,19.575791770588744,60.1855018458938,38.64218443717495,46.14695212305455,41.40021463901837,26.951497369927083,10.021701678136512,96.42056133795116,8.374850671839706,9.855248365674164,28.70291665745878,11.150051245597673,18.508979016518637,12.791790938071028,11.245212982401604,31.619706096665244,44.28675086356524,68.44758980489289,46.00575529008542,38.035799486225784,29.443678269472898,132.7501022519239,True,0.8549404483247338,0.35211974982269906,1.2621586127690592,1.5340495278412556,0.7542978279032074,4.4868173285343005,0.6955,14.0,15.0,3.0,4.0,0.2915,0.0875
Resilient_hab_FAIL.db,14,52.50381729554741,79.7269742153687,50.01590503024188,65.55779696635626,50.10259128658918,45.64020609610505,78.4802971874843,60.57929163083668,52.147261753029795,54.78823055777363,70.41839537480529,75.86664187863701,92.48692579560462,112.08721657210515,101.86964656113236,99.64521092319526,113.24233966385457,127.47780113914725,64.7037313611236,66.24599404046788,87.12241749315743,94.10861058024278,123.51650858548462,77.41922437240933,98.93362095535304,107.3616788234758,86.4920249697341,68.68672632507,True,0.7318863722739979,0.12283108106274779,1.3858235776365397,2.149213885759161,0.783215071692462,0.3020080586011358,0.9905,0.0,0.0,1.0,2.0,0.0,0.0355
Resilient_hab_FAIL.db,15,40.32014904212942,57.12406760159827,39.777692938461946,47.02925307659215,48.052121802859126,32.9483609514699,54.43251925160229,51.02371717035702,38.40895347164279,41.0992892846677,56.28892487712449,57.28977730979359,68.34617119035809,103.02493728920714,73.97691184954886,70.45854285079712,86.64299229237778,95.01768837533335,45.98575612963364,44.572383946218174,62.33977019928784,73.0245441146972,95.79225079584509,67.23436276876214,75.04995102542917,80.89318281964812,64.52807572335536,69.9111780788524,True,0.794058531621172,0.2851722091240886,1.4321472888360738,2.2806796579262993,0.5950157232152624,1.6497602226576937,0.9405,1.0,1.0,0.0,1.0,0.0505,0.009
Resilient_hab_FAIL.db,16,76.76794206806821,33.42341506825684,82.97961646672073,49.570829143409,146.1928021477606,70.64730759288486,52.777438505647325,91.9142017008867,74.8474336085428,87.57759163592867,62.985394288539766,46.61074349240958,23.251101830225338,109.99356104778792,27.047412977194902,33.419770100108536,56.393569892499,26.43059967201518,39.186069452187446,38.3025832903966,33.652819557672174,58.15571371263522,79.76486353757426,93.67653052170421,88.96319504474593,76.01450537197111,59.73946298146264,179.44331064331521,True,0.6782523663443711,0.5036522521067686,0.5509453591077583,1.1916228683425367,0.8777657359314898,4.490120434897775,0.6005,19.0,20.0,9.0,10.0,0.298,0.1465
Resilient_hab_FAIL.db,17,36.03785486459783,13.234847454734432,39.91407169601335,13.629676557705656,70.4424376786428,29.24456336400793,6.625808647719977,48.8118800324744,21.41323305569833,20.945620516870083,39.96057549796922,28.64273565300657,22.70704859210421,101.48712232874585,12.315451927388517,10.973153043807475,18.082092838137346,20.697747613151567,21.949673938152852,9.605997100219351,10.304148014632425,20.153286627887354,23.439466785492936,63.31278505138995,17.42758125031516,16.767107862908553,16.726287739491347,101.55930582702449,True,0.8219199832388822,0.5529527948212886,0.475068173309732,1.250335910536813,0.5677098897006125,3.906545647165182,0.8445,10.0,11.0,0.0,1.0,0.3125,0.0175
Resilient_hab_FAIL.db,18,15.392507580518277,4.488864833440749,18.2784854110107,6.654263100656179,52.50834816383164,11.814795681266414,17.093305928648135,25.30981613659217,14.61031633957157,23.03912664610465,14.79729396538966,8.842754102867739,3.339571479102071,55.34423721116188,10.441632965553874,14.724939270420442,29.472395141093397,19.938778732632343,3.4025122118736335,4.172986218441498,7.714700576755758,21.371095401865272,50.584013562274386,31.46455850523259,46.39423797431045,41.92421194713453,20.442505943806726,76.8109232186631,True,0.6002076153049004,0.7206447347545831,1.1209707805307632,2.3148355689303632,0.7684830923148133,4.3953005432691805,0.756,12.0,12.0,7.0,8.0,0.195,0.221
Resilient_hab_FAIL.db,19,124.84561720109794,60.98348004642033,137.34970920669542,78.1434596571077,200.64409914934805,118.66020515883051,51.790676399888774,146.28301284330328,105.7437321904546,105.24541921063474,118.40003718321317,88.97660130355017,63.60661926033272,191.72014005815066,37.670596046417415,32.79117908322195,45.919199356922206,23.701591049238314,89.5077638594928,64.60378593217126,48.753957783013774,69.67150406912278,51.57784709334716,151.98965304527576,64.46732331946315,51.51816352322667,63.578042694455405,240.4216644965201,True,0.8946705086447206,0.7745631648049305,0.46828761882103204,1.003120278391744,0.5461313304894426,4.22475988112278,0.6005,14.0,15.0,1.0,2.0,0.5595,0.089
Resilient_hab_FAIL.db,20,45.85250089881767,14.350251677645181,49.57900695651947,23.04777567340772,100.13477355818279,42.14829670594234,32.37112398299817,56.35139561733837,41.131032551314014,53.40982904314079,37.7569637426557,28.384286013733252,5.818841387151913,88.4858462541396,14.696831731415958,23.211486862090805,39.68105216206597,23.60924268754065,14.684507982430464,18.417403302564338,16.847667726880488,35.61994236312083,61.613443686311236,67.00182056968022,63.15980284324277,55.12550667169819,40.63915001583145,133.2624813472447,True,0.6509012932649262,0.7342073740529076,1.2041830850725166,2.739899397140138,0.8459350621102992,4.3118773625080875,0.717,21.0,22.0,3.0,4.0,0.2445,0.1135
Resilient_hab_FAIL.db,21,49.37149178185892,16.594091018325877,54.287535950668946,26.01019565218417,105.79549121595916,44.481221424129686,29.68393314305417,62.89509880736996,43.900880018332494,55.189256590978346,44.46718268153859,32.83103285001997,9.29411903031963,101.0681860861621,15.080718213080852,19.912547387182663,40.53970312522277,22.457999056548918,17.307470362695046,18.12263339206602,17.7840067826006,40.22147567791873,58.982245552848845,75.27386795999162,59.61471941066106,51.55113230896716,41.767948933874756,141.05480612072313,True,0.5502446816197484,0.6108831744333293,1.2580129254025014,2.0554926851236797,0.7857295560130445,4.105393688955482,0.7095,19.0,19.0,0.0,1.0,0.245,0.043
Resilient_hab_FAIL.db,22,43.02374322678685,12.10908232486424,48.38288805286448,20.809753206199517,97.05318527018483,37.77955032790043,21.794887545242613,57.16025955443037,37.300913195725556,46.279817320340086,39.278733923643536,26.59584025429877,7.951452596759079,94.01839827526996,9.773864432129159,12.691880271130954,31.862966027073668,14.885599408220841,15.574728097228945,12.812700576143122,12.122553046533412,32.77407396134402,48.899336379060166,66.95892523274841,49.65927896112679,41.96559378408354,32.065850402621834,130.15527610998217,True,0.6253136260774234,0.6810849742478156,1.473118703415546,2.700631218398753,0.7662289315254793,4.211116395371747,0.7065,16.0,16.0,2.0,3.0,0.2665,0.08
Resilient_hab_FAIL.db,23,64.3687230786158,19.194424145428904,71.91990116902534,29.077490481694518,122.36910218650846,59.07969153240336,17.916398584987018,79.60052158901566,48.88581119282161,51.42120620200722,59.72806491366232,40.96037108607097,20.993512391725705,124.60884410757029,8.191853200188667,8.785943091747829,18.714317873578594,7.074597935323997,35.63885415485892,21.788548520119303,13.273962159292978,28.96873158866132,28.376416706870316,89.84256364893393,33.19317614433014,25.255688528200814,27.872929576157162,158.32318750683697,True,0.5776306656912766,0.5313196531640326,0.8367784705774781,1.9715836310566706,0.7461077524885111,4.309230960613231,0.711,16.0,17.0,1.0,2.0,0.4215,0.0795
Resilient_hab_FAIL.db,24,94.54534250054166,37.99389435599669,104.77356362864793,51.3659434789551,161.37125067983533,88.5040952300409,30.218946629436513,113.2090224301524,75.21897910633506,75.03611482861186,89.48213583036613,64.58095422782237,41.53759121301993,161.5740695723399,19.71574487917764,16.914496209743476,27.178827994477295,11.895277785989473,62.06097414431251,40.86609233914159,28.00583508469893,45.71653570478045,32.787921511622564,122.32256746623155,41.57853796568426,31.551647492325948,41.92804281711997,200.2434340465388,True,0.4090030400642807,0.9330198603401844,0.8915363042594451,2.343473380359211,0.7762987292313335,3.8884663851140435,0.6665,15.0,16.0,0.0,1.0,0.51,0.06
Resilient_hab_FAIL.db,25,20.410454521524784,7.609953900320164,22.949048017633377,7.040484520461405,51.675818786935835,14.871506169055323,9.785806020872558,31.160410524493937,12.730286358156544,16.31546914420685,23.59289445324525,16.545202127845126,13.01971499106608,74.41295989444059,12.20652030370451,13.55000216350678,23.960406076735094,23.41752147072043,9.558703886450793,4.442037619245211,8.455866049537017,19.15982316589129,36.284116472480086,42.8302968433672,28.965825478930537,27.894965325649423,16.88368827215263,78.80927559461227,True,0.6653750149110389,0.7188944870748911,0.5621953755594796,2.609387579648407,0.6902466884141399,4.281682271883221,0.8295,10.0,11.0,3.0,4.0,0.23,0.0975
Resilient_hab_FAIL.db,26,87.3577930737268,34.09655133747335,97.43933600183584,46.74286369516824,152.05253872945568,80.60347230136455,25.034715510366087,106.74585248755366,69.03891209770342,68.51251097751012,83.97958780365073,59.36991193900566,38.71368560002108,155.5370133847606,16.838412575072176,12.68518440691097,24.685795143614175,9.396929170600291,56.86428820597093,35.31140278231668,24.372173005501843,42.7985618900822,29.464239380101482,115.74782118588197,36.85725346821205,27.477640100825816,37.3463723684178,190.23714845864026,True,0.48795202277250616,1.0511093275490433,1.0323504151427079,2.608322776384399,0.7460833771681175,3.846317963203471,0.6725,13.0,14.0,0.0,1.0,0.489,0.043
Resilient_hab_FAIL.db,27,51.28081209976,76.17416634618465,49.08094622766959,63.318649778174546,51.71958981552955,43.69801456839264,75.09014285743015,60.37968322628119,51.217130753897465,54.271866147882754,68.51472619022482,72.90984498384807,88.32366282273844,111.04885656951376,97.41212989042505,94.77194585288882,110.37279299667057,122.20437561351707,61.123501725261775,62.4154208291352,83.39442058015221,92.19682944836637,120.39231594445786,76.93031679590696,96.59549816933291,104.38530679507627,84.09670360077149,71.24467303372202,True,0.7417117458827409,0.19426775934555943,0.8213752429817438,1.3638803948968972,0.6616000041703326,0.4350612962044411,0.9765,0.0,0.0,1.0,2.0,0.0,0.0115
Resilient_hab_FAIL.db,28,28.679335484208654,46.38538818085338,27.986851513403856,36.456233819170464,38.010345456099145,24.010515837954134,50.05592191140093,36.95473447849889,28.77512689849297,34.44275057043161,42.771610212057695,45.83113891153856,53.0417202160521,86.00410683892159,64.52909080627568,64.42425035557868,79.67937434427746,86.66626091232641,33.367395431689125,36.82896926631433,53.09722621422702,63.354781576188586,94.05179449110823,53.09591217099514,74.31253396863887,78.85808688095517,58.20236605814632,59.22514012830134,True,0.5966553135820486,0.6513059525127761,0.5758861998189772,2.6178243882552517,0.6486408594199667,3.0385863924776375,0.924,4.0,5.0,0.0,1.0,0.039,0.0855
Resilient_hab_FAIL.db,29,32.672141719325886,45.944872647674096,33.022326930177215,39.46858657869541,49.14356759340139,25.427860208994513,48.518993915341994,44.84009142796777,34.45503273605089,40.85275664975489,46.37861127840796,46.12399311061298,51.79379456374324,91.86874495983707,61.74028314168024,58.87948326091856,81.60313780094465,81.0400141173688,32.39014180090616,34.216445721045,52.03120190867701,68.39460776237318,94.46694979229055,59.68154524310432,76.17119993718998,79.13107776981444,60.00855578999736,72.4781470883909,True,0.7231921445269895,0.623968096908351,0.20903067749178567,2.759520670665735,0.7707956900339757,2.8582134498098744,0.8815,2.0,3.0,0.0,1.0,0.028,0.009
Resilient_hab_FAIL.db,30,43.43414941794023,28.52883775769169,46.92378225239394,23.283986885069293,64.50953463705456,36.65014403208468,11.605765499746079,55.26795341382674,24.530364894159014,17.774196014033553,53.056150588367025,42.58275718711846,46.895676096069984,115.86636385217976,28.49581153522355,23.818308724864938,23.00179281320756,37.31932867319686,41.521669038865475,22.449552551707576,23.5241125610752,25.87675296294569,22.364366116412356,70.49666073290224,12.38529186938618,15.705700474150724,19.605905634726042,92.25466468479597,True,0.5012806876027432,0.5977786715138008,0.33838221443076666,2.8979751254531534,0.6260204608601537,3.557314501156971,0.9155,5.0,6.0,0.0,1.0,0.347,0.043
Resilient_hab_FAIL.db,31,91.45265216011192,45.55419654343937,97.61779531248148,46.24855973029343,128.07738828299912,85.31083976266862,22.564473203266555,103.15915059457116,58.79064471835488,46.97320969151834,91.88959924440206,72.65675243549636,65.98131982959104,167.84115552379905,31.84052605479084,29.570793551423225,15.199713378924287,32.239264985199995,76.69127654254699,46.995449888632145,33.42149744840013,30.122915416742373,9.12660741737632,118.46488038753967,9.721607622317588,9.869675341746039,29.22826635439234,162.66043878205906,True,0.46665545225889454,0.7048698836424905,0.31789726484047015,2.7100388319068105,0.4839848601775826,3.069422767467343,0.886,13.0,14.0,0.0,1.0,0.583,0.0515
Resilient_hab_FAIL.db,32,92.78920363727272,57.47863660350497,100.07911728583659,54.43263042247263,119.87514576304034,85.0769319262171,22.217680623701106,107.73998693960793,60.12008779547861,42.665613437782994,101.8669736589026,81.03649218123564,86.43369808388246,178.52186189470592,43.77207451489352,33.632903565871246,20.499993607773824,41.2084219940451,91.07806852615428,53.059229345473966,42.96903308432663,38.632373948157415,8.007607536001345,121.2776108515513,4.3988584191966815,7.143326826178592,29.242572905487474,150.70017004152757,True,0.673279515840876,0.45086586550387237,0.8363200198716974,2.862538754430002,0.5613661243172533,3.2757730042950595,0.907,3.0,4.0,0.0,1.0,0.583,0.0515
Resilient_hab_FAIL.db,33,124.22829811507694,63.64670191888505,136.34164589679597,73.0344607814988,181.39877597968228,116.0556167927898,32.718655384569445,145.35359605044292,92.73794208078797,79.36732098500416,125.38372326337657,94.31634484495102,83.61079743817189,208.03487730337554,37.998077267142186,26.93365566639885,24.44455605212336,23.56064276838628,103.66715712438524,63.201620309221155,45.737069038715646,53.623185231632526,15.143981280296146,154.11006102045823,23.13564721417231,17.09510851519904,43.26936680145513,219.1662020831248,True,0.6548996127045096,0.9079036725139691,1.9488085902336572,3.8358638202820727,0.2295202483332991,3.855802093231622,0.733,7.0,8.0,0.0,1.0,0.673,0.043
Resilient_hab_FAIL.db,34,150.25747663417496,86.73461322948151,162.5388559536856,110.50393944846016,239.01513964743998,142.41668493347868,93.0747008636468,174.05111492713024,143.34827211813518,151.77017813592488,137.67421100807587,108.54550441771197,78.80310067811513,199.04091501403175,66.08053353179022,63.72780975340284,92.59638344048352,51.193019726899436,105.53455098226263,90.55799661653288,79.17561555515358,111.481742453019,108.43816813817557,173.23924680900086,124.87849701581898,107.04208758697747,105.22301841540036,278.11662898712945,True,0.6662824367778213,1.9909836455091878,1.6164075104601432,3.564595098898601,0.6663944865763998,4.405820356985686,0.488,15.0,16.0,6.0,7.0,0.445,0.096
Resilient_hab_FAIL.db,35,90.15800357178955,44.351706868811526,99.97105393483746,60.99525411847903,161.1282687111223,82.41526593596575,48.23954498394562,111.27540140876616,84.74139696806141,90.98291146279419,83.26093469995129,59.94571713237657,41.7661150799119,138.68899419272998,31.14607309693631,28.052023190367997,53.171650014888854,22.114507132883137,58.67358353715032,44.91561726427793,39.01515940581173,65.51157453992225,67.94063322370208,111.36145286150963,77.37002149617771,64.30125282866518,57.8541675488321,194.75115505384366,True,0.651159451684289,1.8356389947442848,1.8728327767128543,4.366815098335142,0.6754813848713158,4.114209280980894,0.5725,11.0,11.0,7.0,8.0,0.3765,0.122
Resilient_hab_FAIL.db,36,84.25426555752273,35.26879861239151,94.07096708506245,48.13792743556958,148.31229888899225,79.37304971981325,32.86313522505319,101.42129511452545,70.36777643739045,71.41178124880764,77.72864463286558,54.68992394384176,37.86744839240963,137.45444106193816,19.63998938557735,18.152037204872812,28.406373674033034,10.509638501459637,58.18243917411681,39.2206347991014,26.92498606246398,42.83490501971298,39.700468224901144,103.90479517406061,49.43354067090529,38.494560330361715,38.670898424215515,181.33401255685425,True,0.6760934035331908,0.8073743168557097,1.763066585640059,3.5607271454289378,0.6783555041858735,4.241555267509541,0.634,13.0,14.0,6.0,7.0,0.4845,0.201
Resilient_hab_FAIL.db,37,56.52440769115887,19.124245298337218,61.30079722854886,21.913623954208937,97.15482506118872,49.760121445133244,9.347508989784531,68.92404850063733,34.77888316707547,31.605840310248226,55.98487935634722,40.87128385725829,30.152756162533663,124.0459727826607,12.101573752832916,12.16694774998658,12.004611381093758,17.258256976245875,36.332413056954834,18.93937992009096,12.91112842996123,19.36183862549011,14.214377027843016,83.97045194733089,12.81819073823908,11.168121728240362,18.871160176603155,131.61757023950008,True,0.7047775999799462,0.8530071381743779,0.9976564338439406,3.4969745603748885,0.6724475333582312,3.4228192126236485,0.8425,14.0,15.0,0.0,1.0,0.4235,0.009
Resilient_hab_FAIL.db,38,110.0981026336472,62.555621194959265,117.42133664791072,62.239715651297686,144.17012642895983,102.89311667361584,30.041446421549296,123.63252907021119,73.34842680218851,56.44294681288368,113.40192023814589,91.04591687235592,89.2822971050968,193.56200434766572,45.44748431067423,39.050629795277224,21.34251769316594,42.27629853153038,99.9735936862505,62.206888769459894,47.10011941849994,41.216966337524596,9.354196318625702,138.21216318421048,9.865798617309846,11.149310083473605,36.67723712320135,178.34142759239066,True,0.5762530125258647,0.8818763871387206,0.9801429521963323,4.919181205221523,0.6669744405383569,2.7476596903800354,0.8995,9.0,10.0,0.0,1.0,0.645,0.043
Resilient_hab_FAIL.db,39,122.63619392296287,62.02394253358577,134.362438737493,71.28499959868185,179.17182093894257,113.80302631027884,30.900952334646867,143.83036756902476,90.8887274484493,77.41955938371515,123.64916687462241,92.78403035489256,82.42575490136372,206.70680064519763,36.80264604696713,25.786091104556586,23.460710388754052,23.150972307827693,101.45788318581074,61.096350567356396,44.32516483983476,52.23899234624312,13.465031666074701,153.07172916754604,21.01837110458744,15.426242222994883,41.97402808307543,217.2703337505664,True,0.6961396979989576,0.8891431043467722,0.7740033166997075,3.2922920631368315,0.6884458033140769,3.498145507097967,0.7425,7.0,8.0,0.0,1.0,0.666,0.0175
Resilient_hab_FAIL.db,40,63.88520397153033,24.197683303833177,67.87183969725862,26.27212224625534,103.54713088032713,58.72356195538019,17.230137195922307,73.36185300529799,39.99657233202305,37.22921798939635,60.85728644701159,47.38014528707291,34.11925912435946,128.67148954466137,17.606824015899146,21.206706530040194,15.516252397856412,24.693500518825893,42.35220402997265,26.955439317336655,18.395855019525047,21.168986927390492,19.31238489276066,89.74349084690492,18.688002923320983,17.29157325040009,24.87416472137317,138.31203868818469,True,0.5752450220449101,0.875123844792108,0.7089393000283692,3.1801679557121156,0.6891673267110665,3.202085875894724,0.8635,18.0,19.0,0.0,1.0,0.4455,0.043
Resilient_hab_FAIL.db,41,32.36961263352731,53.56658556592819,32.10938796666046,41.71894680128382,37.040075151190194,27.51847945635275,51.73141551212485,41.33241776163633,31.17352818935655,33.87977157495169,49.73480425632399,52.24085080968653,64.34236271186923,93.74817946846008,71.36692987306566,68.5098620024685,81.95042150331633,92.31859110069324,42.91469847433061,42.35946872958277,58.95138783925563,67.20881681078335,93.43825799090422,56.9542659753338,72.215318217619,78.04651906261354,59.27884804817536,56.645224442062975,True,0.575457796148443,0.07458135486694495,0.6832386670793242,2.2849487990612225,0.8755961691902211,2.025771122717387,0.9405,1.0,1.0,0.0,1.0,0.056,0.0995
Resilient_hab_FAIL.db,42,48.780443584261235,77.13945977176562,46.798875525997374,62.73930549164715,46.655741077990015,43.02870305731169,76.05856148685359,56.74870710467671,48.926591889591165,51.97632387097039,67.756744891643,73.3625345796116,89.00483437152403,109.6497899990888,99.191169145604,96.74397847849465,110.67183982580408,124.39731207034843,62.01433705364832,63.99987330705642,84.4754766419174,91.85457905834784,121.84683716499683,73.89623766289787,97.11972788366492,105.1520760757536,84.03481879730657,65.0638590732898,True,0.5911982924152644,0.08060044434554575,1.1983052883362422,2.1806300316679703,0.8806441448865799,0.8309121380363083,0.9825,0.0,0.0,0.0,1.0,0.0,0.0615
Resilient_hab_FAIL.db,43,34.68956234983288,49.088174302280144,34.5252906984193,41.172381226702186,47.75664893507477,27.501042075297484,50.209758612866445,45.930883666302385,34.944208699968584,40.12770535627015,48.86472728538858,49.365004432955324,56.7008324893307,94.72327346915309,65.47435289993615,62.88154381108182,82.6682085387036,85.84702175921487,36.25755666748655,37.336094477251635,55.00564218462508,68.90041045741779,94.36005569435744,61.54372100889768,75.16774111941972,79.27264479529846,61.06817371556203,70.63590140446198,True,0.7290940137572793,0.46168710280794933,0.0928551467993659,1.9183256162169173,0.6824931234496512,2.8078347639446357,0.907,2.0,3.0,0.0,1.0,0.036,0.009
Resilient_hab_FAIL.db,44,91.36132100364281,41.0790006861538,97.88441885771194,44.60772435242596,133.71610737690278,83.5749311206723,19.452911932635686,104.97417099110943,59.93936629367628,49.238492368049464,89.70382546566003,68.55468149992137,60.08254228326606,165.80217398870568,25.917062813587062,23.213016574458237,13.037992780475927,24.71508627114601,71.82406889587163,42.08605769989176,28.9226971144781,29.19801015351098,7.097426605503404,118.84386716691598,9.541241126533098,8.295181100421358,27.51325236699427,169.68639900492676,True,0.7220271091700813,0.4244340616459615,0.5223934820266032,1.9187325044722208,0.676877767710056,3.3567047127133267,0.8545,13.0,14.0,1.0,2.0,0.578,0.0105
Resilient_hab_FAIL.db,45,30.48834985919332,47.30011378805191,30.10613040671318,38.53953673719693,41.57117221994339,24.16588684694548,49.54359126880899,40.65359275877342,31.400540389520906,36.64058417403068,44.62267889160663,46.12964627522137,54.88121020743833,87.80206298946884,64.60279489121316,62.75116867929566,80.97160897807333,85.22346446704029,34.447122650247294,36.222818926147575,53.59932926248793,65.90060779829999,94.0598617673942,55.330147585349074,74.73381906270893,78.96417819300088,58.6053347431591,62.902645309667236,True,0.7385038714697856,0.47555818494573865,0.08200200713534167,1.820337824934,0.6731574474073723,2.9132855696162103,0.909,2.0,3.0,1.0,2.0,0.0345,0.054
Resilient_hab_FAIL.db,46,32.594507373540424,51.140455288564056,31.852778757033363,42.09119116481294,42.858811638816654,26.19444520436894,54.509774202492686,42.55925338595861,34.457804584276815,40.37016283399347,46.887406920590415,49.21557122568487,58.18169824358364,89.11555220566444,69.57832445134876,68.03826916807674,87.15873819208144,91.19779175341449,36.67123477370235,39.755862921232016,58.159692404026984,70.8872593750385,100.88276586074826,57.45157999064377,80.90085683182684,85.33233973367065,63.732388475767955,63.949789184757606,True,0.7225933870751279,0.4251362877363325,0.5224296900247645,1.78312884971327,0.6742649947602944,2.772906848012327,0.9125,2.0,3.0,1.0,2.0,0.0155,0.0485
Resilient_hab_FAIL.db,47,38.29159029446444,61.710028797899014,37.54290606492601,50.83610760876561,44.57809728065142,32.16019044596243,62.87852933438795,48.35638655349852,40.546050569494454,45.67337378542114,55.556894786027954,58.73705309924261,70.18545857716143,97.93020935697479,81.39849511667555,78.41780982123662,97.75009447717606,103.72114205338886,46.336220832614636,48.908321068416065,68.7921488056434,81.08337816369261,110.56718216175592,64.01174764704052,88.47067324557456,93.93950418110622,72.40227509207429,64.64840267685122,True,0.6305348528793705,0.39384378709168316,0.5436317331754076,1.9527036830107836,0.6990000171030909,2.5981711305544812,0.928,0.0,1.0,0.0,1.0,0.0,0.0515
Resilient_hab_FAIL.db,48,40.2838207533422,61.34450873707991,39.6289344916535,51.56688864007873,48.77091336550439,33.17547596872933,62.29298467058681,51.29560072389346,42.42940654718078,47.7029242396458,56.857216649204354,59.09017481646792,69.67794295796423,100.40400793532376,80.27508384681802,76.90445789733238,97.82874819273755,102.15420015236641,45.95280445272684,48.09210337465112,68.2469546368577,81.99458396607766,109.88651209519332,66.94443161054606,88.3378992285186,93.48760554286054,72.92731324323745,69.88091211081544,True,0.7588098012967681,0.4907529674172751,0.06589002779954796,2.1017385117777216,0.7238016035155518,2.3866827752236266,0.921,0.0,1.0,0.0,1.0,0.0,0.0175
Resilient_hab_FAIL.db,49,27.886673940038186,33.75341495837829,28.613486509250624,29.198472191892876,49.25882991663649,20.954157360297856,37.456645939107155,39.706344737125725,27.507712174734397,34.12629154664547,38.49620972421505,36.79903098171414,38.304048288435624,86.16513013348992,47.02329541971601,45.78193058044291,66.48501150768469,65.12738952669953,22.861455073183322,24.26303611369427,38.99208591889048,54.99988394418821,79.58274240563647,54.71767467006548,63.98092991077421,65.76894187288144,48.806360787594606,74.51143544709413,True,0.7680292589972026,0.5327007307135873,0.10017143792253419,2.26129285900117,0.7469482626736079,3.5475441357376227,0.8685,5.0,6.0,0.0,1.0,0.068,0.009
Resilient_hab_FAIL.db,50,30.446994098567323,23.066054732597678,32.79738643545074,17.719983058438324,51.12648462555112,24.351240159023057,14.52411720722699,41.349821712503356,17.906821827037756,16.170146297119054,39.974862783570586,33.27051749063359,35.99367472964179,96.83267563477473,28.077234150524966,25.609960677724366,30.991525981542686,40.69420067108325,27.649332949859076,16.66754148944718,21.91725333245845,28.094523195362147,36.11487622322635,56.71753950726888,24.26111098084123,27.033857919868126,22.952642608691395,77.75462709354177,True,0.7940593367419415,0.5793203140867722,0.1401980532667504,2.3913281185333566,0.3574660757895226,3.5846875152726807,0.9025,6.0,7.0,0.0,1.0,0.2515,0.0515
Resilient_hab_FAIL.db,51,29.112927772686305,21.06853733173524,31.540306646885742,17.516777962318276,53.55117498635718,22.09300040784477,15.09837717171875,41.34336187119537,19.07720218515768,19.408261501816888,37.873553766064866,30.789915920823162,31.60716645252611,94.11380488354564,26.39981834200578,23.78096451163447,34.21707438264336,38.97819471968711,22.918889146159067,13.940727413808846,20.850215303098175,30.947331415449895,40.60529632699688,56.28841632101999,29.153040966525634,30.900550874563866,25.180903086438548,81.1055413294464,True,0.7761850596390628,0.5597209904870191,0.06896559668785315,2.4756579787826443,0.7846677405014434,3.746470194834797,0.8785,6.0,7.0,0.0,1.0,0.22,0.0175
Resilient_hab_FAIL.db,52,30.15167187267407,24.27532492954042,32.6125244481008,17.321235981582745,47.69924660846649,25.4485466111207,14.233273118686387,39.71891459791315,16.139030916508908,13.02184655939361,40.5696592214762,34.431733410353814,38.616013532722576,97.09996717682436,29.188099593446054,26.969560725629087,28.21442221607724,41.61575664563694,30.98126558167602,18.81287713670327,22.48068018905213,25.403224493985363,33.204334864375134,55.114548714399774,21.071144267791688,24.428548039016626,20.79960236058552,73.0783126124872,True,0.8076983996344912,0.6818554550414438,0.07476571516474806,2.60220171491541,0.6112289500102426,3.6105257231810675,0.9165,6.0,7.0,0.0,1.0,0.276,0.1025
Resilient_hab_FAIL.db,53,42.312944694148065,9.0841525193358,46.289405240542706,15.517767780451896,90.7551741900777,36.241190174608114,15.027961093235884,54.464535689219964,31.182988401522376,37.02773194585094,37.71106434145093,25.752769497421333,9.192872285059922,95.59963247841097,6.775014334587108,10.962927516656714,22.452552233098768,14.331734031304515,15.401534208627412,10.153307262297655,8.182228879442908,23.01667932353911,35.394894471927515,66.77807446910194,35.182089307232964,30.05957804326033,24.704912118267305,124.54202349585822,True,0.7725394418740632,0.6111390265080826,0.06439598345623276,2.396997258816177,0.7770139026907936,4.521024272282143,0.77,17.0,18.0,2.0,3.0,0.3035,0.039
Resilient_hab_FAIL.db,54,26.120936566864348,28.626985625258044,26.57953321502207,24.92271395211917,49.84270844410728,19.87619951691573,35.35017279473201,36.75593634993407,25.1291724731374,32.945435298194056,34.25800710044888,32.95381442629978,31.13093404790971,81.97731229781627,41.61310641908579,42.702695254730514,61.93952453892083,60.39612793693507,17.81377319907357,21.107443521282743,34.269742623719445,49.793137466658145,76.65349208003705,52.31241799167212,62.37765470866827,63.51641019830612,46.23329759492743,76.07877442134811,True,0.772868684796703,0.6320628558522832,0.13471066700628823,1.9634647273312695,0.7853198266706399,3.4393462957419225,0.8655,8.0,9.0,0.0,1.0,0.0775,0.0175
Resilient_hab_FAIL.db,55,35.38975269601899,55.4000614971923,34.89513973526658,45.68071787248802,44.43440207831136,29.102958262772557,56.980943752755515,45.73470404649369,37.01560758323461,42.359043320496795,51.36060276306629,53.629567527180804,63.213920870219816,94.80890825215369,73.85985779608171,71.25012945511021,90.64901305821469,95.42713295615727,40.95984915838124,43.2566513446403,62.108385170588825,74.96511785777821,103.44422000800998,61.31946981903016,82.57427167361911,87.39268337637769,66.82377580104718,65.50411625208842,True,0.7536764391565536,0.4200597812690986,0.07042849461480205,1.8692319990963653,0.7755248685743299,2.7732855387220754,0.918,1.0,2.0,0.0,1.0,0.014,0.043
Resilient_hab_FAIL.db,56,27.36058916625868,40.111666701510735,27.591499716460515,33.626821270137,43.27774782733022,20.227383211846153,42.98263696512144,38.895158412580884,28.84219557310018,34.55428717888529,39.790707886911065,39.392339008612595,46.774931489206985,82.99501591783324,55.56479706904092,53.307813532466255,73.81364485006185,74.03396750030831,28.2400712725891,29.219948007745295,45.91714188018925,60.37676495586403,87.13277992947825,51.92505944711323,69.82268607639807,72.69230218353121,52.45306643807333,65.40215343110857,True,0.6390409406018481,0.4103508539797459,1.2927268502437754,1.9769690914803164,0.7823458273850834,3.0689189803828456,0.879,2.0,3.0,2.0,3.0,0.0455,0.0445
Resilient_hab_FAIL.db,57,43.08491088872382,9.590720849998426,47.64060425827408,13.35162265789235,85.88536978079024,38.165304427551916,8.258786845051226,54.15880294902652,26.74076504051389,27.67288406681649,40.60731539550237,27.724529730500077,15.377462866966608,101.0944863699792,5.109050412766172,7.86237517557301,10.795755478332,10.832726787940146,22.77214950870668,11.320417151981598,5.91072605357155,14.273874203507335,19.901832895383947,66.49798220877688,19.47231546929063,15.955791882189896,15.356376742804565,118.19316939002147,True,0.8112329939440294,0.7296769214763152,0.05150569342862922,1.9704268279937418,0.7892682749441484,4.188827531051425,0.8035,16.0,16.0,2.0,3.0,0.3785,0.094
Resilient_hab_FAIL.db,58,45.68928066336352,10.102412483378682,51.55002291733779,15.335888948949547,91.63206661602118,40.04039017822446,5.8077057345952845,58.9307976498012,29.654837540138338,29.369216864776973,43.71833189146149,27.997711578313037,17.075659694937148,104.53708389162126,2.946028378539589,3.145183830505694,8.084522653517654,4.7801672275722265,25.98798368866519,10.961443994363965,4.817142257329181,14.76260388116956,15.909139166634738,68.81680965520553,17.004757644664345,12.419585972233318,13.008769869627036,123.66351820604466,True,0.8301667749710687,0.7343151316714892,0.33218485712638723,2.2855884080780413,0.7829200932438647,4.3460721568008545,0.7715,13.0,14.0,3.0,4.0,0.403,0.104
Resilient_hab_FAIL.db,59,142.45241911092842,75.15208803508227,155.28350362628674,96.54431095805481,227.286975167406,134.9304482407532,72.18971993222172,166.02467693751214,128.02468696771732,131.72741812884186,132.92921588458597,102.35576911596812,72.4739099565409,204.00616667290905,51.61626063972585,47.353803850510886,69.12133941490828,36.63595982207953,99.67103567102193,78.64610805953447,64.50521067711472,92.3983914371683,78.28079386362099,169.8138402045417,93.40339815198186,77.75060904187394,86.00246186520525,268.6845900310311,True,0.6100582692846185,0.8019625190060222,1.2614549677205829,2.5008633916390757,0.8406967107846103,4.474067570520012,0.542,15.0,16.0,2.0,3.0,0.5155,0.0515
Resilient_hab_FAIL.db,60,88.54671728135415,34.342340347303704,98.38708007907968,45.62401498553386,149.49027202349038,80.5999548212605,19.834281989151528,108.19967397150793,66.64157133274658,62.80984321284122,86.27986138087657,60.86645794708348,43.524801157465134,160.83212629695092,16.170979185866507,10.555608161523459,18.86875317225406,8.663986968104943,60.20435231709584,34.45908402700525,23.147514377355797,38.652154462934405,19.32862093972097,117.96674808250651,25.858147303833597,18.20356382291365,32.2417189472995,187.78592230836674,True,0.5996559169935185,1.1175549459727616,1.2729064571010666,2.6106639316911346,0.8989587698552811,3.804846280714509,0.7065,12.0,12.0,0.0,1.0,0.52,0.009
Resilient_hab_FAIL.db,61,80.05572449723957,34.170703536121856,90.0652010978202,48.13441212541974,147.59449900188207,73.57128793184204,32.68990600754462,100.57390249881877,69.92199456322447,74.775529307585,77.56735679127618,55.03287267381784,32.754297503476124,143.16957129241365,20.72115447619668,16.707006841325104,39.054333445623755,14.629837714536286,48.5340746658056,34.003742469457194,27.818897249509583,53.25515609177937,49.7025434564943,108.21093397604824,55.87773650449443,44.78475941998357,46.391632119002054,184.6810675279644,True,0.600073670573542,1.311500377589223,1.3690055130517822,2.694654227131668,0.8888538650830587,4.042155703211616,0.6265,12.0,13.0,0.0,1.0,0.3885,0.0515
Resilient_hab_FAIL.db,62,83.93705694635776,29.296829521564934,91.30646781308351,39.543434588910806,143.4682153756737,78.77178572434693,25.707636082226273,97.71053598661356,62.06220474875776,62.47455974871771,76.34535403811196,56.300965367682046,32.71579877840185,147.08403460437563,15.225430551460715,17.846333569718745,20.48003463715027,14.21998741308788,50.903285393045735,34.42450973706493,21.520062526752117,33.15315552584487,27.205710449710743,110.46134591811082,34.00026295055166,26.5396667127095,35.59254060846672,182.264453560022,True,0.6074153845315728,1.210830735953482,0.47938127964257715,2.6843284616264467,0.860629565320654,3.99374044359045,0.74,20.0,21.0,0.0,1.0,0.494,0.0515
Resilient_hab_FAIL.db,63,40.458280461298166,12.383341256308388,46.04815987371832,19.439889912635188,90.69521930424835,33.8024090541241,15.566306408018747,56.345031348985906,33.342563720754,39.86559367066464,40.82714318998483,27.340852058948762,11.990541405725798,99.64088629097611,9.931453749346085,9.303930273727088,29.569064339695977,15.105952568649641,16.07887868312836,9.833339911095763,11.296861978018367,32.32653420677116,41.98076642884571,68.00299635464931,40.111258973873035,34.128545993624044,28.34323878849652,124.21475972271014,True,0.637281942601346,0.4906603975409694,0.2709362508233549,1.7136248080654877,0.7575786425149477,4.528963268533393,0.7325,12.0,13.0,0.0,1.0,0.2615,0.0175
Resilient_hab_FAIL.db,64,18.898777416817502,14.384745475441388,20.76209553883319,12.242803695440337,46.31964792958068,13.13842835773835,18.02880515696939,29.935351513735068,14.882540823222206,20.122614631798733,25.055240438805285,20.40780801005841,18.86223864778869,73.61542980742263,22.746611563763167,23.238254122812002,38.15878420571022,36.65072475340066,10.766043112164208,8.878041972102892,17.243581745473236,30.278490325421792,51.659966135254095,42.54733155593269,41.085134189715966,40.92009706591791,26.46629604882948,72.29759731759684,True,0.6656854128114456,0.5162243687879133,0.3719486768306336,1.7415132810012262,0.7506663035431437,3.9366857831725115,0.8395,8.0,9.0,2.0,3.0,0.16,0.077
Resilient_hab_FAIL.db,65,56.84208537598548,15.133705188409488,63.33232134399282,22.10994727382442,107.41858900882393,50.74175600013614,9.82088998505654,71.20189539870634,38.81689754254997,38.62475499276115,54.08699689870579,36.600016747207306,21.334522823189587,119.96401101781781,5.659035657767782,5.590349900178298,11.429579834432271,6.7148085085813625,32.315444349152486,16.345664500450493,8.942514066468354,20.78152953601745,17.75831780434877,82.84521036594886,20.043552480562084,14.735744004250561,19.350792625857544,142.40765423871028,True,0.6740908432281474,0.4902942874181742,0.32464326556908163,1.710296965679639,0.7318886872698009,4.010061327808485,0.7635,15.0,15.0,1.0,2.0,0.4245,0.0535
Resilient_hab_FAIL.db,66,48.8923839483336,14.018187489215679,54.85355930617885,23.787513512311463,105.69573740578352,44.139392542222296,23.618077601673207,62.98172017545633,41.98441973657408,50.5628940545607,43.69583990093862,29.72086464833327,9.610929352826798,99.02705494256185,9.66099930539336,12.993929723936475,30.52818856032875,12.938580155389914,20.153715997681743,16.141052146825693,13.07454172775888,33.09537849402839,47.78826784067458,71.88291134847275,50.483450509279265,41.867651035199756,32.99719243704407,139.19168493064086,True,0.6418734234953707,0.6069268662793269,0.5041800866061477,1.6146946579888568,0.7731692734708694,4.476124750804823,0.6915,17.0,17.0,3.0,3.0,0.3005,0.1055
Resilient_hab_FAIL.db,67,28.55386174953795,13.428623392331323,30.859620924527977,16.841465186258546,69.53694712268255,22.829006393787843,25.87496723379137,40.29315581380422,26.572801177186406,37.26125247688782,28.783186749974444,22.81436822201655,9.732210414677354,78.88755137085789,19.87283697592859,23.896016931946203,44.70409591665098,33.44446630607245,7.088433077090708,10.832267874878296,17.636934164717985,37.13887350723938,62.761845350026555,53.54687544490142,56.38798293524673,52.54611229591806,36.93599666446765,100.05742414884494,True,0.6591153404187792,0.6344229618342202,0.47226917868665813,1.683625498801743,0.776108824395637,4.38971479342757,0.7805,14.0,15.0,1.0,2.0,0.1475,0.034
Resilient_hab_FAIL.db,68,44.6111240552614,9.73128740041436,50.471995768195065,16.830844352983366,95.56475341777369,40.67787388387383,13.938707064659068,56.974366810836614,33.12438512500181,37.66970351190069,40.403473670797574,26.31336109171095,10.120114798020078,97.13368490826115,4.220931580648338,7.299620975657947,16.537324044073042,6.977279863133965,21.119499134463503,12.621036418454645,6.814882588425301,20.335039468435234,30.65137456060964,66.20917517284542,32.97599593413285,26.14790620590442,20.833067480836384,127.69945365809863,True,0.6496685180302049,0.6928129385892768,0.47834793223768846,1.967759590423661,0.7744352586584368,4.1525655019865715,0.731,16.0,17.0,3.0,4.0,0.3595,0.147
Resilient_hab_FAIL.db,69,25.49969814858813,6.607809401385026,28.986979818996463,7.944252857421513,62.65888356534377,21.213497707829294,10.22975656230483,36.268709284506365,16.602450197302424,21.401995138395396,27.192804259273675,18.88749437866903,9.140666047678309,81.49165153904175,8.798692449690732,11.218887727930671,21.645115010075017,18.828351214063442,9.95067080973643,5.510813811891022,6.797560163894359,18.953080312762854,35.01734966716939,49.27616659649042,29.800446828246013,27.089974524189007,18.36193862076829,92.2524885426469,True,0.5258257615059936,0.6992691041742315,0.4831619005397705,2.1650816547575498,0.768924452738088,4.236042007748596,0.807,13.0,14.0,1.0,2.0,0.2575,0.1015
Resilient_hab_FAIL.db,70,19.21674547451533,7.13378968487947,20.715485985484296,5.675221158348218,49.48828506364453,16.495160949952382,16.106005145217775,26.053918534256276,11.86952542732987,18.006820029524576,19.7117940138249,16.002566914500036,8.720184319860673,67.35348795388322,13.97672445364897,20.27871684586004,26.484591021675445,28.30133597439206,7.303234502028928,7.697369241985555,9.84126378968212,17.64923655661896,43.6493454966778,38.892303602285835,36.77839442858514,35.427609143889626,20.620870265274274,76.10108827537624,True,0.5284855436948511,0.7451371190892268,0.5015194589849797,2.162417891850308,0.7569846744727147,4.270658147277855,0.841,15.0,16.0,3.0,4.0,0.223,0.1665
Resilient_hab_FAIL.db,71,28.30404395481801,18.28940874925708,31.97849764261399,14.590846235000846,53.124780418161706,22.338232122777256,8.55692073549262,40.79970074819199,16.154176748522517,14.245859064696083,38.01119971914092,29.08014148411129,30.770083194313212,95.75451231847373,20.882789969349183,16.87469486027642,24.223241884605493,30.328164161151243,24.854738663262097,11.942915127815414,15.980745546101438,24.115197479661475,29.316740499688667,54.67062471376089,19.11142242723374,20.452101822725037,17.289729575742516,80.0970438594193,True,0.5680503306161512,0.35013664098259234,1.0834346486676918,2.3282070717785754,0.7524559361831037,3.5430813063693174,0.8685,5.0,6.0,0.0,1.0,0.2725,0.0685
Resilient_hab_FAIL.db,72,45.14053267047271,14.484437714402187,50.46339004564388,16.191835476214873,82.89717682195115,38.59088731074198,3.199251516904914,58.541952254503215,26.288955410949868,22.62401650436398,47.67643587642231,32.724418681528995,26.682785321705964,112.24537203083482,8.531402728298726,6.1343295774889475,8.463320091550742,12.273584260853891,30.866380629316033,12.501135191278589,8.351498232911023,15.569495644301107,11.218952066874246,71.25802966339857,8.50367352516095,6.950085622519975,11.748737050731126,114.55284076922467,True,0.5622463234123198,0.9286850433983576,0.7392243979311144,2.2909479447915344,0.7695004650204895,4.217237404519254,0.8285,10.0,11.0,1.0,2.0,0.4015,0.0535
Resilient_hab_FAIL.db,73,152.89308183077702,83.30394605678318,166.76041044496426,103.67085712246688,235.61076465766206,146.25835415576447,74.46176008722338,176.20171977367107,134.45544910734168,134.04689723135886,144.2228370270705,111.65948809215976,85.05294679563741,216.7733939839936,56.62469966142397,50.86122245845136,66.10113268608691,38.240788144690406,114.90886519270262,87.78458700751594,69.8197269230479,92.97157336501141,72.50661202429315,178.3848924468479,88.91357500770049,73.66248525392297,85.57449088352725,275.6445360658088,True,0.4854729458375893,0.8216439593767924,0.6977225700938323,2.3164373710433908,0.7478848478323166,4.192269834239949,0.5485,14.0,14.0,3.0,4.0,0.5925,0.115
Resilient_hab_FAIL.db,74,76.56491108243812,25.168895489219913,83.44101672991907,34.18318997186057,132.93633246709754,71.10952541472382,20.915364952137608,90.11272572170373,55.03889501913946,55.09289399673281,70.16112789138215,51.101607667220016,29.61886106427051,140.1935588324269,12.524106658503202,14.781986878202748,17.346214442179562,12.735774592367468,45.5932020707182,29.33461127330841,17.84384461995417,28.86332552755618,23.54602736523959,103.25638334538877,28.86184947811239,22.354564814374335,30.817733720388325,170.9766388758076,True,0.49690615012673256,0.8695577439054972,0.6879371394816008,2.3102585228860772,0.742331768770465,3.8602411769631875,0.7565,19.0,20.0,0.0,1.0,0.477,0.043
Resilient_hab_FAIL.db,75,29.171653577045166,5.935992403242593,33.683969724379615,6.330998519012715,64.45886039953969,26.83338828597724,4.916432989258959,38.10361691756673,15.293952734009277,15.48534072207198,29.464218235051593,19.097287957308552,12.911938793882985,82.85172049455878,4.077959100394203,6.740831990590195,6.4924310166965284,9.643372886830644,19.05611709819921,8.06227625359772,2.8080592051683517,7.177190879734003,18.46334777990643,47.78105632482674,16.387905754893936,13.595998338170999,7.458873982739967,91.57263935763645,True,0.4749785371940252,0.7350219431936047,0.4096748095123113,2.775568426375924,0.7191836353292512,3.9016677252271332,0.8085,13.0,14.0,4.0,5.0,0.3685,0.228
Resilient_hab_FAIL.db,76,34.861750858699125,53.037129263268646,34.182862123964306,43.07141515523581,43.44518450611747,28.71109711536054,54.043744906766015,44.521589408602715,34.77546270862916,39.40886349556911,50.08497200408997,52.31318031496997,61.54198491636723,94.52959671116933,70.9825617624625,69.06789905860946,85.92942558576105,92.78755454122037,39.99378152230809,41.632916148220374,59.33138968623987,70.51491821759943,98.04169679638167,60.63932169844381,77.53292423596946,82.6701479587557,63.444794656809876,64.88266685142816,True,0.5257109292109022,0.6785942254168,0.39736391880003574,2.8484720941083674,0.5974806440218752,2.663656972223546,0.9295,2.0,3.0,0.0,1.0,0.033,0.043
Resilient_hab_FAIL.db,77,39.41287064163183,62.554098571300415,38.583560218669746,51.70100182076061,45.64588505907335,33.05111131715358,63.51841780799047,49.54789173192746,41.46665282072052,46.48481869624128,56.5953969116046,59.71915304300069,71.23340353735628,99.24473471378022,82.22655156346082,79.21429570525471,98.53174821902915,104.674220729258,47.1827549052746,49.62077465884074,69.61398855146732,81.8995439305115,111.02700923549234,65.33518406999258,88.88013115961367,94.46293517414163,73.22086798451085,65.87897648619061,True,0.5373921795386973,0.5969726182259439,0.3882290741343951,2.8404343622289967,0.613099949115271,2.2245983083896363,0.9305,0.0,1.0,0.0,1.0,0.0,0.043
Resilient_hab_FAIL.db,78,56.92712406314977,27.035394578204645,63.52482877448219,26.80835306885657,90.32643749126862,49.55466136159755,4.868019908769907,72.33015940435301,34.105509700995455,25.000933942234663,64.16513228183308,46.448658604843594,46.12650202767108,133.65283895379415,18.205672309243365,10.775379002275155,10.131331276225898,18.720685198355554,49.17665175869075,22.47085847666359,17.54187124398581,22.246343677809424,6.390099347977378,85.07783470635961,2.405745976121555,2.479927478865634,13.896078962205603,121.30922828753594,True,0.5628228413706355,0.5258324182659483,0.37792861989023935,1.4434678284616744,0.6064730117927284,3.722489836605384,0.8495,5.0,6.0,0.0,1.0,0.4555,0.043
Resilient_hab_FAIL.db,79,23.44134270856139,32.10743512269495,24.830745081396124,23.81573344842689,36.602249587761854,18.080348616454973,27.473186474100796,33.868389585315704,18.37696278788205,19.22197641924879,37.2280979636623,34.88497222249384,43.56284987692162,85.35252731652463,43.61561513008271,40.3110431700119,51.382393566081035,59.257356689401746,28.72414265171595,22.99078218443713,34.3485134374414,42.45092489864001,60.76237063969812,47.65136710287244,44.49385724486867,48.23066917156739,34.79091906341769,58.57357832346982,True,0.652529494422492,0.3613565784559015,0.3675084990794242,1.459297233417584,0.6488837753457062,3.356676688046161,0.9035,2.0,3.0,1.0,2.0,0.1455,0.1025
Resilient_hab_FAIL.db,80,26.386545073529057,17.337212352263126,30.114903334317578,19.801428365803453,64.67566492737775,19.561414510853314,22.845444942051618,41.458155439179514,26.149591740296195,34.27437287177317,32.13595323814809,24.142195901213803,17.56335118259051,82.2992359711941,23.03852803102159,21.23290585920989,46.2341770510772,33.2067051607481,11.989357758301345,10.718428203766004,20.035924184618104,41.62646772662229,61.18818525544097,52.53941619685387,52.9578446884437,49.57415929863504,34.83012996455853,93.06358905092415,True,0.6691647205636556,0.38762661518393426,1.050704676925221,1.5063448980019734,0.808709088836848,4.559670304093046,0.765,7.0,8.0,1.0,2.0,0.1395,0.0365
Resilient_hab_FAIL.db,81,43.483406667779576,14.431807554775293,49.68936985267159,23.62249671061277,98.56289959967812,38.62167048491077,23.923442158594533,58.57680914102592,39.75885960901614,48.81264078898816,40.66339732895064,27.157286912644906,10.057253934752882,93.10102782392313,11.562774873183454,13.093147183844927,34.292638826257146,14.40705185893951,18.353991354133747,14.767782268752606,14.141636399398251,36.001865184010505,52.422532109959924,66.02145675610166,53.74385490215205,45.13465987370621,33.319538256113574,130.20699119011022,True,0.664003594227441,0.3708457136313403,1.565712630044014,1.9227048464298353,0.8025560996534715,4.472446334574303,0.6785,14.0,14.0,3.0,4.0,0.2655,0.123
Resilient_hab_FAIL.db,82,22.888810347393473,20.08252368135927,26.570419451095884,15.470702146786518,44.617536433241916,16.86219536969784,10.863553048046967,35.9654920204055,14.424785532121126,12.73499988848837,34.56942791987453,26.544565834564885,33.16826974022509,86.98161877225458,24.72812569518445,19.219117748709373,29.288258620542283,33.6260494584169,24.722993799263023,12.189653861397279,18.650526014077876,27.5266536112479,35.94858865151862,46.94902003818867,24.49426635104358,25.951450149851542,18.071915129553865,68.40882764966119,True,0.651729364914256,0.19474125004301507,1.0344421498767602,1.2323529724651179,0.5955541049454103,2.6402200824136144,0.8555,2.0,2.0,2.0,3.0,0.2375,0.113
Resilient_hab_FAIL.db,83,80.00402315837377,42.32330907966203,86.66225517321867,41.19467974664766,111.846878954363,73.30707047102533,15.282548911240106,93.52114415430556,49.67332386728931,36.441910401610436,85.35137423071336,66.20695327696052,65.55452781018349,159.71625718326808,30.0105589739213,23.80495030174016,12.679082320992398,29.513311830426222,72.27535379505082,40.42507100155641,30.04916654410178,27.90614293974233,5.139348572897729,107.52987786401307,3.0025369332917675,4.137440174354546,22.263410960786054,143.92362777217576,True,0.645024958240819,0.19794371203778116,0.3661315963316689,1.0819921842069362,0.6621104856295812,2.985309220021743,0.8865,8.0,8.0,0.0,1.0,0.553,0.06
Resilient_hab_FAIL.db,84,43.98653608928355,12.266481065371801,50.08895757263798,15.0170693438819,84.93929215638119,38.9080205746824,3.258867406296537,57.18546659374155,26.30746897619002,23.9079137629197,45.82544001025186,30.518525329127947,22.06649636955025,109.21849093428519,5.44501562006067,3.704283444989934,6.665645954810591,7.708872087473621,29.09311365254167,11.80760127912353,6.1170299948103946,14.242627752215895,11.960014066657195,68.88091429097345,10.733599004254009,7.675427417692273,10.937209357867193,116.40149236136082,True,0.6759042923187148,0.3057583183635745,0.37479773217410944,1.0909501880479315,0.6733355221776537,4.30486465660815,0.7995,11.0,12.0,1.0,2.0,0.41,0.1045
Resilient_hab_FAIL.db,85,26.241679489235615,25.0666778977894,28.059573841179436,19.671373781020964,46.39869956546972,19.94846170377777,20.67617809430671,37.56121040005655,18.554959910022852,19.77034935296734,36.83588676042669,32.11649782030497,35.16088018869772,89.8869847909396,33.386409982113705,30.97491552947309,42.23766087200549,47.94400656000019,23.771047577818003,17.222340308116237,26.292537535797337,36.082441302150364,50.32451020194249,52.61476928570277,36.720551211696545,39.24373777805733,30.0527588687833,72.0651574891881,True,0.6218191640424486,0.3083454865836242,0.35007521251529117,1.104365111145143,0.6655733470169454,3.6968497290903435,0.89,5.0,6.0,0.0,1.0,0.18,0.043
Resilient_hab_FAIL.db,86,28.16487045775268,30.469692651065053,29.960131340641777,24.297305979867755,45.66407800550391,20.869889487441085,23.72815847368875,40.47370308345554,21.383241339704277,21.435558557125766,40.49674274090547,35.56529169511246,42.765221351789194,92.17965175562043,39.40141696770345,35.0452434292648,47.53786370770795,53.41971952560107,28.977191784886116,20.72945578828584,31.52754188377972,41.4168562015224,54.29242059362847,54.26611993813344,39.56208664080938,42.79378873196847,32.984855779222215,69.90433406951577,True,0.6949367273313252,0.46337439502241595,0.37322830558456255,1.748160456088713,0.6748552256713817,3.443164890540011,0.8935,2.0,3.0,1.0,2.0,0.168,0.0375
Resilient_hab_FAIL.db,87,26.86075011786656,37.60087159754708,27.633565825940636,30.929585071192005,42.95446832445725,20.079007719915353,37.8355384466974,38.55578895233025,26.277615328143686,30.668489416658733,39.95555823446185,38.580160859875676,45.44624952843841,85.88768568611358,51.49480378350411,48.53986204699792,67.165372280622,68.97384149834696,28.117047774519282,26.966742171754,42.20341799607981,55.68521173414471,78.90146477914692,52.33432905691796,61.89678537616722,64.87712128815566,47.54033949256353,65.7261749380361,True,0.6062395028023053,0.5966095656145707,0.6263438819581892,1.7958037218170892,0.6817839731197456,3.4162950911241676,0.8835,2.0,3.0,1.0,2.0,0.0745,0.0455
Resilient_hab_FAIL.db,88,63.41334336648971,19.417876470368604,69.24048394284915,25.241044011029572,111.95998797057486,57.8586372692054,13.38716935193348,75.9339852506737,42.11056497576689,40.98262602449434,59.76187337509325,43.069857473111355,26.471744568890884,128.1331072511975,9.831017937364118,11.524237548839194,12.419974685570606,12.663832881863273,38.00522507388419,21.934682967941942,12.878704506624642,21.407243371379902,17.538499577242295,89.96981102701716,19.617210638399122,15.345343687977106,22.64792969051012,147.97278341570987,True,0.7297854254753083,0.627666445152253,0.66046597189732,1.9191820260915657,0.6987646912688528,4.068343029326999,0.797,17.0,18.0,0.0,1.0,0.449,0.043
Resilient_hab_FAIL.db,89,60.17488514240695,19.47071177908799,65.92581577872448,31.81588742251575,121.82509645008898,55.31684984819275,33.777182041772,73.24934117640709,53.816592754561924,63.342586650259705,49.18367577738753,34.23073895020003,13.30466438811007,99.53945443427922,13.61183788352167,19.861387706715895,35.46613807307499,14.893242513933853,27.873744253409154,24.50785736584919,18.595778007748798,37.37456793413165,55.68495413413818,78.09301140190391,62.49533051920548,52.08162099842009,39.870863484000836,154.53986877365952,True,0.728778321512715,0.7002162130475769,0.6850153017000536,2.069695350679939,0.7162407896350635,4.664421948773283,0.659,19.0,20.0,7.0,8.0,0.33,0.1595
Resilient_hab_FAIL.db,90,122.3631808136352,55.68450333028077,133.5858240005118,69.16578609576774,189.63535688244997,115.51944185719911,38.69860868741787,141.5027398602352,94.750893072414,88.7430889531071,116.46676233246194,87.44846985595997,65.46749959463743,195.94537639292219,31.548300622371983,27.10619232342835,28.816487840512398,19.995820807375434,89.7680270384891,59.527233610616854,41.29023222069441,53.72382193947669,27.649997340358194,151.02280370226757,38.85148598904598,29.64001135657064,49.7860043303251,230.27492021404754,True,0.5876839046945792,0.9046883774094346,0.7273599090243863,1.8005655732409518,0.4767188937663437,3.936387780109347,0.69,15.0,16.0,0.0,1.0,0.627,0.043
Resilient_hab_FAIL.db,91,94.95095164228199,37.77566214926434,104.81227379369507,49.380969737095214,156.60295910269213,87.77051703948364,24.090194154915025,113.26458647626903,71.71545875782101,67.189275145512,90.23453922667471,64.3944733416881,47.211976153369015,162.97483437692063,18.334928894171814,14.316750010059307,18.521146232271615,9.579885677047537,66.66830490380558,40.03232914397756,25.906143449630907,38.489956176941,19.856402877542955,121.35541518733653,28.42716993591575,20.280702204745342,33.867863623691676,194.1051112570546,True,0.5926161340178098,0.9166023959791194,0.781779665764383,1.6789249018470813,0.486405209681876,4.180493544861867,0.7015,13.0,14.0,2.0,3.0,0.558,0.062
Resilient_hab_FAIL.db,92,91.52234135499745,36.454740868338526,99.10935660719426,51.56849919960234,158.87871793832022,85.92816050636438,43.821143526754824,105.56537957169654,78.1977865714666,82.13271410807278,76.19577406908539,54.979974814312556,35.564434687000904,129.47849004892126,22.29405261891788,27.432223977370708,34.51813068026807,15.747915583890649,58.038962234179984,44.31243390404455,30.426749276268694,44.09545157614125,50.32649523307376,105.78702207669053,63.463553790814345,51.63650240596581,46.32343989843005,191.9580662489345,True,0.5930735148778178,1.6314539395950383,0.8416027234153037,1.5910650143187144,0.4839413822786326,4.467728588733333,0.6325,19.0,20.0,11.0,12.0,0.4805,0.213
Resilient_hab_FAIL.db,93,28.853619349072822,39.796438185952056,28.89807063308296,31.86590164904964,42.55850609086823,22.82083874722407,40.727900392631724,38.81910433344279,26.70167801534641,31.104040585501423,41.65097415089502,41.810986941454466,47.57101956860351,88.58245099923339,54.709995057819086,53.454172879945276,68.95594137524698,74.45141837400479,29.948275429957057,30.117453458293703,44.83134332647061,56.10732692051903,80.72999704742332,54.67793398664092,62.92932934925487,66.80019305153307,50.185737487438374,65.76769606469375,True,0.5954864507335395,0.5733796843410846,0.6286342308574636,1.980070307271959,0.6825800870412367,3.0631712917538643,0.911,4.0,5.0,0.0,1.0,0.0765,0.043
Resilient_hab_FAIL.db,94,48.17252055059923,22.37011161676581,52.209861698836406,20.224668794337582,77.2296826250949,42.181021210597834,8.479849354574869,59.26896612439917,26.70266150638456,21.011881537010783,52.81737752057449,40.499743489927,37.78332742326264,118.20864312346555,18.850476822631038,17.100517050006626,13.769222754445618,26.073671581323442,38.67381656633174,20.008115506867608,16.472370505623058,18.72195791992154,14.494770115885869,74.67205384794906,8.718276861431026,9.962412939966544,16.149324152776988,107.81794472768667,True,0.6071547397965402,0.575028915978431,0.2837999617660598,2.226042848095315,0.6761255720029011,3.5348441084240907,0.8905,10.0,11.0,0.0,1.0,0.4005,0.0515
Resilient_hab_FAIL.db,95,30.473408933189084,13.375058175503668,33.94573362444524,12.180310985254676,61.23730797335308,24.362571365455885,7.701729355327237,42.52963837076158,17.660000364071898,17.71618849553477,36.08149878068486,26.59195845163493,22.691857206870395,95.04923676944533,14.751468501887045,13.4104161349964,20.985099760217647,24.524696795411018,19.835579980988598,9.158944416607639,11.474891733545542,20.906215304830457,27.62000810437038,57.02110687088737,19.865207090639977,19.843469106767575,17.105246543128747,90.6907468608253,True,0.6088214164606027,0.5852885536754295,0.28534963987502693,2.2738491167221313,0.6908101225641138,4.281241270682919,0.8535,9.0,10.0,0.0,1.0,0.283,0.043
Resilient_hab.db,0,98.55930481738274,38.949777952360414,105.6038758801412,53.4831809536752,166.43019893506505,94.28316418763129,47.23811799463453,110.56292816879872,81.38044843749611,86.00659249330369,82.31331488295218,62.33960647318311,36.34467998641471,141.73266082912642,24.62206899137268,32.53055234095527,35.773275618313775,21.307582300013788,60.40157714541087,48.86718347849051,33.0440512935668,45.19600703016913,50.99533191637172,116.19246603737874,63.741561995937374,52.53054416438856,51.6195480299791,202.96660980245662,True,0.15,3.5,0.2,3.0,0.15,4.437247389550706,0.6675,24.0,25.0,7.0,8.0,0.497,0.1705
Resilient_hab.db,1,135.11608318210804,66.26198295915539,143.9590222168214,76.12574680742345,190.53672950883214,126.14373545582826,42.786086467179295,150.62701357912294,99.78235307836314,85.89718882946534,125.13730013698581,96.2348844185059,87.09579426150336,200.02045382436862,41.50375203381299,38.85243243715191,23.90985987292882,29.93095131414221,109.92735832577944,71.47292082339271,49.49169068858131,47.79608732555188,17.08153067031335,156.0244438389314,29.32171637697253,24.043870917902957,46.196250457918886,226.77347592206482,True,0.3024580721799295,1.859655152044377,0.31234840237505257,4.817122782147093,0.1814805079430321,3.9899805620203534,0.772,14.0,15.0,8.0,9.0,0.726,0.092
Resilient_hab.db,2,113.97521226529753,48.65637097050014,123.59441161709353,61.649246771518435,178.74837661522895,107.32377518228955,36.854010587428135,130.4197219094555,87.43729081959248,82.34627104028968,104.29968215315162,77.5888888838218,57.79875410090909,177.03083406674963,26.86352370498356,26.052155406100198,24.260748294325005,17.208656244472593,81.84574027398095,54.47276850841136,35.8937518211019,44.90241786944335,26.216071975684674,137.58184274564954,38.23657751357699,29.320748471551298,44.138312120508814,217.07720845774753,True,0.31289562394043313,2.795177510031426,0.17187355722997896,5.687049601238425,0.06854267481640983,4.263146093622495,0.7005,17.0,18.0,4.0,5.0,0.6175,0.094
Resilient_hab.db,3,121.14060751468418,55.808614657259085,127.72374748640863,75.62676639328345,199.75839514557114,115.52316882934086,74.85725856161807,134.00956381143112,109.20754674366364,119.5036636200453,98.26313489737143,77.97380609314654,46.05516300177777,152.50433644605528,41.909683236397214,53.209354590328985,64.0816161611393,38.511097758402435,72.6098455132636,67.4149598126382,52.55011177784861,71.04110656075014,85.21683526332737,136.5951181229853,101.70456727582526,87.19492942628725,79.74116358188621,237.81549204847062,True,0.1428272862802693,3.6364903851393446,0.4104823908087206,2.304153277852656,0.05364180876411626,4.607342583863712,0.6035,28.0,28.0,10.0,11.0,0.45,0.1475
Resilient_hab.db,4,81.10356725969564,32.695246456278475,85.64204982010966,47.392697471534035,147.3282453873788,77.27395763478566,55.985991410519034,90.66787634118742,74.18634848827645,85.97939501386624,61.59633978128734,47.666398469508955,22.8478719351796,106.27892055692271,26.51548099625267,39.34646457870514,49.42874310460891,28.390979844278114,42.723971561375194,43.249402760072286,33.02272078452701,48.36579298695396,74.85247788731381,92.73152319410774,86.32514181257281,74.18927587995218,57.43054797430608,179.81370873066118,True,0.14520944521648643,4.044011943311042,0.5733413837020603,2.7711426170635427,0.12001389018452961,4.528115380791329,0.6435,26.0,26.0,12.0,12.0,0.3625,0.23
Resilient_hab.db,5,86.73257507902602,31.034262520731016,92.99888353917633,41.409318184449845,143.1246229473361,81.23164698527356,30.2557450195237,97.74044564993432,64.76544926150135,62.54800790722592,72.61948183730577,52.47719927060534,38.15891475064797,130.6645244218256,16.562404667757097,22.21776333800644,15.93434160537677,12.43955293344387,58.896914321164736,39.47947302628636,22.7890758910002,26.206234192591545,25.33480924139427,101.18275741101338,36.405070830577,28.67781407743602,30.547487119957776,175.7260897264851,True,0.2508733912774208,3.5559751837875804,0.21482682520558685,5.549739042041462,0.15044456490577784,4.30338993780826,0.7285,20.0,20.0,11.0,11.0,0.554,0.2045
Resilient_hab.db,6,88.30695656295177,31.14911701181918,94.55934498992563,43.956129327412164,149.2552303338977,81.65222058720249,34.13289713554711,100.48973154370623,69.4151441158792,69.30422324906161,71.86979751180759,51.0549793228325,35.86281729276669,126.81739501057359,16.753295745717466,22.8009224693597,21.147683849431587,11.740195525034895,57.00730894122491,39.43870812666234,23.875225241636628,30.70326595591476,32.695733298195044,101.55042547545268,45.30303170949135,36.0968296297317,34.657341091046646,181.91513362605298,True,0.3671474591661569,2.8773885295842208,0.4432503572276566,3.058330846670649,0.12995120454518652,4.173215040903867,0.6935,20.0,20.0,13.0,13.0,0.529,0.1935
Resilient_hab.db,7,125.80136406108501,60.92824069783673,134.78445141884453,69.73599412240937,179.2785979158833,117.58030122450755,37.29391201542123,141.25554541194597,91.68312671182731,78.15069473566695,117.92043569832109,89.92816229934613,81.46533612829711,192.29731818580981,37.325087091280736,34.002501808343645,20.12122763988525,26.28897874031666,103.12797404348385,65.4967313617602,44.583415309571315,43.34498901927554,13.907282783644213,147.16920325896703,24.76824600820904,19.756047332446073,40.90250890119365,214.75183145168296,True,0.26204969181514287,2.145726229188237,0.16352678861904982,3.7111704796037297,0.03307189816199258,4.058329843344601,0.774,13.0,14.0,7.0,8.0,0.707,0.1075
Resilient_hab.db,8,135.01697339217023,65.3842134227725,141.54489506388666,87.18493132216909,217.3712474553546,128.49074374908997,86.318775263026,148.2491732992052,123.26086828464162,134.07063459774383,109.09261515546231,87.66977450143955,54.83984134461743,162.06268691855945,50.322651574280755,62.54606588501129,73.92027416025093,45.78101090456899,83.07917330998148,77.82890404684451,62.06281434540053,81.21602765472258,95.70715013881593,149.0273435846969,114.35365991706568,98.85076001014338,90.65351769676016,255.88829223989654,True,0.19192137475524026,2.4625665532153045,0.4185898834079803,1.580352474142158,0.18514308375652136,4.623229573282454,0.5845,29.0,29.0,12.0,13.0,0.4615,0.142
Resilient_hab.db,9,76.22090664789754,25.116722749708103,82.56194879757432,33.4610844251034,128.55442406037855,70.84038671257198,20.908207710067227,87.69204546798267,53.945136500372065,50.78918266781857,66.0382923138385,46.63544226836922,33.86079995601942,126.63198923072649,11.77075412633702,15.436682642416656,9.887821400719897,8.855270953705725,51.74351452152718,31.575465527691545,16.761970957402777,20.351334793330015,17.260449113731,93.44378111640559,25.523787238553204,19.173065161926267,22.923727748229815,161.13558446846181,True,0.29561385239833393,4.600179579011966,0.17464012483831517,4.216147117261721,0.10228435935322538,4.055433117000669,0.752,18.0,18.0,8.0,9.0,0.536,0.1785
Resilient_hab.db,10,53.36270671448446,14.58302550245799,57.92306433531561,23.772350556050412,107.33598199035009,50.343070496677896,28.717784156973323,62.30233786125318,43.74374975068853,50.61796081057534,40.7903036376737,28.109778809776078,11.720404126252896,87.06318905155368,9.805185175781466,19.00225303977429,23.71874719517409,12.320135184539321,27.039368605895163,22.49155812479321,13.366732245767345,23.261463032739385,44.45589545720484,65.86380703826201,51.41368738718053,42.72438575057335,29.08466276451808,136.74858797842995,True,0.15435053779263125,4.214863836404064,0.2556062605910834,2.96326676825782,0.1363768161669565,4.358231956461516,0.7025,21.0,21.0,10.0,11.0,0.377,0.2605
Resilient_hab.db,11,86.65259212944976,33.321468295483314,92.46284196101907,47.76855318797358,153.7856626325995,82.79341883669579,49.27847764472584,97.51525875505702,74.89002834780572,83.66960094224648,69.52508874774824,52.91781842594605,26.3525877557068,122.66628723595608,23.468524369340813,33.74619978695963,41.47285603225698,23.445884234206915,47.87205185883414,43.24456416962964,30.814048611263907,45.46366081458174,61.84452815983678,102.56887534755364,73.29908716161117,61.69487295049228,53.24536905928068,188.90602431734735,True,0.1747609273647664,4.680819845486047,0.45580767844305425,3.6851656614006796,0.1474148356801033,4.408791130673976,0.658,25.0,26.0,8.0,9.0,0.418,0.1855
Resilient_hab.db,12,86.53489257734242,30.06575980503364,93.3276037271786,41.81867630760816,146.9777395887214,80.92532611781513,30.653082793444995,98.91694489858453,66.2939264658352,66.24737784653891,73.20218050562606,52.63785967735956,34.21505603403697,133.72479486186901,15.489648357498762,20.540292610175634,19.497072654946834,11.610979717988787,55.03690087016823,37.71323272202528,22.398001615473085,30.30916197139417,29.571980165139294,104.12128498637381,40.36514839879582,31.671441762646886,34.080772690243975,181.67141031117688,True,0.11493035903478938,4.7082128797947576,0.5783763628256633,3.0244324384769916,0.11190761272731416,4.240864309499253,0.709,20.0,21.0,8.0,9.0,0.525,0.1595
Resilient_hab.db,13,108.67978758195176,49.908250930186355,114.22806568818966,68.3260383145531,183.48456377699492,103.98502677834841,73.3898640193521,119.71504147607402,99.98861237659881,111.92037061671024,85.52965426988104,68.16877769588497,38.784647437500254,133.2962828078089,39.51452185305176,52.62493126518521,63.448321430231566,38.18459928140209,63.41656754839016,61.9618675526272,48.721744919938175,66.04812984649473,88.21894182835922,120.78084533857907,103.59443085044009,89.41882683164246,75.79223143002508,218.70725775113857,True,0.11977339865096112,3.7586756256324065,0.5673774357585082,1.9664542345967901,0.19123928199030016,4.3480934726184675,0.6075,28.0,28.0,12.0,13.0,0.409,0.204
Resilient_hab.db,14,91.09638157072851,34.650338825539805,99.52723129580268,47.78141183200527,154.08568439480496,84.40859754046814,31.113930267402523,106.7153971213289,72.13782784142785,70.5733520453575,79.81210241529689,56.12848809539598,40.72489137893429,140.35990914980042,17.61900237923003,18.561037943462292,21.442563066036943,9.20867441541056,61.97738992682024,40.26660316491925,25.32991998797549,35.99114323184125,29.84340064970298,108.75266380490702,41.51678016391192,31.802774564106965,34.972439229676,187.87961897220208,True,0.21369793881493326,2.6338306106182867,0.5631918739251771,3.609215496888779,0.14283776936731243,4.415155287648998,0.6705,16.0,16.0,9.0,10.0,0.539,0.168
Resilient_hab.db,15,132.34734112208605,68.19309725044835,139.34359434441035,90.77620824891412,216.4519962763486,126.05062996358316,92.4290132658997,146.97617327266892,126.03339174954957,139.6613246599405,108.07856428424921,87.30721968389892,54.512874659817996,157.32993276271065,54.978059878574115,66.06161076238625,84.59315376290729,50.08901053248188,81.3258437773388,79.23211892455089,66.47778145633228,90.41241078380632,109.64280056647223,146.21858013238162,127.48146965743788,110.74753909700806,97.59552552714227,253.78692460492002,True,0.2630976105875037,3.6345404026829247,0.5910190436762891,2.177468707757884,0.09987307233381568,4.583426512857265,0.5475,27.0,27.0,12.0,13.0,0.403,0.159
Resilient_hab.db,16,74.77324398948225,23.939467169940865,80.90480097296216,34.01222370055853,131.04815434049758,70.08570614148057,26.493378443893466,85.75467011857342,56.256035640270795,56.718143972388575,62.19902758524337,43.88394736070712,27.981511858796345,118.69461482227601,11.934382872794464,17.83834761574117,15.856686496512964,9.603996438151293,47.09797155983653,31.742558973251256,17.50096795112843,23.8518044251972,27.94849578877467,90.21201670415539,37.41435598900813,29.362828652508124,28.006452750251917,163.44953586289196,True,0.11520320423850029,4.138060295149835,0.32821494390281203,4.708443884139965,0.08311493541796162,4.376612167574539,0.7195,20.0,20.0,9.0,10.0,0.5005,0.2055
Resilient_hab.db,17,51.34747755424404,15.103171077923564,56.787032684194806,19.166030697570122,94.32769052694994,49.186615086132804,15.041314119388034,59.628272872688186,33.989590392528875,32.47534078148378,44.51541308817433,30.27272307235777,22.535267187391604,96.11511009953895,7.527269208339946,12.52716129105627,5.863539822812422,7.568941579929691,36.995815613232146,21.78549488196837,9.397956823487538,10.151014214856236,18.566922959395825,64.20450985515656,23.364444293733534,18.088097293015924,13.076874573865823,121.4559309651057,True,0.10995125770065808,4.8472163332006,0.11263003355914394,4.480764101643704,0.08888520493829895,4.038996714523325,0.7665,16.0,17.0,9.0,10.0,0.475,0.3075
Resilient_hab.db,18,133.19205771281435,64.08040069925251,138.44629309350583,85.10895079258977,213.09613844627262,126.93498145680063,88.10702663267027,144.1714545064641,121.17823376475687,132.36831746918895,104.81407943780297,85.26630283206251,53.35517943972324,154.44195778662572,50.69626016838093,65.7236767847368,73.58104349069617,48.18150846449099,81.29968234329334,78.03848779471527,61.80716825978842,77.92729966871661,96.94288853329084,144.44341913472402,115.79162377567734,100.89457416410576,90.15244389216366,250.53308717642614,True,0.2440425747905724,3.795326904220528,0.18814643069369175,1.9214116845125464,0.19283417500828592,4.549958874452285,0.6035,31.0,31.0,14.0,15.0,0.459,0.1665
Resilient_hab.db,19,73.42933190165803,27.232639913894015,78.01054474905821,41.036163165488354,136.88408923871643,68.94780696046364,47.65223994527146,83.4210858687864,66.39354154576742,76.3617199439713,55.0191481062225,40.57592928059522,20.110167311994896,98.2778003479251,20.940443125372123,32.24162535121264,41.431481883308145,21.719158045657707,38.68166988544659,36.63689380601542,26.858626181823166,40.776170410533155,65.30999577809834,83.91215448854481,76.3194222893427,64.8915931272557,48.104016871586296,167.74054858292692,True,0.13571514500696047,4.351112995792626,0.17988120415172315,5.210548088932034,0.15951229607733985,4.420829082463406,0.649,23.0,24.0,13.0,14.0,0.3705,0.243
Resilient_hab.db,20,64.7272727966278,24.927951516829108,71.44292022527698,27.230146700825202,104.53804281676075,61.01516909620038,11.358198828638104,75.65159078879111,40.10660156720356,32.56855927350976,63.22658959795257,45.53242382630405,39.765402772178064,126.88837738028096,13.33810975082271,12.925853679952574,2.9964343146965065,11.520371202354967,52.912610162483176,28.52284345975454,15.170096731340672,14.259520603016588,6.028489890770928,84.34909610743946,8.836180878521052,5.88370469710447,13.226347549502698,134.46054469648772,True,0.1036308344518323,4.825989884358159,0.11808067274755232,5.547148790672871,0.04686974068940221,3.7419225146768444,0.8115,13.0,13.0,5.0,5.0,0.5405,0.2105
Resilient_hab.db,21,47.21041820388789,12.204575052639424,50.76763527507373,21.635097282121677,100.80824690773039,43.409187266426656,30.753558956948517,56.07858020610365,41.21291038482817,50.59250267106768,33.94764009868522,23.10971630661457,7.121349215388538,76.38816612532567,10.401800723016155,20.61748673167959,29.371612836060656,15.166849237476317,19.753692302363262,19.25212851983648,13.23901591579288,25.46345015242592,52.531670871266044,59.1370308535774,58.4568663964947,49.74416920758049,31.54225637680854,129.58357792247546,True,0.10577868193770393,4.823060725668441,0.13541111318199267,4.0835448707937365,0.05037159293688951,4.440836192240013,0.6985,21.0,21.0,11.0,12.0,0.3185,0.2405
Resilient_hab.db,22,107.18547092679498,41.28076203236911,114.18839485925626,56.143600263894825,174.44209837936336,100.10204189928261,42.598486150042966,120.67187620773325,84.89640428665265,85.25866323676938,90.21522805561484,67.32913430515397,44.354261784460675,154.38477593199107,23.89101041393853,29.805944589142218,29.495925267595013,18.933606002388256,68.03288120291921,49.92696496718315,32.87108677922035,42.64323494003125,38.4345764239298,126.2439616033778,51.969260944339226,42.09486883687621,47.72879258545758,212.36604460854227,True,0.13173881999656833,4.227121243751255,0.19940921475744824,5.165678429020018,0.19114011881151463,4.199533775604221,0.6935,23.0,23.0,8.0,9.0,0.553,0.0975
Resilient_hab.db,23,134.1917012643136,61.47813501077627,141.26250617861402,81.82488258923665,214.5871203847996,127.68812338964918,75.38898366103079,147.8221706281504,117.07610294432136,124.829602805091,111.04074532271383,88.36986651668016,54.26967517707792,172.5958034204548,44.233857147398226,54.630382129490634,62.332108429078986,39.84782034972061,82.56032094472582,73.19094918835002,55.962564759908055,73.23771949243513,78.87131946355524,152.87512920134048,96.22207299231147,82.23242672201147,82.22164901351711,255.64616557185968,True,0.11397364139949763,4.460574221632518,0.17113828265455985,2.94134653517362,0.0802724331944688,4.450641330497985,0.6225,29.0,29.0,8.0,9.0,0.505,0.0855
Resilient_hab.db,24,4.600679421819433,15.089599741613359,7.4084477739532275,8.104305113470007,24.98304351225051,11.15088208803826,31.55709215203144,6.372095484712503,6.256915857477502,15.39770101864837,11.257358071695554,13.965160686407067,12.020237444306897,42.77455884339167,27.760754270350947,35.57323731281596,38.99916130051219,41.198673782012044,12.317442347520695,19.259293336718052,20.377021509327857,23.82856204254755,68.86096058508208,13.986925266514739,59.70237758258702,56.9469091485722,26.41763336216064,41.092203933519194,True,0.10195040492439852,4.950524613562194,0.11514003771195819,3.1547072340035216,0.05540701729441212,2.940415635517681,0.7985,13.0,13.0,5.0,5.0,0.1795,0.5335
Resilient_hab.db,25,76.36987890261638,23.504162948347012,81.95770283791668,35.49464646915842,135.83992785767188,70.02451472441291,29.144738481659665,88.05659620158822,59.749409981823774,61.748078689400515,61.072341204193734,42.3746618282436,26.044305874931855,115.25295609238324,11.828540526939893,18.56444608334826,19.737751462828165,9.600021411597673,44.7814358166275,31.022971267836763,18.003410747027488,26.5871295796946,32.8659533765197,90.98582392440707,43.47689629326021,34.68156332853736,31.084508985608345,168.6761164650268,True,0.18386516434428635,4.714383934380407,0.10048546249947216,3.954629748949305,0.056107864396907396,4.435475342426308,0.7025,20.0,21.0,11.0,12.0,0.4785,0.172
Resilient_hab.db,26,106.50561640771747,43.445625187064806,112.8933870425387,61.158063640786786,179.44971508987175,99.92261202884843,56.70354094479422,119.56316257410299,92.19057877767487,98.85775486680157,85.66315896302285,64.90313471078602,38.89755509068435,140.46594552412256,29.290841556816343,38.51929377834355,45.81314401396851,25.3422367254436,63.166529728443926,53.47393003813224,38.80391774092804,53.81439016980889,63.123841723848855,121.60111917428586,78.27910480054584,65.6529383134788,60.58893040813825,215.9611262711067,True,0.1695311071541818,3.418453156356363,0.12949346177063567,3.2091098776291367,0.012402505893857364,4.564986546279233,0.6345,25.0,25.0,11.0,12.0,0.474,0.1445
Resilient_hab.db,27,43.48348537730225,115.5654401726395,43.64729780846128,84.70778259243069,12.572734391586746,62.021337226629626,126.58767249225454,34.22491093128783,52.70183645011721,57.944594515758,74.81818736817303,96.19068282828194,120.85445802710412,88.02915678396099,148.41566498931795,153.71954529028315,143.25199332463487,174.18327034024682,102.17589607969776,115.64458614198011,126.02411607766327,111.36736469350387,179.29313236180087,45.48266449362771,149.8053040806095,157.33148323332523,109.97003810789086,9.09712106152199,True,0.1295664362102361,4.979333405136158,0.20502434994475685,3.5252931575589685,0.015088075447874515,1.3572832218645063,0.976,1.0,1.0,1.0,1.0,0.021,0.9325
Resilient_hab.db,28,117.73209678030508,54.44280362312095,123.98759827921205,73.894458043839,195.2294716868997,112.44406525731281,75.14154258809197,129.94761015278658,106.95628050226787,117.78161349481279,94.52112607111242,75.13811597859036,44.22784821921469,146.1782741558665,41.622657927923726,53.61084026261883,64.31977171066697,38.70132436356857,70.35985468295468,66.34133907143809,51.84756467878269,69.8170261796248,86.84501184552461,131.6656637559717,103.18767291481252,88.68859727802737,78.90291465553528,232.16545775867667,True,0.13340491612504124,4.720073353220994,0.22693577484517932,3.1632206585282496,0.03087740713168545,4.451891747337988,0.6025,28.0,28.0,11.0,12.0,0.4385,0.1725
Resilient_hab.db,29,110.09529429802744,44.537713583400816,117.94449749461808,60.75193176976252,181.93220971238267,104.12178611461623,48.804162954605204,124.54042533021591,90.45806299261181,93.90235242545384,94.24812627816334,71.48768263434118,43.16076172217062,160.06704173592132,27.342299974684295,33.10894722829023,38.31759493410949,22.528286138297098,67.89951200190846,53.18595830290229,37.054312000374324,51.685171582630204,49.74687881875026,131.76891383856005,63.12573824804322,51.69896473583462,56.504025809723124,221.5569346841189,True,0.15066565938647414,4.29959635965493,0.27933454911987804,3.6683708527890175,0.017814980427522928,4.254602800697913,0.6635,24.0,24.0,5.0,6.0,0.52,0.087
Resilient_hab.db,30,50.23844604645748,24.12095880864355,53.9568796664485,33.89947519716739,105.80804350209272,49.525277890009875,52.72567909308066,58.054123527070445,52.529668833301216,68.10694439005911,37.794859521298065,30.496950155521937,11.130666246565408,72.57120862082368,26.57582531206325,38.86406066398725,54.75266868757573,32.95082074102941,23.795567705026777,32.25367549841839,28.82279313517673,45.862186833586804,86.81744210425983,59.90568558595524,91.92186238492505,80.97288952962883,52.62148750535627,132.3903218133071,True,0.12603362796562903,4.989859822474759,0.11532686856436856,1.7880319789810764,0.08484931370098736,4.098980600321254,0.6495,22.0,22.0,11.0,11.0,0.2305,0.333
Resilient_hab.db,31,28.20537719527024,8.553101633867811,32.68081368166125,8.767028943003151,64.03738223327447,30.29169052521813,16.843479264685563,33.30280549366501,18.05456636487417,21.68655078468177,25.729628996889915,18.43466912558147,10.178105389825909,70.07245340692178,8.708384480458644,16.06267498552802,12.860356744770145,14.38105898247064,20.6308231012291,15.517879007960564,7.408524576524949,9.38309919235223,33.546581279566574,39.80375280890173,33.51823686852849,28.672517855358308,13.621911855347467,87.62285216529457,True,0.24699329833024225,4.886265037288072,0.28180300936757163,3.9061650088544897,0.048389915808708925,3.796582139814748,0.7745,17.0,17.0,7.0,7.0,0.3635,0.4055
Resilient_hab.db,32,105.58898212830164,44.259975288441694,111.54427148683106,62.68358334416285,179.7874737503401,98.888127721193,61.496470920542194,118.48766354775182,94.20247892497274,103.0591094850941,83.61472837504849,63.825285784021375,37.253739923832825,135.0972375366698,31.656662683038697,41.960023036491364,52.18037015063944,28.539746178058166,60.90743735656653,54.33174273229222,41.097903712894876,57.95882167817605,72.09428665242262,119.5896387190305,87.35193579887158,74.07058311260873,65.25282910022221,215.79851425137042,True,0.19550722067617693,4.251412465055054,0.11544874413490948,2.0177776103928804,0.09866431794668291,4.673758284785278,0.6195,25.0,26.0,12.0,13.0,0.439,0.1495
Resilient_hab.db,33,99.78748539769362,41.27321131316039,106.43565030794738,58.00079308241119,171.34657157128936,94.6519625280535,55.679020387479994,112.3881254695641,87.4888425097765,95.23054770716223,80.86986068266569,61.3327843266363,35.27309869644423,134.15575053208468,28.456343952409973,37.52596080097114,46.098085726265765,24.944408258735045,59.063299360495165,51.21096412252582,37.3207735882123,52.95418308019339,65.32095301593084,114.7205699371363,79.34953839564716,66.5530567632587,59.33838907142875,206.7971889221938,True,0.10416005727031952,4.734500093641741,0.1227448637086799,1.8352241778227678,0.10932406560446725,4.516576369750019,0.6285,24.0,25.0,10.0,11.0,0.4515,0.1825
Resilient_hab.db,34,113.77092476378733,45.92378203488543,120.58541370872057,61.9860293999931,183.07992764785337,106.62723712495792,50.121377485592944,126.75181463959075,92.34007522097691,93.40622641086023,94.0080944578246,70.93289827253223,47.975960726654506,154.86122059582084,28.241965059596005,35.63686593791731,34.7800535300856,22.45665297978059,73.26974603609344,55.919923170286104,37.83221664340785,47.167612155009124,45.65459249651721,129.96193507865397,61.06308950151657,50.27256896532114,53.35521305469413,220.23665867991187,True,0.33070271626358494,4.6332504576611795,0.34605145826691586,3.2648906148646732,0.04933603554649407,4.191814387603095,0.676,24.0,24.0,11.0,11.0,0.5605,0.1295
Resilient_hab.db,35,66.15718584841298,19.077869304951825,72.2722854559619,30.457956443311595,124.4957554992468,60.32993128356594,24.74911885324419,78.89435803379743,52.58707971701284,55.523581205154954,53.995085406159426,35.937454698750834,20.812302323934592,106.82944133178631,8.831776434039607,13.721100963097767,19.03048939926409,6.451830725213332,37.728407671538264,25.009626698851683,14.27559593800952,25.428876296816096,33.31156035952647,81.50386816125604,42.25109689906206,33.274163844548376,27.429178528148597,156.16164315588884,True,0.3301870700955686,3.99152511790479,0.3066466848537493,3.6253837262144994,0.030201725152371676,3.8668026277834957,0.6885,18.0,18.0,10.0,11.0,0.4415,0.1875
Resilient_hab.db,36,98.92935297639119,38.92035939487408,105.83192691178547,48.24103611459143,152.17352474095125,89.95212703108108,24.75322035204469,113.05241491052345,70.3624393374551,61.62694417835182,88.23044363521781,64.00405561363452,54.735723402928755,155.5822391772498,20.526413718844992,20.728342342452862,11.771917751519442,14.082646592527773,72.96547547688309,43.45341646623531,26.732681118903198,28.250105805256894,10.7590998479705,118.40232494648377,20.541693347263603,15.350952843043512,28.246743191465765,186.79600424405382,True,0.22277758914174314,4.46850193496138,0.37370826736779983,5.554085053735237,0.021561277637978413,4.203386138104094,0.7715,15.0,16.0,9.0,10.0,0.615,0.087
Resilient_hab.db,37,12.928182743130279,7.902108404329026,16.578514454385243,6.201729216200844,44.12626755194991,16.208753828633327,22.598497965375064,17.438981910187415,11.240585640063708,19.09133042295157,13.67702169929137,10.79190840059656,5.60225517787141,49.21118054299583,14.44868921325752,21.9278079689124,25.989142797609908,23.248851155172584,10.83133854002561,12.90870833539555,10.657738159849753,16.116758703585372,52.5658356533507,22.694427485564518,48.86546482470199,44.07575879355508,18.8422183556378,63.89384358882052,True,0.16805668276332017,4.989673123779728,0.11717516879066281,2.559438887308719,0.057470287180601945,3.813127568261454,0.7605,14.0,15.0,7.0,8.0,0.249,0.457
Resilient_hab.db,38,57.50914406000102,20.681576716460647,61.6839692619705,31.346991532559795,114.55545692079943,55.185478362590175,42.24803594435029,65.7243923656451,52.64609643442804,63.29320082160388,42.445234651522895,31.228895110025867,13.113563054650916,82.5181824662237,17.869212530172454,29.422585046398332,37.872005992815836,20.94547819304207,29.165066658775995,29.819326554257998,21.69987751677332,34.055062793188014,64.02888508572929,67.02893361697863,72.09609406857854,61.72550802681734,41.316418605024765,142.79422852837368,True,0.102430551599453,4.907637018432182,0.10618080380467548,2.4803047146382857,0.04855758175559307,4.124482417575468,0.6675,22.0,23.0,12.0,13.0,0.3335,0.3045
Resilient_hab.db,39,122.67086185061069,61.53808536155999,126.43575987263324,81.73130882091763,199.96547820776584,117.3982968804861,93.87979674053754,131.5747376822247,116.29371052338499,131.4303491076526,93.22407653733956,77.81150874295525,46.77951188749813,134.44472962148495,53.30455289272575,71.33844253995197,81.95109035016989,54.30159648637998,72.13444796328768,76.05605878611429,62.880872425599016,79.83996905418138,111.31342972626311,130.46586139821295,128.8000036469974,113.74153013066791,93.93204472391633,234.70891146741147,True,0.15078268630883673,4.605905372478996,0.11034985827654256,3.001221676466064,0.02301790059150452,4.3513000591248945,0.5985,32.0,32.0,16.0,17.0,0.382,0.216
Resilient_hab.db,40,4.558171639966874,25.364731324229584,7.942983501325309,12.656304634790379,13.075738371439972,13.593805556712166,33.52191522515973,4.90822379740626,3.9473884208410652,8.464768107685918,18.32028713953924,22.4196208586169,28.24039447401653,50.14931593760897,39.00927954611734,43.670108965429165,40.478253698387,52.063344492610284,25.96160998125825,28.18010397273784,28.873403059768798,26.027189486637607,67.40008445720248,13.344698092581487,54.40481717454415,54.395912102248936,25.874214611617948,25.221741743462946,True,0.21022367126753844,4.937115451539297,0.3816172440798935,3.898368379163668,0.06646764349843093,3.092608564487445,0.8445,8.0,9.0,3.0,4.0,0.207,0.624
Resilient_hab.db,41,76.60427518105914,24.359708415500318,83.55754771417915,35.18462654536252,135.3445623505611,71.18655565646691,24.168456269793875,89.71164548688202,57.72415666756905,58.20951271679371,66.21092961975795,46.45515496695859,28.233389629968293,127.752870441965,11.153027490834802,14.784784961376564,16.586272458391086,8.272980547377271,46.86057845073111,30.43867889099957,17.262657666140115,27.062745423060903,26.498033528473677,96.33240782035682,35.21047060322464,26.97163520698899,29.231593923168326,170.04117418786063,True,0.2701706320031037,4.776755545855693,0.2535175301182936,4.511792733535177,0.06639293796798768,4.208638824823186,0.7135,19.0,19.0,6.0,7.0,0.4935,0.1415
Resilient_hab.db,42,95.04983119498365,38.93340458961218,100.67593120314044,54.89438702566036,164.93048513596145,90.66485969301596,57.34760446275227,105.86703072832441,83.93380332475033,93.47329081358743,75.19169573308852,58.082583175186436,30.93511112048708,126.21721211142128,28.5872058371952,40.04240406616221,48.095343211594596,27.88017185091629,53.787004101484804,49.78212327270151,36.695621158430086,51.697152727209925,69.73261072142037,109.13960265755463,82.94869882562446,70.48050775331225,60.391554251910534,200.01867536571754,True,0.21856540340150488,4.8353949176344955,0.35186143086360405,3.367429853720067,0.05581504352215749,4.3367684934085915,0.6415,26.0,27.0,10.0,11.0,0.4225,0.1925
Resilient_hab.db,43,91.14726500472516,31.881455248132152,97.36783242459914,46.067375571743185,155.68661899406345,84.0621716682162,36.99330911350455,103.9543158017195,73.17305369163547,75.03049963566095,73.94520684081604,53.01657905373464,33.98025031929197,130.70005727474276,17.544247587341744,24.131474802486963,25.89473281529243,13.41091987171874,55.31120658233241,40.00667272763158,25.330723955327883,35.25848582025987,38.07475000662599,106.58874034730292,50.848018218456005,40.960244979527175,39.89540312456749,190.42473173135804,True,0.24055536643610767,4.651472970141715,0.34001895812668226,4.274866973886165,0.09530568558406527,4.313345026191274,0.6835,21.0,22.0,11.0,12.0,0.507,0.1455
Resilient_hab.db,44,62.3727370972696,16.84759719767725,67.52804934403622,28.604149606118725,120.76047193718199,56.13287708788684,26.862130465157136,74.402536355271,51.08783675190636,55.96790770460259,48.38967802808267,31.84890094519828,16.68741450151863,97.57782492814992,8.68635660038514,15.362420504019449,22.246020325589768,8.054207348376682,32.433199157504674,23.045285445159877,13.776875930839594,25.69299246618534,38.92078931425925,76.21468045955925,47.80406289403618,38.65571676469023,28.943943747695517,151.84050100300422,True,0.16477226610412848,4.2162277158718835,0.47800193334694496,3.3803415107128876,0.04547869953954262,4.473381343964988,0.686,19.0,19.0,12.0,12.0,0.407,0.1855
Resilient_hab.db,45,53.873143004378775,16.343671240369176,58.00711149321471,26.058460660776024,108.4930451449946,50.94728512187393,34.07200575039902,62.19563296349642,46.54052455539566,54.8721098588705,39.60816767019568,27.724095147600814,11.827668452047103,81.65594181175601,12.688866990262754,23.22585801070935,28.928109396481297,15.423434171484006,27.234157229213906,24.87976168986701,16.209295981511282,26.408871983868412,52.237687789430225,63.91775433295191,59.86790258923973,50.56390696060795,33.03738399500034,136.7105703948186,True,0.24763708746277235,4.847194402337008,0.24008598706098536,3.2537172815047293,0.024013254987733414,4.31033849476809,0.6885,21.0,22.0,12.0,13.0,0.3585,0.2895
Resilient_hab.db,46,89.3056418198496,36.35885542382104,95.29182780954552,51.96195338083771,159.03922475722615,85.29211643693768,54.695629856337504,100.90739776491122,79.84387991069335,90.38522571503057,71.84797915391432,55.21633260809476,27.220597814229393,123.83197505240668,26.923172947975793,37.208202533358794,48.59297467583325,26.746309047240235,48.783093472555215,46.017115840061265,34.64558515941463,52.080958695362405,70.62374692416944,105.41488030702013,82.37157549200387,69.84078521169798,59.44511583208451,194.4157695606697,True,0.18285961426367145,4.86981832190692,0.17364487603210155,2.6088938445446797,0.0649781003540829,4.192778483256342,0.6365,25.0,26.0,8.0,9.0,0.3935,0.1795
Resilient_hab.db,47,63.158138274250355,23.612196509582258,68.18564273609461,35.749122710240115,123.91580889503123,60.25661036065951,43.939870134452065,73.22048699121493,58.23581787568067,69.12889818371985,48.715201714955924,35.83523679038234,15.443446809485538,91.9408119414081,19.201989684616485,29.2629686553025,40.80034352666104,20.933862053638382,32.31733827196855,32.016111909159235,24.000828543032874,39.34775892690898,65.96296773924968,75.08263897107079,74.53923188605359,63.35838982752367,45.15044377460637,153.86920414773542,True,0.20683760243287058,4.97099308984792,0.254376171073845,1.8344728729991338,0.05568651255755116,4.709058501866921,0.6495,22.0,22.0,11.0,11.0,0.3365,0.268
Resilient_hab.db,48,134.1111226582332,63.51321447344144,142.27446209725525,84.67568734434006,215.83088570043333,127.29644528293866,76.04418380187596,149.55217641044706,119.53479837470985,126.77725753488738,112.10452896812455,87.72764314932591,56.9883828940619,170.5242222148438,45.21084156231896,53.11760873325508,63.853702066203326,37.304361068395345,85.62943730545015,74.06706574429455,57.276349664414525,76.21482297168936,80.84880212382359,150.9107267480012,99.0305836299934,83.9906465868826,81.8691892137256,254.85785597914202,True,0.31407400582487827,2.569355803017766,0.555605558410647,1.7868676607783747,0.025232039860307212,4.572223339215573,0.5855,25.0,26.0,10.0,11.0,0.506,0.1285
Resilient_hab.db,49,21.618864500069336,77.90496543362684,22.113968612620326,53.442070526510534,4.2426938479263,37.288009797454144,92.63161293675503,14.509512598362539,29.66246414060219,36.73872956091552,45.29795727431512,62.498779372539744,80.02418673730595,61.21154308971665,106.18408000856859,113.36032039107513,106.22433182634819,129.23842942686517,66.57766528123803,79.79920928183236,87.66875211037996,77.3911586019674,142.17512623955668,24.152068527120612,118.39817122619593,122.99859746836583,78.06962669687394,5.36986267028713,True,0.1779112931273976,4.884309919516773,0.5295172218451089,4.9539541127247775,0.0526626800886628,1.3134715647338853,0.9265,5.0,5.0,3.0,3.0,0.0555,0.846
Resilient_hab.db,50,108.69769134878177,47.79526761866043,118.91945281288498,57.91178610411289,168.07187614053663,102.3380003901634,28.744728039970777,126.06594301255771,79.90673548465938,72.17045145595539,104.9170229896588,78.17227172322575,60.483268536290204,183.3324873985162,26.032815586156065,21.72114671098248,19.257218562421386,16.89886681973118,81.644596426632,51.02632764508798,33.713954396417755,42.047131288256345,16.897997322250326,136.69076410649677,25.46150210484052,18.502458587034624,38.41452611374791,206.80025112736888,True,0.3536237598283752,1.5380914759814444,0.5540118371529039,5.184535625586095,0.15247280836275262,4.176264334583198,0.7355,14.0,15.0,0.0,1.0,0.6205,0.06
Resilient_hab.db,51,3.8872663892728427,27.145354915998222,5.963941027341817,14.24325537170921,11.264334911182967,13.332274655732743,41.19239821234115,2.2665996833525575,5.626086715930417,12.41931615687906,15.189593295452584,21.831704704705132,27.627237970427615,41.780287632173554,43.62779536137644,51.371323944372804,47.947554215155165,59.17404809469009,24.5537285470965,31.233588327966377,32.83024154655394,29.25261960898231,78.52367363233382,9.79332749804751,65.51904747412141,65.45546951897653,31.691896229461552,22.116296109933806,True,0.21536259101166472,4.858386477532248,0.5688614311905141,5.207956287819116,0.08136858879035326,2.5549807419184387,0.8475,10.0,11.0,5.0,6.0,0.173,0.6515
Resilient_hab.db,52,56.94822027305852,14.98947691425202,61.99944816647849,24.277829210403464,111.84694709003521,53.38474362420996,25.375497570076355,66.9214016709719,44.65056238840606,50.249712500591585,45.61672451758822,31.573889672528725,13.416450215638008,97.53087423324418,8.48528276992644,16.312182496629305,20.758992885597173,10.701359447059735,28.954476654863374,22.153246319404133,12.51661721974202,22.948145622190932,38.37836288406742,72.90758145630323,44.98757471547765,36.70751375938795,28.09481306779397,143.4918471455315,True,0.20420030723555258,4.855197249660394,0.4313377904437634,4.168432347891283,0.03921765613166332,3.969411615631402,0.7145,21.0,21.0,8.0,8.0,0.3975,0.2065
Resilient_hab.db,53,13.835517522625512,58.040794450319005,15.69108349466445,36.69305948331235,4.272161961551883,28.233711243390673,68.65803755569576,8.835640054094135,17.430101065764184,22.874444474093725,35.476666775304004,48.19566698551346,60.91236038902906,59.15177602565747,80.73965257522926,86.74811630279765,79.11369927981958,100.34758176422692,51.94650182761736,60.5636731241085,64.97853177735215,56.13287746556421,111.15293928551476,19.57602759403871,90.58061561484153,93.93788676683673,56.739760883046266,9.560450913156442,True,0.1660746980819178,4.91742041673387,0.593498105476882,4.541958116604822,0.04320821997767367,1.6731037991765638,0.9085,6.0,7.0,1.0,2.0,0.1235,0.78
Resilient_hab.db,54,19.094993939257677,60.68755752095491,20.846528894166916,38.152185990126185,5.150915806422265,30.7254917631209,62.19714386255704,15.494482672578823,17.61037958997131,17.46053387173072,41.81321926928151,52.045163515480695,71.32410792401582,69.0915023348404,81.03475746044926,83.93294200583107,71.64306300402096,98.91459037320027,60.34896284073763,61.029243643005444,64.87089380845987,52.14556474479447,96.54402053479234,25.56896136501306,75.56874237891243,81.13970284428615,50.093608629542885,10.217516178347141,True,0.12221077706202424,4.890260968974938,0.5395331980844584,5.429104149696402,0.03061910819334861,1.7919604810657757,0.9465,3.0,3.0,3.0,3.0,0.1785,0.7265
Resilient_hab.db,55,68.66894846767984,20.571547227215646,75.23528840155153,29.661635888204756,124.36980422816573,64.3667661822648,21.055722383399328,80.70213852101682,50.3451641996225,51.63200063999193,60.1873840059662,42.40867774569882,23.55626156419668,122.11681321512467,9.358311480790857,13.478652256930333,15.17803380548143,8.786440626083698,40.58315726311138,26.42557494784279,14.386378389924548,23.87869551615647,25.830358446348264,89.60223311457274,32.4926337676846,25.03487784638704,26.732261025809297,158.94658320359463,True,0.1302369622950394,4.789441618108766,0.559271629961134,5.390402637903765,0.017249711868459854,4.189938887239197,0.7325,19.0,20.0,4.0,5.0,0.468,0.144
Resilient_hab.db,56,27.414565715504487,84.56907635060651,28.681511952938862,57.962605960318704,6.043895987987403,43.6990523307503,92.36588798481735,20.53039332077007,31.892976581388826,35.495462594328544,54.64883185918997,70.90134526599485,90.74974151010144,74.95091179763207,111.27235762858078,115.98548478254895,104.94989436291561,133.1995245917986,77.08126642876594,85.62185355975295,92.18690026196823,79.05144652616704,136.98996023649164,31.75436565605323,111.90374915256155,117.86562387674383,78.00114196832344,7.034144936104191,True,0.24667897577698497,4.919103169966407,0.5681534920025595,5.424809956366158,0.0495556184293951,1.2093081779408037,0.9525,3.0,3.0,1.0,1.0,0.0965,0.8525
Resilient_hab.db,57,106.25014925184051,43.70801642432524,113.73049528266056,53.92174505876572,162.73571381318172,99.12027642482047,32.19780282190916,119.52344012874623,77.59331765173926,70.2503503448886,94.43249764494396,70.27017723034703,56.76300883684368,162.28916904719532,24.427611103646644,26.19665290494584,16.46528756859009,17.488641978227513,78.34672895417445,50.49470365779543,31.564154707544866,33.35662425127539,17.861347426374373,125.29001058621583,29.090618842140394,22.602660753439864,35.15921946996386,198.10023175102106,True,0.21143472046479486,3.6779490806564024,0.5839928616197525,5.918855052154803,0.06668470136330458,4.023834017535473,0.7535,18.0,18.0,8.0,9.0,0.63,0.1275
Resilient_hab.db,58,10.120837959124245,50.11009099510998,12.476617858990426,30.543377620896543,3.7246325122244537,22.389989645543718,57.981077259306325,7.466309248664786,12.81021963564499,17.130950679389276,31.26680985137571,41.442665064046054,54.56329449037945,57.38222848338204,70.65586500613577,74.71280058595406,69.29082936806017,88.26661505588658,45.69678229625149,51.28207090515983,55.910595298970776,49.07836323239748,98.64720993057834,17.32728505648408,79.11989655521171,82.11729744935796,47.643311735273166,10.342113248129358,True,0.20231257370272526,4.895594580167571,0.5069933398500734,4.3602362132639465,0.066042002335757,2.7072256526702985,0.896,5.0,5.0,2.0,2.0,0.1385,0.724
Resilient_hab.db,59,10.348827930569925,26.476442708278277,13.442124898512354,12.658743753336815,15.392066761692965,17.612285026254074,27.30201042636571,10.75037971144547,3.723752693854107,3.311593269827941,23.771943661646837,25.92762238697045,35.7186310932575,59.69903855830979,37.586611177161316,41.00645916828192,31.047489149261253,49.64833203134157,33.14408616328718,28.778946151411592,27.38539511567955,19.52536348396348,51.889329412158055,19.54034605088732,39.1978079286289,41.15308397576678,19.047798755905273,28.01829425198171,True,0.2193794369936076,4.914607524279195,0.5692000037608662,3.91847028602889,0.07375682109283695,2.6021572063044354,0.8865,7.0,8.0,4.0,5.0,0.2735,0.5845
Resilient_hab.db,60,95.2785472068323,35.654683166468416,101.97937683266053,48.623949767640156,158.4630187723865,89.96046829343604,38.94621121989445,107.02176538338571,75.04915229530964,75.94969520200696,79.38604572636139,58.665029731643045,38.19310703933087,138.81614055569844,20.49553221268795,27.27025914933446,25.50163253207983,16.324987086884413,61.11237221969445,44.918946927110206,28.21020100930851,35.97940317204065,37.17361950631779,111.45681592203857,49.67321774646851,40.08986799799493,41.496812896001174,193.5375101751861,True,0.13797637409606567,4.295925438581582,0.5331959057278596,4.952238037522973,0.11130950059337806,4.331845059016603,0.6965,22.0,23.0,9.0,10.0,0.5355,0.1755
Resilient_hab.db,61,99.9000491721691,39.256012793322284,105.00963343955166,56.28741818058287,170.05989178230612,92.9666551373671,55.541847803159555,111.35988867356785,86.83871592115032,93.96861965087008,77.00207514245889,57.961783006039084,34.80480729226385,126.63391214185539,27.230230031755337,38.44317964377882,44.064326013305035,24.818232632759,57.67284458665516,49.823404202404106,35.8812972660286,48.729443785005266,63.079395122617576,111.64141059606908,78.18972409366322,66.11630905981042,57.04524482708825,204.6183764361244,True,0.2519187082401872,4.371561683983946,0.5467687811153116,4.42266555452134,0.08950462660408359,4.529524945897201,0.6455,25.0,26.0,14.0,15.0,0.457,0.1695
Resilient_hab.db,62,82.32763216112252,27.86831157812084,88.39594214387803,38.1229547268534,137.91535422495616,76.14405745099843,26.699617633971453,93.7647484695903,60.96996381105972,58.61274799180876,68.56202914065378,48.4683902084339,35.59350419544301,125.92627769010957,13.91444514465562,19.00784222591689,13.75733673560859,9.960304151360505,55.05538940274578,35.43818477040118,19.828815462338255,23.660709652392903,22.70839563977996,96.8140319047277,33.28567482905718,25.869650665863105,27.24299297710948,170.15434181780424,True,0.24294316883117203,4.412701572465338,0.5628820309393342,5.071405911837802,0.12935006930755255,4.295380271942798,0.7305,19.0,19.0,11.0,12.0,0.5425,0.191
Resilient_hab.db,63,104.18799001099771,41.75129129752935,111.35726244770447,52.47090583974165,161.14700540930232,96.58800408417216,31.879802100293716,117.42416030315218,76.58772836621009,69.76661636933815,91.15762499262068,67.15129782340114,54.40142907515166,156.74839141438656,22.9287735656622,25.242952867928505,16.154573249045097,15.974046418241912,75.78002411949113,48.6460520290301,30.10622288222612,32.1325606762034,18.487870407902786,121.86455371596743,30.21799980943208,23.460506207952676,34.10182633360867,195.92102327770152,True,0.2456112799448583,4.524045134133617,0.5884669049187279,5.664236495542456,0.11297214436183958,4.231574387991998,0.7465,18.0,18.0,10.0,10.0,0.6215,0.133
Resilient_hab.db,64,59.72136503845131,17.68180294888103,64.18249642294744,28.35305054917074,116.61509640176283,55.99741539058643,33.38497830188831,68.95383977855332,50.22069998352094,57.72525896796927,44.99078936531417,31.608823657640883,13.931197538858788,90.89117088846228,12.19836230411294,22.158934947629255,27.621157370685502,14.265338167886862,30.30799721425376,26.1227792793006,16.56270424450067,27.314130277138407,48.795708953838414,71.73478405265939,57.139939851565245,47.76191079536903,33.82866658291235,146.75484350893942,True,0.24244067573156075,4.815027940802491,0.5618455899644541,3.525684865195209,0.08344644948239362,4.210639690719418,0.6905,22.0,22.0,11.0,12.0,0.381,0.246
Resilient_hab.db,65,74.73706464973509,25.334759784051226,80.15455391782272,39.14969655196161,138.25640199337045,69.10220890863019,39.30783428872664,86.46141115333035,64.46670254168025,71.39127263775589,57.956063098930954,40.95311696427902,21.863697861189923,106.14384225198391,16.260355360347496,24.76400750077313,32.77918934553891,14.8867253189769,40.6369743271442,33.37362426515102,22.67133928872609,36.08329093052687,52.07296019301556,87.55549268731036,63.17149533193626,52.339392644789974,41.15967284996505,170.25722264911028,True,0.2075152191174211,4.401398636419655,0.582652706840377,3.9558752472300123,0.08581607629784428,4.472102626238905,0.6575,21.0,22.0,12.0,13.0,0.411,0.203
Resilient_hab.db,66,97.5758443961357,36.464043736357524,103.59422344014268,50.582747373764334,162.56713305035836,91.65200586529444,43.482037244873396,108.93322320998114,78.4608326507994,80.86617820415253,79.05330718798793,58.89603230737936,37.364601543631025,136.2429653771778,22.097016794129605,30.644980198901973,29.7842376470807,18.833339543625236,60.42667174728049,46.47444420343433,30.12437069367839,38.61303122004455,43.202359012132234,112.48530968653648,56.61784612745679,46.53027803038252,45.557849755389164,197.82050292328717,True,0.13940153576249342,4.642259316242472,0.5313991648730337,3.9775620232733857,0.07582610568266404,4.239776563788559,0.6895,24.0,24.0,11.0,11.0,0.5205,0.1665
Resilient_hab.db,67,5.558069388279685,18.390397605330087,8.485527165089424,8.301517193965012,18.85526459859526,13.06516499599496,28.823970543587137,5.929714612574699,3.4609939041121627,8.192010695608918,14.288942234081684,16.937614945808445,20.796530045102273,45.88092364093555,30.226858467481687,36.9018222748956,32.480085585119106,42.52916495752239,20.95881501010115,22.825116105611098,21.659263222968676,18.589752682515467,59.39337800163989,12.834855371133285,49.470765538000194,48.54941190573278,20.52306856899542,32.44151368673638,True,0.14798263732345582,4.908866188116076,0.4505857830053708,3.7548766029523963,0.0874635982046398,3.195065402481304,0.8335,11.0,11.0,6.0,6.0,0.2345,0.5965
Resilient_hab.db,68,75.74853012626022,28.103920706191502,81.53009858844338,41.15727265611288,139.45304014012112,72.57102705173992,44.14421133952951,86.25183532525234,65.95154298028196,74.59673591365743,60.35647685052558,44.852657677146944,21.722585838998956,109.92573127933301,19.823625835835863,29.44088809578112,37.374432628037354,19.747500221026627,41.74854671002553,37.43137044333926,26.089064517332837,39.976771388496644,58.94279723161911,89.82730040374322,69.26063399126767,58.00791202957966,46.53171806412324,172.09302799143737,True,0.19543155673270374,4.821201234300624,0.579709738622528,4.460945932046949,0.016695530586430737,4.2173855953061885,0.657,23.0,24.0,9.0,10.0,0.4005,0.234
Resilient_hab.db,69,88.85045814893454,30.2451322659236,95.19877448681683,43.18662254045357,150.80354026076867,81.73963168440264,31.830851045087904,101.73226848231704,68.9792741674259,69.0529294666737,73.39750433907024,52.221969424367984,34.63437858855737,132.4709445820691,15.482525401477037,20.909038416103176,20.734024927395026,11.33903273896039,55.176167743978645,37.67660041149412,22.791282859395434,31.21104540843571,30.61365925794508,105.46361033886855,42.39685926800147,33.4970775020369,35.07297347726806,185.58776984963995,True,0.1131058685566638,4.327422006643023,0.42230602280795076,3.4830705584307595,0.10362459282610473,4.133918619381798,0.703,20.0,21.0,10.0,11.0,0.5225,0.1355
Resilient_hab.db,70,89.21981795740862,39.3094557992981,93.00793428476484,55.84026725797937,158.12161027618527,84.34500189504612,67.44341183419336,98.54995608182692,84.66672371201328,98.21655213734432,65.87485851848247,52.1622278779233,27.649964380611117,105.54992533321399,33.88471723973794,48.64701486059015,60.36918688279846,35.76870059534245,47.91287483472489,50.66264960963204,40.91089663256609,57.14161451628678,88.3831547275401,97.70729857156658,101.65541123202456,88.56053233940656,67.4390659617171,189.84537134539568,True,0.1058577774645171,4.789536504012308,0.43917856917009207,3.3377020443968832,0.11712093255787714,4.259377673866631,0.6225,27.0,27.0,15.0,16.0,0.345,0.2375
Resilient_hab.db,71,103.71357604077512,41.906558040562516,111.99855567923007,53.696577628015675,164.3937672160061,97.34227434605916,33.57447750049858,117.93921421163095,78.35514857380969,73.49929820737248,92.03415299441622,67.61877366234489,51.44662066277721,158.39115147013496,22.635635655562485,24.209605729365325,19.257715631232294,14.588594989548833,74.33287425163124,48.87449338603432,30.51595382943129,36.14843488847272,23.64528514238853,122.75913441319595,35.609204469192726,27.343068319285777,37.17411139789301,199.85639157558649,True,0.3674198806221912,2.607936212606255,0.22162704686348586,4.790608549780416,0.11560646931402478,4.200298780593033,0.714,18.0,18.0,8.0,8.0,0.6055,0.1495
Resilient_hab.db,72,26.078968479136563,84.61333001721204,26.981482407729214,58.55447333884045,6.317787787492371,43.41327126491225,97.72536795221018,18.179491695327908,33.15098061869699,39.62039852255141,52.03809126718605,69.93297042842626,87.07257861948126,69.5877475660234,113.01341203868435,119.8449343427072,110.6944765070895,136.3756502662801,73.9342448635915,86.86062578322729,93.95348301976392,82.27697474053996,146.49406936304774,29.419688243516077,121.61942076714044,126.68414541152246,83.00922850114446,7.173580817522598,True,0.18865869790398226,4.988320491823813,0.49526129895610216,3.509143087185266,0.09919884704638884,1.1045382332121165,0.9385,5.0,5.0,1.0,1.0,0.065,0.876
Resilient_hab.db,73,54.54903812192386,20.49804680455121,59.019238853850474,29.953123662808608,110.6881968317619,53.9873811063289,42.37717456332021,62.24944656096268,49.91232226309337,61.83806186634053,42.252291339142474,32.47338541960812,10.931863787667613,85.401967279264,18.788441502482794,30.35432127219985,39.850477577788844,23.723535923186898,26.58752334156649,29.6097432790954,22.096151453792267,35.66260464517356,66.74914701461944,67.11017724349927,72.88597730742475,62.72933395785098,43.377299605123596,140.0763040468152,True,0.17150690935182766,4.843496323975538,0.4680382821441389,4.202387491357566,0.08338601908665168,4.042050574330997,0.6775,23.0,24.0,8.0,9.0,0.3125,0.2995
Resilient_hab.db,74,93.07653141324673,43.1867990410411,97.78689010287025,60.85135319216563,164.2028858857828,87.47366546265911,69.74467553049598,104.31673723311864,90.01647417964341,103.17241251527044,70.45331627860386,54.87343364260873,32.004439176620615,109.24939860325509,36.40559374954175,48.98603900379834,63.76820051703126,35.503560828684144,52.62185948211777,53.3659433611652,44.025152580491344,62.33941693157077,91.3663259554724,101.21652519359664,105.42698419102823,91.44834870477305,69.96069900128535,195.3087359989544,True,0.308357719373235,3.106629628377485,0.2600367837470112,1.5185812826279905,0.05994175831717791,4.547815714536177,0.5935,24.0,25.0,16.0,17.0,0.3475,0.2445
Resilient_hab.db,75,140.97283357364932,71.66863612213218,152.0565236179716,81.71856768644696,200.42538310862957,134.09429032306568,44.69146017353875,158.60627428480592,105.04113909561521,92.24780609729224,136.58219686346646,106.41125229190996,89.75754587328574,221.19287249587123,44.93599738868787,39.262064521106566,29.150159966228465,32.60859083183804,114.20963385871161,75.82747398802093,53.794263816017875,57.34036667641432,21.073412970969727,169.56380648707733,31.657388877207964,25.43369352364836,53.63350771733342,240.51132695510395,True,0.28551161079147,1.5973841401810138,0.3001941375128056,5.992281837077876,0.1286219039806625,4.258356850651275,0.7565,14.0,15.0,0.0,1.0,0.722,0.0515
Resilient_hab.db,76,75.96764374767889,33.173780498705234,80.52924035317542,47.685421192613454,141.9702953202002,72.78452161695252,59.53813536905804,85.8342875355166,73.15633555594758,87.34898286912045,58.07164990095772,45.63585817881661,20.70473886741464,99.78635905162962,29.333834041093752,41.89602266539134,56.66060212148915,32.1271916412855,38.910129538630045,42.83847412979664,35.16862342383773,53.45793138887541,84.93975312668364,87.595442889628,95.06603629116464,82.43389698272753,61.53563593672043,173.41176106355556,True,0.2552363339636425,4.924434390007268,0.5440604417924655,2.258493151499206,0.01089455363008221,4.249757498314246,0.6265,25.0,25.0,11.0,12.0,0.31,0.2465
Resilient_hab.db,77,61.89069844391736,21.260016650041813,68.85658463307755,30.839591425782956,116.94278154560041,58.64045065374049,26.680832588867872,73.74409698840657,50.229433385537234,52.795070036966635,52.4395325156012,35.316670787021536,23.103198655331404,101.33342042270908,11.715501181713954,15.791056787031838,19.743017497131902,7.766550061618647,40.725266305487914,27.78058720207916,16.29036335380139,25.72259917685167,36.46333674594483,74.32103355998647,44.82384997643146,35.52881698573788,26.391059421490844,145.2332953212153,True,0.16118152996205087,1.698399764959333,0.47999279963201014,3.0067810506690438,0.07935302904811668,4.314236524068886,0.6745,16.0,16.0,11.0,11.0,0.445,0.301
Resilient_hab.db,78,126.98819102507841,59.361249686954096,134.88704866995266,79.54993254691882,207.38800943048295,121.29206403417868,73.65821809159257,141.58326903880953,113.33912920587645,122.02199131634933,106.24839646401477,83.63849892236074,51.02582013063561,165.07310732287763,42.80618437366249,51.48654322720585,63.013235446154894,36.996541750641676,78.7593586088457,70.0272714395865,54.204363615519824,73.75833843887176,81.39773612969256,145.02577698289502,98.08954316909339,83.31587052074363,80.29556228492166,246.71011594578675,True,0.23053234337906683,2.7255538509736574,0.38409073066603366,3.6166749568593026,0.18709035478182917,4.578429049594934,0.595,26.0,27.0,8.0,9.0,0.479,0.129
Resilient_hab.db,79,123.25845457999019,58.30877038201281,134.06957111509868,69.76126548970223,184.55315921566574,116.3857507805765,37.874357977923594,140.9712034173678,93.4224582106593,83.64833279226295,116.93315433550401,87.82396528706326,73.17356138877322,192.53325561623072,33.78701737880554,29.157265605317722,23.77675982825877,20.75578417754118,97.26951714359024,62.69471313010361,42.564886245680576,48.61527800277982,21.011432217666833,147.18166892988432,32.658425921265106,24.79998683465881,44.38314165101965,221.6570595072605,True,0.39749798882142495,1.628646072375611,0.5446796206531908,3.664293542891008,0.046940270496831506,4.055643183607533,0.712,13.0,14.0,4.0,5.0,0.6735,0.115
Resilient_hab.db,80,58.6098296882698,139.25859495500555,58.47850478095533,105.00502712167672,20.80257337023183,79.43523641864849,150.2194009082206,47.405124606283664,68.89150832537803,73.97834209958266,93.34781060375813,117.61915348130215,144.99415411892403,104.09560257334968,174.97607306528022,180.4043511081444,167.6297509960657,202.64348404551157,124.27778098979198,139.31398837338236,150.55140560875776,133.247745366152,205.20634899884092,59.53581725653797,172.96865323116057,181.74502253717836,131.85974543941188,14.694745128536445,True,0.18013454972807857,4.952098557365478,0.5388094121741367,5.931524554398714,0.09106011288799618,0.0,0.9995,0.0,0.0,0.0,0.0,0.0,1.0
Resilient_hab.db,81,103.9885922766194,42.62078362552119,111.41517008542789,52.82017315715697,159.629216601385,96.24704647301438,30.59327346350669,117.55885217459777,76.1340719280196,68.12896045555857,91.9186980651229,67.36690065725925,56.829307776855636,157.2311900210909,23.356425220125093,24.54035544081331,14.873935701303965,15.401293617982653,77.85358234860772,48.89524901788163,30.310101066288414,31.55888761258717,16.16959541240302,121.25409006676776,27.70202008733594,21.24923204058217,32.37999482523371,193.581453089985,True,0.2522492891253818,2.3094795606612637,0.12296719018223268,4.2599811904125175,0.19284066571056727,4.034254360414792,0.7475,16.0,17.0,10.0,11.0,0.631,0.1445
Resilient_hab.db,82,81.44278125898684,28.493013080930428,88.56394887734155,37.15943896831989,135.89010125577187,76.54677001314886,22.578392331324235,93.69348481556412,58.16133932880685,55.15852624807394,72.73910885233445,52.46591266385142,36.4146649866613,137.82370683073583,13.86537737057434,16.594468155045696,12.281055930345659,10.596222557533114,55.267647127702524,34.695421592502726,19.440469563998686,24.72556520711925,18.56308071251966,101.82501940741636,26.571073044748395,19.896379551956457,26.920149809457673,170.47520782707556,True,0.19294980713771395,4.598022496886759,0.48544723859250033,4.908858698265623,0.06267816291590823,4.156519788671156,0.749,18.0,19.0,5.0,6.0,0.543,0.1505
Resilient_hab.db,83,7.044877777674067,15.177143369089578,10.546402946923227,8.895217910535,29.734928174159684,14.188748558431978,31.10777766778652,9.039188977225892,8.107640830376726,17.1485144822519,13.479529974172017,15.13124802918945,11.557412080290666,46.235568132829094,26.282041008989985,33.9140858794073,37.05297120307083,38.27423749818135,13.944985096762307,20.04807683576959,19.686997450422066,23.391097500679,66.95003541695084,16.600949211295305,58.86636656140676,55.371696737447394,26.068346724236186,46.42086482039979,True,0.19918552196873218,4.886347125156505,0.4983245892025646,4.642227045419926,0.08669175964418206,3.4188980403604887,0.785,13.0,14.0,4.0,5.0,0.2,0.548
Resilient_hab.db,84,100.76005326405338,38.57020120764848,107.46958449123676,52.912878163637274,166.98465870202614,94.93846945463184,43.46972249926192,112.97649880022206,80.97319096743806,82.92589427043983,83.47111305865059,62.25456590647367,39.66419971800558,143.35047128644263,22.968098994465862,30.26557083492005,30.239250617818517,18.72113723961562,63.334565207843895,48.08241725853132,31.404913848122106,40.868740103222876,42.43740395069654,117.44038191260202,55.81349283062167,45.530106847134945,46.8791637008912,203.17663286520965,True,0.2288387758346946,4.639591907186004,0.454583795084769,4.912950558587417,0.07254620244273746,4.119542750764339,0.6845,23.0,24.0,9.0,10.0,0.5305,0.1525
Resilient_hab.db,85,104.34614368318634,41.518583892760624,111.86233672617168,57.23108652438478,174.825676560854,98.93530004459028,47.82371082939634,117.9870096991429,86.21308735746237,90.39169160409426,88.30381828830666,66.7034831214005,39.4211702144463,151.06665823609617,25.669116387575848,32.23075114298037,37.359852296549576,21.43962423794555,63.69750564665955,50.53748903659325,34.860025424319566,48.966350692213,50.60627934574961,124.27947016665425,63.72830668116363,52.2741622087067,54.217757297719764,213.089377861216,True,0.1349900862933026,4.7177832533257416,0.38998529212570293,4.496550994439627,0.0631067437820186,4.451666862169153,0.6615,24.0,24.0,6.0,7.0,0.505,0.12
Resilient_hab.db,86,58.6098296882698,139.25859495500555,58.47850478095533,105.00502712167672,20.80257337023183,79.43523641864849,150.2194009082206,47.405124606283664,68.89150832537803,73.97834209958266,93.34781060375813,117.61915348130215,144.99415411892403,104.09560257334968,174.97607306528022,180.4043511081444,167.6297509960657,202.64348404551157,124.27778098979198,139.31398837338236,150.55140560875776,133.247745366152,205.20634899884092,59.53581725653797,172.96865323116057,181.74502253717836,131.85974543941188,14.694745128536445,True,0.211098025588106,4.97685426238323,0.5922645634385184,4.422522702292591,0.08614350913384165,0.0,0.9995,0.0,0.0,0.0,0.0,0.0,1.0
Resilient_hab.db,87,85.8111741420406,29.50184500807996,92.35219236058703,39.87123144188655,142.23624367750378,79.0537791966433,25.173278429362604,98.3714953175167,62.89934735976534,59.655089161879395,73.40418572637962,52.106352012161175,38.153479822634395,135.01772736927123,14.255448418452506,17.84915338176051,13.346937967961896,9.876853069689659,57.44053742644791,36.03996315555496,20.4995321605585,25.333020727779278,19.7861231449139,103.2201248906734,29.909389313584303,22.768032988315717,27.903048205302248,176.14535575832824,True,0.17019602509039206,4.546212665414823,0.5927465764082506,4.71820658726902,0.07833108394398605,4.468517429245651,0.7365,18.0,19.0,9.0,10.0,0.5525,0.145
