source_db,trial_id,LOSS_13_def1,LOSS_13_def3,LOSS_14_def1,LOSS_14_def3,LOSS_15_def1,LOSS_15_def3,LOSS_16_def1,LOSS_16_def3,LOSS_17_def1,LOSS_17_def3,LOSS_18_def1,LOSS_18_def3,LOSS_19_def1,LOSS_19_def3,LOSS_20_def1,LOSS_20_def3,LOSS_21_def1,LOSS_21_def3,LOSS_22_def1,LOSS_22_def3,LOSS_23_def1,LOSS_23_def3,LOSS_24_def1,LOSS_24_def3,LOSS_25_def1,LOSS_25_def3,LOSS_26_def1,LOSS_26_def3,has_laziness,param_id_threshold,param_k_shelter,param_k_threat,param_delta_stay,param_sensory_prec_slope,metric_entropy,metric_laziness,metric_n_ch_co,metric_n_co_ch,metric_n_co_sh,metric_n_sh_co,metric_t_investigating,metric_t_shelter
Susceptible_def.db,0,48.37335082,23.48234071,50.19669826,32.99422192,90.26488476,47.54234703,41.97071458,52.98199492,49.80708168,61.33240541,37.04530458,31.32057053,13.50561308,61.39740702,20.52614383,29.34571561,36.5984299,21.13664305,23.40696825,30.09450011,24.9860326,36.92659962,52.49022728,55.61465217,62.3642436,53.42102384,43.52730981,109.8274888,TRUE,0.05,5,0.1,1.5,,4.58404276,0.6025,22,23,10,11,0.2985,0.242
Susceptible_def.db,1,20.79071477,57.85297338,22.66277804,40.63627396,5.588547609,31.33559232,52.80307317,18.0211715,22.85314232,21.76129355,42.62864366,50.7239879,66.89579149,58.66604733,69.67667468,67.36938662,56.22695132,76.86429256,57.10945714,56.55268908,58.72884253,49.29865792,67.85770958,25.06319643,55.46786495,59.01195234,44.19986033,5.172463148,TRUE,0.015103727,6.704538976,0.600423274,2.211823493,,0.785968796,0.9485,1,1,1,1,0.079,0.907
Susceptible_def.db,2,7.936870506,34.50228928,9.357363805,21.65209769,1.914484953,15.90961746,33.39696245,6.528936188,9.609461916,10.90746646,24.30882481,30.48780899,40.33262219,43.10167389,44.49217176,44.16673587,36.87626569,51.94437552,32.56070569,33.90092969,35.89569505,30.6662281,48.43782031,14.20941534,38.99623459,40.9676872,27.80614599,5.781137928,TRUE,0.367263922,7.521287655,1.110292279,2.016434895,,1.930290098,0.9115,5,5,1,2,0.0675,0.725
Susceptible_def.db,3,41.23649024,17.25374148,45.55586045,23.95700506,77.20610055,38.05212086,15.54861371,51.03529766,35.95295441,38.66812932,39.83008036,28.78071266,18.65345157,76.82057809,9.248608039,7.789730632,13.91348012,4.959442528,25.14145928,17.64333528,13.03989572,24.08315457,16.95711037,56.09430524,23.41488516,17.38643632,21.42245122,97.77105586,TRUE,0.24837696,2.04886881,0.109663876,2.91301036,,4.160220789,0.6655,12,13,4,5,0.5485,0.0865
Susceptible_def.db,4,57.93328948,29.81072722,62.66990729,40.22108793,101.9613775,54.64158713,34.49680201,68.43975363,56.17025753,62.22838124,52.45183206,40.3828648,26.4814614,85.60438965,20.93364394,21.19529239,31.84574666,14.79933085,36.27373862,31.83707227,26.60866204,41.54576244,39.20883325,70.43903374,48.97889462,40.13045344,39.85372552,122.9418294,TRUE,0.423678918,2.195991293,0.169479186,0.894063745,,4.648938805,0.5685,14,15,7,8,0.5035,0.126
Susceptible_def.db,5,85.29888186,49.32591261,86.06719573,64.4664828,136.6972541,81.34536888,75.78725232,90.17218211,88.36810937,101.9902291,63.58895148,55.7274542,36.87232384,80.81184858,44.55881364,57.37099306,65.75537405,43.01660766,50.54581107,58.61147757,51.71030322,64.79032481,84.8239027,86.3124603,100.9571295,89.39381683,74.4177684,156.4844645,TRUE,0.129353805,4.080869173,0.098928851,0.646955372,,4.673123813,0.5175,26,26,21,21,0.3565,0.228
Susceptible_hab_FINAL.db,0,39.69546701,26.23719437,43.48439854,24.98004102,57.55996511,36.20861619,9.178343214,48.8576828,27.72291522,22.16256215,47.68873769,37.96533848,39.46937135,90.72848656,19.6924646,12.99768304,9.954145581,17.50853211,38.40396092,22.2469933,19.30591228,21.82002703,3.268334889,58.01778583,2.861865618,2.811220197,15.02948215,75.57004814,TRUE,0.7,0.36,0.45,1.37,0.64,3.087943081,0.854,5,6,0,1,0.6635,0.043
Susceptible_hab_FINAL.db,1,30.16113971,11.60265696,34.19419089,15.47102823,60.4427788,27.97543626,7.604293402,39.05969114,24.17288977,26.01657987,32.21821835,22.97611242,14.42455447,70.63304363,5.41435553,3.256209774,7.704207813,3.192354346,18.3964366,11.06122322,7.592522475,16.93143794,9.70290259,46.58945644,13.27282755,8.878328375,13.87954344,80.35054669,TRUE,0.415919256,0.889763038,0.263176461,1.280050998,0.72705206,4.236336821,0.722,11,12,1,2,0.5005,0.0915
Susceptible_hab_FINAL.db,2,41.86660572,17.04314862,45.46062092,24.66254341,81.59660509,40.52003167,23.51972459,49.73795493,38.64069369,46.38831619,38.43432468,30.17465248,11.52338699,75.91085953,11.35406173,14.04860009,22.68600832,11.05939422,19.25540813,19.6931766,15.51802606,29.40312153,30.56491808,58.44084339,36.88093357,29.73616453,31.20000088,104.6721136,TRUE,0.542912904,1.047570346,0.420270153,1.834839525,0.692994678,4.386195634,0.6575,18,19,0,1,0.383,0.06
Susceptible_hab_FINAL.db,3,31.26877502,46.67375439,31.26810165,37.13381006,28.42606895,28.14872646,34.2139011,37.36833399,27.86963167,24.98742268,47.07343567,47.61086104,60.61289852,78.74925955,53.92439526,47.45212702,48.52789388,62.44222842,44.16940555,37.45273954,46.2176189,47.55564977,45.6157751,48.51430354,34.41554008,39.42803645,39.09981242,39.5921245,TRUE,0.732610529,0.348182424,0.797374468,2.689046121,0.414749595,0.364395641,0.9955,0,0,0,1,0,0.06
Susceptible_hab_FINAL.db,4,45.65755022,19.02317074,49.79692682,26.61992708,83.8926725,42.93432191,20.03069746,54.72123101,40.20024455,44.09564403,42.27446109,31.516045,18.56355969,79.21639471,10.86241201,11.18017384,16.77238103,7.090293667,26.68752573,20.89579373,15.25838916,26.42095941,21.29066731,60.09453874,28.82829943,22.15768435,25.67925874,105.2951644,TRUE,0.504530032,1.425929205,0.283070538,2.524846431,0.494753453,4.394103665,0.656,15,15,4,5,0.5615,0.0935
Susceptible_hab_FINAL.db,5,22.31745929,4.942318901,24.51397441,8.766976089,51.18037314,19.49489456,6.605679899,29.36797674,17.8903034,21.74170574,21.15324299,14.46740516,6.083689754,55.13117894,1.802556998,2.972923685,7.012947736,2.953789809,8.310036045,5.279627072,3.25424623,11.7470571,11.56969023,36.48727133,14.95895381,11.02625579,11.63059087,70.46763641,TRUE,0.568142213,0.412685096,1.037225998,2.613226977,0.776791986,4.177511677,0.7475,14,14,4,5,0.3715,0.0745
Susceptible_hab_FINAL.db,6,53.33446224,32.26791501,59.68224235,36.48112067,84.47195652,49.90192656,17.59491053,66.03482246,44.39489007,41.41804858,59.42265613,45.33176779,40.74867454,103.2954815,21.18550838,12.89832428,17.67139528,13.11522887,45.65495751,29.08833016,24.2838249,34.11143523,13.57090687,72.08466032,17.6642084,13.28918694,25.14709383,104.504278,TRUE,0.463420428,0.426287976,1.477754307,1.463083492,0.379853176,3.900699147,0.695,5,6,0,1,0.72,0.0685
Susceptible_hab_FINAL.db,7,20.65485428,5.634349345,22.69393943,7.595286817,46.33752554,18.9097832,5.95886888,26.68502142,15.04158003,18.48488182,21.48767889,16.02711829,7.166994257,57.55798355,3.351937801,4.622998009,6.744152941,6.136939641,8.50866828,5.925580888,3.951701112,11.01645031,10.63374826,36.36958152,12.3078339,9.378226175,11.52948519,65.87351454,TRUE,0.469376761,0.56079029,0.39307878,1.202229726,0.695415405,4.262323478,0.79,14,15,1,2,0.3645,0.0745
Susceptible_hab_FINAL.db,8,52.63400932,28.16679488,57.53746083,38.20129533,95.91258234,48.91331015,32.13972578,64.38902309,52.70402526,59.42392205,49.68212431,37.94978273,24.50721791,83.52380996,20.44314036,19.00662177,33.65019142,14.91573603,31.9261697,28.22297756,25.53295825,43.1501659,40.6756629,67.27612051,48.66024987,40.0631469,39.44540717,117.0180048,TRUE,0.866844635,1.23379894,1.384003213,1.519088728,0.822506367,4.187393383,0.5655,12,13,5,6,0.3795,0.074
Susceptible_hab_FINAL.db,9,25.3160994,15.19223057,26.88927667,12.91847708,40.88610062,22.87644508,6.673875436,31.02160474,15.54556747,13.9018079,30.6189834,25.57817737,24.03655788,69.6429656,13.44538761,11.89067034,8.238990263,17.15294314,21.16716335,13.05987159,11.80940352,13.54334354,6.227730513,42.36233426,4.488649194,4.99876717,11.82358354,58.8628368,TRUE,0.463491657,0.805510775,0.259511619,2.97391445,0.583066173,3.473853257,0.898,10,11,0,1,0.4535,0.043
Susceptible_hab_FINAL.db,10,25.55783131,7.957328382,27.6595512,13.26917166,58.56774737,23.85752077,15.96577082,32.00026856,24.14684443,31.82102683,22.69148848,17.2589775,3.885870022,54.86644293,6.044259401,9.510299873,17.04537561,8.42901249,7.522512415,9.718338966,8.110902949,19.68423546,25.9291789,39.59110125,30.04209707,24.53515906,21.57935813,78.72224631,TRUE,0.477740472,0.490179617,0.328642895,1.000758623,0.821255854,4.638051217,0.704,17,17,3,4,0.2475,0.0945
Susceptible_hab_FINAL.db,11,72.76239974,37.18259216,74.4739253,50.81453419,122.6876759,69.36995086,57.62471894,78.79026804,72.9460221,85.05412421,55.88754795,47.36226184,26.22112817,81.55669972,31.32011909,41.37712312,50.06859283,30.28402054,38.9428876,44.76155108,38.17098228,52.23722718,65.19034843,79.85681653,78.84558267,68.37940509,60.14770582,145.0076803,TRUE,0.727511975,1.496880506,0.483642958,1.26691068,0.637584996,4.786316571,0.5595,25,25,13,14,0.3895,0.1285
Susceptible_hab_FINAL.db,12,147.3267547,109.8003887,156.6919332,127.9239548,210.2148836,142.7914815,112.4725921,165.7917636,149.8417693,158.1899954,143.0667772,122.9780327,101.8100538,181.5931335,93.42552037,87.29510233,113.1697149,77.51103269,117.9694412,109.8094814,103.9715526,132.3635008,120.6835215,164.380942,135.2422656,120.6646216,123.4127313,235.0142655,TRUE,0.436342282,0.949143498,0.963255118,1.194338087,0.893070742,4.146529937,0.3375,10,11,4,5,0.5545,0.0615
Susceptible_hab_FINAL.db,13,17.15061354,22.12220623,18.3910513,16.64105498,24.44691614,14.25588419,11.99486124,24.16286744,12.87726372,11.41427863,28.89041376,26.37815218,32.67648338,62.99459048,25.21378737,19.96116879,22.19092638,30.50197704,22.36767975,15.41577437,20.52673762,24.41321281,20.55288921,34.46786535,13.76072295,15.95027841,17.57696301,38.4605771,TRUE,0.536535194,0.360708098,1.180754946,2.686219245,0.708914992,2.731674452,0.914,3,4,0,1,0.151,0.06
Susceptible_hab_FINAL.db,14,12.18621766,10.25833335,13.17419688,7.512692902,26.07755088,10.05630889,6.713825613,17.88705839,8.097094004,9.5363449,18.74621214,16.30575821,16.22229577,51.9390916,12.5056243,11.21090484,13.06648525,18.13898512,10.17260986,6.943780379,9.580594732,14.34087232,15.09394098,27.97956103,11.47725041,11.717413,11.64763642,41.91677688,TRUE,0.576430646,0.38105463,1.013651976,2.394372062,0.734518821,3.812649247,0.8725,9,9,1,2,0.186,0.0815
Susceptible_hab_FINAL.db,15,30.4222476,44.37273983,30.36235599,35.63458319,28.94280356,26.59280286,32.30479126,36.97698103,27.22360912,24.47995442,45.26110356,45.26055894,58.23419394,76.62806887,51.26132592,44.80904821,46.69685494,59.39573321,41.92581736,35.03358934,43.91825476,45.90568389,43.66357692,47.4660387,33.08081186,37.82038462,37.34975355,40.37754298,TRUE,0.576165426,0.244870752,1.424490755,2.666923218,0.796321316,0.412080561,0.9845,0,0,1,2,0,0.0365
Susceptible_hab_FINAL.db,16,23.62862806,24.68875962,25.13263714,18.97075993,30.40186415,20.34056444,10.52596325,30.67090843,15.67449969,11.60771318,35.09979155,31.07754999,38.15672953,72.32214241,25.55878732,19.69444882,17.92312968,29.62082587,29.07061129,18.31582117,21.29587357,22.58389262,13.23274171,41.340764,7.203144115,9.988616359,15.79985759,45.08845655,TRUE,0.406170142,0.278780001,0.432262502,1.480817249,0.515268617,2.56616253,0.94,3,4,0,1,0.3205,0.043
Susceptible_hab_FINAL.db,17,51.37906317,28.10245467,57.61244077,35.1949657,89.25461964,48.00205804,20.72532423,64.38221213,46.21852796,47.70318802,54.51458637,40.89633725,30.71338579,96.31481409,17.82900055,11.75923676,22.25299326,10.51482028,37.12418491,25.99716126,22.14281412,36.83395345,22.53943788,70.13993124,28.16179907,21.6449427,29.57410142,110.7965788,TRUE,0.404672349,0.907147048,1.32707725,2.887141248,0.641539309,4.232063897,0.629,8,9,0,1,0.571,0.043
Susceptible_hab_FINAL.db,18,30.130479,45.27852859,30.23323264,35.96795217,27.84508491,27.02142108,32.97602862,36.37504494,26.91052833,24.17273487,45.8611925,46.23950485,58.9778959,77.52450383,52.37224803,45.842969,47.29765039,60.6615801,42.76758379,36.08835662,44.80393728,46.48057866,44.53927184,47.38535799,33.51547268,38.33913542,37.93401972,39.08320722,TRUE,0.433814437,0.130258848,0.803588619,2.780797316,0.582653548,0.562841518,0.9885,0,0,0,1,0,0.0615
Susceptible_hab_FINAL.db,19,51.49569083,25.30188865,56.43828673,33.93960661,92.60212615,49.44623959,27.70766445,61.27901891,48.16467334,53.28932936,48.36434997,36.99646665,22.8776554,84.01427492,16.61462862,16.43428413,24.82232639,11.25106483,32.37739206,27.34798982,21.62077377,34.97986958,31.19464604,65.4435251,39.53824888,31.542309,33.36875836,113.6879365,TRUE,0.493531904,0.819159236,1.409608574,2.882983446,0.654487106,4.247147917,0.6035,14,15,4,5,0.536,0.144
Susceptible_hab_FINAL.db,20,49.80614324,33.68063439,55.43618811,34.66882382,72.88960034,45.64944606,13.71839291,62.07631968,38.76046224,32.59398446,58.92271388,45.78748962,47.16127748,103.5125455,23.95906384,13.97648361,15.19176795,17.27425817,48.09355627,28.52329387,25.09325102,31.22626063,7.430714018,69.0401919,8.683491564,6.954302144,20.77231779,91.3455889,TRUE,0.53818282,0.436023826,1.307108404,2.946791727,0.425132383,3.6075971,0.7765,2,3,0,1,0.731,0.043
Susceptible_hab_FINAL.db,21,19.59319923,27.67325037,20.63537224,20.39602764,22.5315495,16.98678266,15.32380126,26.03004495,14.45352223,11.35926439,32.89002002,31.0537831,40.62786162,66.33798809,31.45232833,25.55625044,25.19737413,37.0365979,28.97752706,20.54692687,25.74545433,27.1519745,22.539619,36.13158538,14.57979776,17.8848719,19.64517773,35.0495533,TRUE,0.649142395,0.359163261,1.392442626,2.952852844,0.512162583,2.185406023,0.9475,2,2,1,1,0.1765,0.099
Susceptible_hab_FINAL.db,22,24.82867554,7.891684826,28.19223443,12.06135309,55.28800887,23.24762775,8.865512849,32.43736359,21.13041783,24.92279047,24.85846893,17.23840119,8.448531475,58.61857807,3.482400388,3.567476886,8.265323625,2.33487232,12.64582666,8.647493108,5.449798261,14.64425619,13.76566067,38.44653954,17.89472432,12.92484782,13.27111413,73.91748552,TRUE,0.746882201,0.602892196,1.351583253,2.124068703,0.602753783,4.360964179,0.7055,13,13,4,4,0.4225,0.159
Susceptible_hab_FINAL.db,23,35.47920856,16.9843153,37.27990852,17.14785995,57.42728904,33.88874533,12.08067984,40.170559,24.05786425,23.85416103,36.42438715,30.42739814,22.72441013,76.920276,12.95741446,14.40172836,8.786198912,15.97424941,24.83675521,18.12546441,13.31146486,14.97476423,8.606892044,51.84930137,10.17468753,8.973134356,16.85950337,77.670029,TRUE,0.680929951,0.742679428,0.745581422,2.226878571,0.624103765,2.92641998,0.8655,15,16,0,1,0.579,0.06
Susceptible_hab_FINAL.db,24,19.70042691,10.730165,23.73191676,12.35703386,43.83207771,16.7120305,3.437124072,29.97007202,16.54302719,17.12044553,26.3561962,17.90744538,16.5110207,61.69744104,6.90436131,1.276827096,8.748076558,4.587716114,15.49220635,6.692188332,7.087328954,17.04035408,9.601657894,35.92613311,10.04105604,7.005089332,9.56444522,60.64356886,TRUE,0.531651953,0.41390964,1.182777538,2.089778287,0.622883386,4.439213218,0.7345,5,6,2,3,0.357,0.1065
Susceptible_hab_FINAL.db,25,32.27242447,47.18403849,32.2346571,37.80661612,29.69697252,28.87647156,34.56779383,38.54469708,28.73422868,25.80442044,47.93141796,48.30465448,61.22997229,79.93823047,54.3213245,47.77629529,49.06017647,62.85599158,44.67877204,37.82005546,46.68962189,48.22292586,45.8452509,49.7714226,34.68862681,39.72809941,39.71588242,41.10567832,TRUE,0.461260165,0.135734878,0.801944425,1.398720315,0.797693116,0.286739876,0.9965,0,0,0,1,0,0.043
Susceptible_hab_FINAL.db,26,13.19936625,10.92468121,15.44408129,8.682686081,28.20404717,10.37829337,2.855386997,21.12128976,8.944395603,8.585724268,21.81058891,16.91217131,19.00818759,56.5236817,10.97482195,6.418178794,10.02905188,13.3606613,13.26505537,6.01292202,8.554042774,14.57179136,9.768409162,29.80256158,6.489418033,6.365448725,8.462503047,43.75840843,TRUE,0.539333414,0.569716701,0.84275425,1.414305093,0.629667538,4.0776855,0.841,5,6,1,2,0.256,0.0795
Susceptible_hab_FINAL.db,27,15.96278305,5.196259522,17.66413992,6.545741044,39.77228986,13.87533025,6.319687041,22.36655408,12.43129606,16.62567557,18.16444237,13.79501602,6.500714397,52.54792279,4.825958821,5.491893177,10.17053299,8.721834986,5.382906871,4.191539675,4.557164357,12.93649808,14.6958674,31.92567691,14.86156204,12.33276254,12.32930218,58.45815833,TRUE,0.403780157,0.635146989,0.660841524,2.49530288,0.772367947,4.700048143,0.7935,13,13,1,2,0.238,0.0595
Susceptible_hab_FINAL.db,28,31.49006721,45.59086088,31.33857971,36.68186469,29.57868452,27.61501315,33.37037302,37.9460251,28.1228688,25.25187181,46.37169724,46.48287778,59.66740655,77.79281412,52.59604069,46.18195675,47.77957362,60.9242206,43.14934675,36.20699525,45.14679745,46.87612953,44.57747076,48.55945625,33.85255282,38.75398298,38.38949607,40.98501971,TRUE,0.741608037,0.211483778,0.689560425,2.538596398,0.743581525,0.289991693,0.9905,0,0,1,2,0,0.033
Susceptible_hab_FINAL.db,29,35.28563785,11.2920348,37.62881549,17.12646014,70.2203552,33.83211244,17.50951359,41.09541024,30.02540799,36.36814906,30.71381328,23.9517766,7.988445724,66.75967022,6.840333688,11.22517276,14.61108087,8.490685117,14.51193327,14.67097541,9.959059545,19.3910798,21.70295832,50.01529517,27.42299134,21.84753962,23.17448199,92.22218135,TRUE,0.489864814,0.943085132,0.954240813,1.917293039,0.710076471,4.299817831,0.7205,19,20,2,3,0.4255,0.0765
Susceptible_hab_FINAL.db,30,32.11641152,46.98455444,32.09313452,37.64239196,29.6250037,28.71852656,34.38907931,38.41186872,28.60236634,25.69284462,47.76284669,48.11096658,60.9971604,79.77207427,54.09768984,47.5434834,48.88484303,62.59951209,44.47832197,37.62320866,46.48697894,48.07176622,45.68829511,49.61999827,34.55775465,39.57025102,39.5509434,41.04723384,TRUE,0.462830558,0.316873575,0.255284147,2.608653553,0.759640359,0.292910335,0.9955,0,0,0,1,0,0.043
Susceptible_hab_FINAL.db,31,26.27893938,6.702754528,28.37238061,10.57064465,56.13455487,24.78050396,10.33997369,31.83023535,20.74543965,25.32118067,23.74006479,17.69655999,6.251135322,58.4104307,3.314683705,6.521345972,8.075283731,5.204095329,10.57638362,9.035144844,5.150960023,12.36913326,13.96265416,40.09221106,18.13431937,13.85350631,14.76172367,76.15901367,TRUE,0.406808602,0.735542395,0.680693835,2.28090041,0.732077785,4.16066523,0.7535,17,17,3,4,0.423,0.1115
Susceptible_hab_FINAL.db,32,48.77197095,20.11565384,52.65036388,27.61221791,88.24161463,47.0336232,22.82816514,56.74159641,42.12654728,47.46635733,45.04530847,35.2858105,17.26565286,85.49007983,12.26040905,14.34958466,19.37120567,10.72389845,26.22989715,23.07932464,16.8834991,28.46051498,24.39962907,65.74509185,31.50570431,24.85485815,30.26800254,112.0010859,TRUE,0.606979486,0.632644051,0.699799831,1.225121073,0.587681728,4.404951987,0.6795,18,19,0,1,0.543,0.043
Susceptible_hab_FINAL.db,33,63.31554342,27.76338349,65.40890801,38.61137056,107.8154367,60.34946616,40.23627119,68.9607299,58.32161744,66.15480788,49.7522383,40.48901134,21.90040419,81.01120793,20.29190924,28.32127676,30.95467066,18.92136429,34.06591034,34.63531318,26.34114425,35.9695655,40.97693255,72.60204148,53.02478656,44.63799213,42.97775208,130.3933349,TRUE,0.606731754,1.917916259,1.911793107,4.504412427,0.257188127,4.155246026,0.635,23,24,10,11,0.57,0.1145
Susceptible_hab_FINAL.db,34,17.27442798,22.25004005,17.852944,17.13767028,25.38440681,14.48621265,15.66828413,23.48218986,14.09514324,14.45578514,27.56863703,26.29497439,30.62681589,60.49759248,26.67844635,23.23629539,26.35654813,33.73579689,20.08627563,16.20007361,21.94370011,26.56263235,26.5524941,34.41846997,19.74523468,21.72260041,21.46288542,39.87451197,TRUE,0.608417571,0.635371471,1.832332719,4.699179625,0.725461101,3.781649384,0.9155,5,6,0,1,0.0705,0.043
Susceptible_hab_FINAL.db,35,46.84383732,32.86941289,50.99285306,31.30690111,64.04057395,43.28672803,13.34846113,56.34909787,33.68706029,26.75069536,55.55800379,45.02495245,47.71674893,99.65447025,25.33514269,17.6575648,13.3680627,22.10538109,46.94401041,28.62781371,24.99995651,26.59626158,5.271149701,65.26982038,4.954798612,5.147472743,18.97580831,81.8650015,TRUE,0.605106315,0.592818319,1.020092206,4.312729379,0.275719762,3.573190992,0.859,4,5,0,1,0.7325,0.0515
Susceptible_hab_FINAL.db,36,15.74252192,16.02103546,16.93721721,12.45228056,27.16961456,12.29488054,8.084736461,22.92615515,11.32990483,10.84844581,24.69476517,21.33427631,25.01223069,58.9675407,18.04201897,14.03205823,16.91343095,22.86780837,16.55767981,10.3404544,14.50638566,19.45820525,15.99522106,32.74914001,11.06134482,12.26603481,13.92612487,42.46789188,TRUE,0.596034587,0.607819115,1.025245083,3.838793926,0.89576823,3.660819481,0.8885,5,6,1,2,0.18,0.031
Susceptible_hab_FINAL.db,37,18.40358049,4.520810583,20.5434662,7.283205754,45.54128939,16.55440625,6.922180911,24.96335,14.98164835,19.67106679,18.94116405,13.59939883,4.669480184,52.86917303,2.812708793,4.039611492,8.852423691,5.262028717,5.890677842,4.626551464,3.553772559,12.46699027,14.39286998,33.37626926,16.34935944,12.70019242,12.38516532,64.55726019,TRUE,0.571795927,0.606601747,1.066740586,3.243404171,0.894631748,3.974493038,0.758,14,14,2,3,0.2945,0.091
Susceptible_hab_FINAL.db,38,21.5619759,56.06791848,22.4145158,39.54850985,6.386659335,28.38921202,48.52882678,20.71332317,22.35147374,20.50856274,42.99715677,50.24082291,67.27541703,62.73652885,68.17203905,64.60755447,56.34128621,77.16490509,53.62815009,51.88196467,57.0868336,49.73962904,63.673556,29.57671384,50.05486684,54.98643451,43.57046231,8.416209998,TRUE,0.580167715,0.061603641,1.000289799,3.914138557,0.891886101,1.277302436,0.9925,0,0,0,1,0,0.669
Susceptible_hab_FINAL.db,39,20.86799423,27.8025041,21.50262574,22.4863469,28.07133898,17.27171867,19.85363774,28.09290377,18.50168247,18.52204148,32.49221762,30.9867607,37.09011232,65.37541239,32.62976656,27.74349126,32.84271403,39.52663598,24.84061845,20.24872919,27.51890139,33.24173853,32.10726586,38.75307379,24.41733874,26.72949079,26.41893222,42.23484516,TRUE,0.619304294,0.705809358,0.938734261,3.454312764,0.865883615,2.904175472,0.9155,3,4,0,1,0.019,0.009
Susceptible_hab_FINAL.db,40,17.8293582,4.534232438,19.31384449,8.167133922,46.25716213,17.38553975,14.28649949,21.94457393,17.39150923,24.33308924,13.94375668,10.13791824,1.586525009,39.22195144,4.107271362,9.141022931,12.15615929,6.299116878,5.343589934,7.760817983,5.106738885,12.14181013,23.43924532,26.24132021,27.90780213,22.79058777,15.1030856,62.48501194,TRUE,0.610535528,0.711519639,0.932268412,3.667385844,0.892139896,4.069987216,0.712,16,17,8,9,0.28,0.27
Susceptible_hab_FINAL.db,41,35.13413136,15.31370771,36.1199743,16.35560085,58.80644028,33.17689179,14.40336318,39.2343167,24.60257739,26.46149199,33.96499759,29.06636464,18.66395716,73.84206648,12.53975594,16.04002069,11.77362052,17.61448968,20.52083325,17.10878582,13.06929522,15.99059981,13.23831451,51.75995346,15.01490896,13.54363761,19.87330962,80.15186707,TRUE,0.653150142,1.036340355,0.809777769,3.773531608,0.883588821,3.021006456,0.8675,18,18,0,1,0.492,0.009
Susceptible_hab_FINAL.db,42,37.65300061,17.86405325,39.31504114,18.49525294,60.34871082,35.24166865,12.6299974,42.84444774,25.93583068,25.67395081,38.17922191,31.77117638,23.84300708,79.55047823,13.60908632,14.86685024,9.990151109,16.76166633,25.54387593,18.55389812,14.15226959,16.46360965,8.997000394,54.77292461,10.63900721,9.522738228,18.20468593,81.28766861,TRUE,0.561894587,1.251691422,0.764002601,3.827180372,0.899394667,2.903298967,0.8685,15,16,0,1,0.572,0.009
Susceptible_hab_FINAL.db,43,16.02965648,7.245719267,18.10414258,7.945971528,37.87923187,12.78816296,4.056858295,23.99237701,12.28961074,14.63525016,20.60693323,15.13979986,11.36588804,56.0152904,6.404926567,4.296831111,10.13422714,9.131705038,8.26667757,4.019798671,5.674875969,14.41069577,11.93172668,33.08156501,11.01455737,9.228875493,10.88558133,55.99985128,TRUE,0.56677842,0.602926664,0.949765136,3.700261407,0.884018336,4.265672014,0.8015,9,10,1,2,0.241,0.0205
Susceptible_hab_FINAL.db,44,23.16594854,5.881739925,25.40864653,9.30556291,51.77962952,20.66037281,6.994244601,30.08915066,18.21053962,22.1781783,22.79390994,16.33123027,6.712806714,58.60284687,2.798398524,3.91938385,7.947908492,4.60358092,8.771236622,6.092170169,4.15070912,12.8407016,12.05311088,38.77749656,14.82322445,11.12225504,12.99632463,71.84503854,TRUE,0.554623325,0.6018533,1.012562034,3.654159407,0.899744764,4.1898086,0.7605,14,15,2,3,0.3635,0.05
Susceptible_hab_FINAL.db,45,15.71708625,15.55158072,17.40333852,13.36669792,30.60374663,12.2007644,9.308593339,24.01047621,13.25165749,14.45166224,24.7289121,20.87873311,22.26973883,59.17889743,17.39466796,12.97413602,19.89227957,21.67084353,14.31279642,9.532802069,14.50135983,22.77597178,20.22428804,33.75351962,15.67478613,15.77876917,16.54405657,46.71848259,TRUE,0.541373334,0.619862093,1.020668575,3.506341996,0.898157316,3.751664837,0.847,5,6,0,1,0.1115,0.009
Susceptible_hab_FINAL.db,46,12.00282297,10.26574142,13.14346777,7.5313647,25.98497836,9.794397392,6.158731983,17.96008775,8.048818164,9.318712664,18.8785302,16.14556446,16.41274456,52.12287078,12.2853386,10.56282699,12.77030476,17.5096529,10.3235862,6.676539528,9.392351784,14.3503804,14.54804891,27.88881938,10.92082926,11.11279311,11.21747732,41.74100727,TRUE,0.544463424,0.582594544,0.981754339,3.947264345,0.77021428,4.251128995,0.868,8,9,1,2,0.189,0.082
Susceptible_hab_FINAL.db,47,16.63674829,6.22426887,18.81445282,7.017561374,39.48194931,14.46521682,4.19662831,23.67851826,12.12050987,14.95530687,20.4793711,15.29122115,9.149384805,56.65544003,4.982594282,4.101633462,8.353876775,7.94802693,7.777745763,4.406269902,4.614867306,12.64520183,11.07998527,33.59230427,10.77190668,8.619113117,10.69485373,58.17907856,TRUE,0.53799381,0.564934433,0.903452066,4.041126003,0.766544144,4.11035017,0.801,11,12,0,1,0.2845,0.0515
Susceptible_hab_FINAL.db,48,23.84545403,8.213648785,26.52356459,10.23888006,49.44696844,21.05420227,4.264550797,31.66750342,17.11314366,18.81826205,26.55866582,19.46534903,12.1068998,65.49925755,4.566619729,3.250044341,6.40951244,5.909251996,12.6760136,6.835480309,5.302208517,13.21738412,7.372994129,41.4722771,8.601185453,6.040213314,11.20582368,69.49490921,TRUE,0.848647852,0.558822135,0.613821538,3.938717126,0.753282969,4.043597892,0.7915,12,12,0,1,0.408,0.0175
Susceptible_hab_FINAL.db,49,21.27471727,7.864386567,24.33019801,9.304026375,45.35668033,18.70014895,2.347968356,29.41497811,14.99626514,15.75722516,25.2306058,17.84104799,13.04216675,62.8447992,4.0803672,1.575515646,4.473787852,4.216616287,13.32405318,5.991582896,4.48500659,11.77127364,5.210730965,37.86457358,6.218812325,3.756454417,8.2974167,63.97039506,TRUE,0.562116301,0.513166255,1.064224019,4.241777657,0.779599742,3.984038799,0.7835,10,10,1,2,0.4275,0.07
Susceptible_hab_FINAL.db,50,23.27579903,34.93839527,23.78964156,27.63359855,25.88976207,20.14404709,25.00695641,30.07092249,20.99997559,19.84205298,37.20990765,36.64935754,46.11787665,69.02539614,40.93951259,35.08746595,38.8295461,48.27183274,32.00256958,26.5424568,34.60001928,38.58593987,37.4889555,40.66128335,28.13527901,31.51732994,30.67210961,38.34253341,TRUE,0.896901183,0.489345751,1.096153697,4.101408222,0.786592187,2.601793318,0.9435,1,2,0,1,0,0.0515
Susceptible_hab_FINAL.db,51,14.40369525,15.09948714,15.4765436,11.21751455,25.66719832,11.98240017,8.846389061,20.64648653,10.03919298,10.3801406,23.1976452,20.80778001,22.81704606,57.39959636,17.73222805,14.8625492,16.94240323,23.50476062,14.96744679,10.3876851,14.08974831,18.65603595,17.34594448,31.31077229,12.28030623,13.377408,14.38864526,41.09125609,TRUE,0.562135682,0.444432318,1.106224185,4.288036708,0.780527462,3.409448019,0.8935,7,7,0,1,0.1675,0.06
Susceptible_hab_FINAL.db,52,16.24965308,10.09001915,18.70050186,9.649332011,35.49305773,12.90531139,3.481630359,24.97748914,12.04484543,12.89434143,23.47096278,17.72484338,16.3739983,60.06156462,9.21541672,5.064783757,10.90150067,11.42639437,11.8565928,5.491254302,7.849634575,16.27259304,10.90790717,34.27835304,8.684180159,7.653401599,10.66581743,52.96838805,TRUE,0.562173903,0.436617076,1.097938061,4.825344657,0.773055907,3.905135104,0.8165,7,7,0,1,0.249,0.0175
Susceptible_hab_FINAL.db,53,22.34237287,33.04698631,23.04755398,26.2974734,26.22506937,19.04217441,23.19833483,29.53943036,20.21564909,19.23116353,36.02621219,34.9930078,43.91064415,68.13098956,38.58946942,32.55680529,37.06020814,45.43624685,30.23160839,24.63144772,32.58876042,37.29271231,35.73281346,39.922555,26.78451787,29.82594371,29.16632503,38.99991529,TRUE,0.545172274,0.514143555,0.991786403,4.201575157,0.761831278,2.738201075,0.931,1,2,0,1,0.0055,0.043
Susceptible_hab_FINAL.db,54,32.27242447,47.18403849,32.2346571,37.80661612,29.69697252,28.87647156,34.56779383,38.54469708,28.73422868,25.80442044,47.93141796,48.30465448,61.22997229,79.93823047,54.3213245,47.77629529,49.06017647,62.85599158,44.67877204,37.82005546,46.68962189,48.22292586,45.8452509,49.7714226,34.68862681,39.72809941,39.71588242,41.10567832,TRUE,0.557829389,0.366620513,1.123015816,4.721112357,0.759027301,0.286739876,0.9965,0,0,0,1,0,0.043
Susceptible_hab_FINAL.db,55,31.08307938,44.45043002,31.25774278,35.96909859,30.46332494,27.23752702,31.98383454,38.04333728,27.78309122,25.1571846,46.29124325,45.95353874,58.03998324,78.83921734,50.97089743,44.14694798,46.80635204,58.92318602,41.92591571,34.92078379,43.84015212,46.6188069,43.47720279,49.04717132,32.86854218,37.44941883,37.78003593,42.48620643,TRUE,0.561170868,0.400404885,1.114464366,4.700746874,0.7936672,0.687387705,0.9795,0,0,0,1,0,0.0175
Susceptible_hab_FINAL.db,56,31.20062036,45.80793667,31.26428555,36.67733355,29.21347729,27.7911431,33.3370787,37.63518507,27.83147884,25.04367619,46.77170562,46.9691257,59.62057558,78.79542356,52.77616841,46.16689858,47.85312894,61.08092167,43.29590806,36.46241438,45.29140778,47.18509489,44.76684691,48.7317388,33.7928082,38.64344717,38.58159584,40.71685348,TRUE,0.543243166,0.318992328,1.20889648,4.984278467,0.697004841,0.600105073,0.9895,0,0,0,1,0,0.043
Susceptible_hab_FINAL.db,57,32.27242447,47.18403849,32.2346571,37.80661612,29.69697252,28.87647156,34.56779383,38.54469708,28.73422868,25.80442044,47.93141796,48.30465448,61.22997229,79.93823047,54.3213245,47.77629529,49.06017647,62.85599158,44.67877204,37.82005546,46.68962189,48.22292586,45.8452509,49.7714226,34.68862681,39.72809941,39.71588242,41.10567832,TRUE,0.633936195,0.312066438,1.273211359,4.607118488,0.67178862,0.286739876,0.9965,0,0,0,1,0,0.043
Susceptible_hab_FINAL.db,58,19.38151172,26.76848785,20.58192935,20.25016662,24.07040157,16.43818554,14.95811979,26.48131403,14.93070323,12.52189319,32.57535735,30.37023521,38.85692929,66.51399052,30.38039509,24.22040666,25.87316732,35.8001056,27.25437915,19.3071649,25.01676564,28.08930218,23.38545191,36.7072929,15.59403513,18.48740041,20.24490127,37.23447026,TRUE,0.63412395,0.26636799,1.259592675,4.902608971,0.689541007,3.259065507,0.9315,2,2,0,1,0.1445,0.0685
Susceptible_hab_FINAL.db,59,32.27242447,47.18403849,32.2346571,37.80661612,29.69697252,28.87647156,34.56779383,38.54469708,28.73422868,25.80442044,47.93141796,48.30465448,61.22997229,79.93823047,54.3213245,47.77629529,49.06017647,62.85599158,44.67877204,37.82005546,46.68962189,48.22292586,45.8452509,49.7714226,34.68862681,39.72809941,39.71588242,41.10567832,TRUE,0.660467434,0.315741098,1.288647902,4.745440391,0.67791132,0.286739876,0.9965,0,0,0,1,0,0.043
Susceptible_hab_FINAL.db,60,18.62017345,25.4817054,19.60120833,19.85722767,25.26034163,15.44703902,16.20645891,25.83043741,15.48701198,14.637964,30.79417857,28.92147579,35.67348762,64.05286328,29.66399108,24.29937796,28.07960369,35.74004903,24.07152216,18.16365929,24.58112526,29.37565549,26.90720466,36.15233449,19.39037291,21.74305787,22.1431822,39.01954142,TRUE,0.525440892,0.357986342,1.212570572,4.691851289,0.685580531,2.81247759,0.9155,3,3,0,1,0.0765,0.043
Susceptible_hab_FINAL.db,61,32.11641152,46.98455444,32.09313452,37.64239196,29.6250037,28.71852656,34.38907931,38.41186872,28.60236634,25.69284462,47.76284669,48.11096658,60.9971604,79.77207427,54.09768984,47.5434834,48.88484303,62.59951209,44.47832197,37.62320866,46.48697894,48.07176622,45.68829511,49.61999827,34.55775465,39.57025102,39.5509434,41.04723384,TRUE,0.533957502,0.403170874,1.151616988,4.936450719,0.701101253,0.292910335,0.9955,0,0,0,1,0,0.043
Susceptible_hab_FINAL.db,62,92.63322887,59.81386851,97.64683338,74.98923977,147.5678882,89.64516244,74.78357595,103.6436984,96.15041027,108.0298405,81.97000495,69.61311454,48.45360581,110.7826553,50.85243194,54.22975139,72.01351796,43.92078683,62.15427475,64.14755714,58.83290558,79.97623224,86.06953241,103.2873092,99.47971083,86.90584452,80.52450167,169.938658,TRUE,0.514074859,1.695521102,1.05903457,1.830730562,0.756133862,4.633704094,0.448,18,19,9,10,0.37,0.151
Susceptible_hab_FINAL.db,63,65.08663936,38.08788305,71.69247926,47.34730535,107.4650622,61.63910353,33.35913688,78.33321669,60.9260031,63.30918343,65.28387409,50.45325238,39.09937678,104.6162828,26.39872096,21.28714836,32.46380112,17.03268316,48.31954873,37.39721972,32.01625724,47.51863911,34.67886738,81.41625726,42.97875435,34.83863646,40.86836045,128.818908,TRUE,0.532488393,0.796918044,0.926250348,3.78624337,0.816111577,4.163085179,0.573,9,10,3,4,0.6235,0.095
Susceptible_hab_FINAL.db,64,32.01990961,10.25821539,34.22620292,13.87985894,61.84760457,30.30292818,11.52888765,37.70984908,24.31108124,27.90967452,29.95684622,23.2869024,10.78434859,68.16239167,5.861579573,8.66695066,8.933656195,7.909901522,15.31103758,12.40467234,7.887668838,14.56772341,12.7466553,47.78259355,16.68527812,12.89062168,17.17258612,83.26177673,TRUE,0.541942451,0.82890565,0.893449861,3.762549933,0.807295383,3.982331789,0.7775,17,18,1,2,0.483,0.057
Susceptible_hab_FINAL.db,65,66.12827047,38.14865221,72.82711075,47.98669276,110.0160307,61.96774118,32.96421293,80.37267165,62.0166288,64.91951881,66.87722651,51.63403763,38.59976193,108.676665,26.31264448,20.53187085,34.16069205,17.40562393,47.12515133,36.53075388,32.17795295,49.83857004,35.46290933,84.8768288,43.28170666,35.10878147,42.64429271,132.8970593,TRUE,0.570925021,0.863476789,0.876805674,3.883227743,0.825234886,3.860684883,0.5725,9,10,1,2,0.578,0.0115
Susceptible_hab_FINAL.db,66,35.3253738,12.86904558,39.06524294,18.05825347,68.47212388,32.4554244,10.48723428,44.27126107,28.78952467,31.46460406,35.24297286,25.60827132,14.50436031,74.78375708,6.144920393,5.145205277,10.07781443,4.401620081,19.34212073,12.92586972,9.087454407,19.31573914,12.14098985,52.38386733,16.72623937,11.90387156,17.63218703,89.97004661,TRUE,0.587346663,0.807765317,0.834589256,3.974251681,0.830019647,4.111264648,0.7175,13,14,1,2,0.5065,0.032
Susceptible_hab_FINAL.db,67,18.70887705,28.41185596,19.27538667,21.85832835,22.98987662,15.72797672,19.6973417,25.24459659,16.37142755,15.54826156,31.2017313,30.3213067,38.89064827,62.32875979,33.82938281,28.77593548,31.99486663,40.6253857,26.15584708,20.93054136,28.01992874,31.83181149,31.44173981,35.11651455,23.22017396,26.0347596,24.71511293,35.54041993,TRUE,0.605845254,0.632751362,0.829605061,4.11619529,0.825786877,2.945544464,0.928,2,3,1,2,0.035,0.074
Susceptible_hab_FINAL.db,68,20.13605435,27.04270132,21.15603422,21.73621694,27.38630439,16.48349079,17.63420307,27.88426943,17.53398256,16.88113952,32.42842796,30.25440228,37.1030515,65.75892958,31.19860791,25.39167387,30.55617627,37.11825964,25.05493331,19.14757689,26.19510093,31.95570133,29.14357296,38.12244008,21.54939385,23.80479479,24.19167789,41.35418283,TRUE,0.616589957,0.572808335,0.802862745,4.128172925,0.823368229,3.189493343,0.9085,2,3,0,1,0.05,0.0175
Susceptible_hab_FINAL.db,69,18.4038932,23.26395506,19.30875278,19.21013016,28.68042442,14.90345999,17.01587143,25.92982891,16.70096317,17.79202086,28.90465707,26.90215795,30.86913068,61.75758628,27.47783513,23.08448714,29.60111501,33.8018517,20.00949082,16.3123534,23.12986336,30.30848098,29.95724828,36.27069914,23.32739725,24.69331261,23.91448244,43.53884109,TRUE,0.617377911,0.525622334,0.931477831,1.654962202,0.810131897,3.210789258,0.886,4,5,0,1,0.0175,0.009
Susceptible_hab_FINAL.db,70,42.42671032,20.97250654,47.73989505,27.76090786,79.31319935,39.82461593,18.21938374,53.56016262,38.8478836,42.0211035,43.62744263,32.0499066,21.63036843,81.29186438,12.73849888,9.296734668,18.79315254,7.205236916,27.99173843,20.29368537,16.57316872,30.1449873,22.18808975,58.6115565,27.97471306,21.34071609,25.21696961,99.70081438,TRUE,0.502312182,0.507651532,1.499482466,1.363320393,0.506669175,4.273944827,0.6325,10,11,2,3,0.501,0.1045
Susceptible_hab_FINAL.db,71,21.18581919,32.56364818,22.29682095,25.9540796,25.45643886,17.9811732,22.12458215,28.93698435,19.63546796,18.54876589,35.58380665,34.11160949,43.50239351,67.47013152,37.78216605,30.92774865,36.38795629,43.74163386,29.96237886,23.80146208,31.86988781,37.22712639,35.10985874,38.7327321,26.20646431,28.96764158,28.11208867,37.88875736,TRUE,0.497398215,0.495574279,1.131385431,1.755438561,0.538927373,2.566908112,0.915,0,1,0,1,0.0055,0.06
Susceptible_hab_FINAL.db,72,36.94784486,18.86848813,41.86716789,22.01374505,65.25011037,33.8569965,8.3157635,47.60661175,29.18820038,27.78517393,41.73745263,30.42222398,25.93470646,82.44153824,10.79194344,5.141084906,8.871109002,6.026349852,29.10249763,16.41606112,12.8168204,21.33911585,6.992632364,54.30172368,10.05048999,6.399086913,14.8602989,84.51283508,TRUE,0.495438,0.51044633,1.474201559,3.249235268,0.561297192,4.082980008,0.7295,7,8,1,2,0.6045,0.0785
Susceptible_hab_FINAL.db,73,22.41125359,32.96721738,23.11402972,26.14179106,26.12301663,19.10658474,22.84812677,29.56582363,20.0300804,18.85780366,36.10570155,35.02558204,44.05312379,68.37963139,38.41415457,32.36142276,36.52065921,45.23160153,30.40953413,24.57736661,32.40460305,36.86077292,34.99626681,39.99353633,26.05465255,29.17047384,28.76079063,38.90488888,TRUE,0.510665544,0.520393826,0.989971313,3.410482265,0.735471172,2.788255908,0.934,1,2,0,1,0.016,0.043
Susceptible_hab_FINAL.db,74,21.9306231,6.503893454,24.77473629,9.443895108,49.71132712,19.56711668,5.289723303,29.71995493,17.18876725,20.39573643,23.68657273,16.69118455,8.305097393,60.32301176,3.060685394,2.4108774,7.379637941,3.885606738,9.846151887,5.712976962,4.19798677,13.44296245,10.58530225,38.34170913,12.65754477,9.071778661,11.74031317,69.35704862,TRUE,0.520362332,0.555799704,0.905735028,3.362963262,0.737657812,4.142154264,0.7545,12,13,1,2,0.3665,0.0595
Susceptible_hab_FINAL.db,75,19.27630267,27.78311762,20.17093955,21.67273638,24.84971555,16.20260826,18.42683546,26.36352084,16.64363563,15.82421188,32.03212564,30.53719653,38.06817005,64.65124689,32.50776698,26.97478077,30.96345074,38.8493337,25.78595982,20.13512676,27.06556889,31.74948723,29.92187368,36.69229177,21.88025497,24.4465048,24.2753197,38.14518161,TRUE,0.554177934,0.628435129,0.936137322,4.149642226,0.72444107,3.222666666,0.92,2,3,0,1,0.049,0.0515
Susceptible_hab_FINAL.db,76,23.91495693,36.6778881,24.59147243,29.04776835,25.74778624,20.77075204,25.75591136,30.99118379,21.77164536,20.17326566,38.68503404,37.99270458,48.50243336,70.4101309,42.67269721,36.10476391,40.01678997,49.63521957,33.97068558,27.8229407,36.13380002,40.07265261,38.28923955,41.32278329,28.59797349,32.13139556,31.35814912,37.76972799,TRUE,0.572246006,0.627487311,0.619007061,4.152743355,0.764005175,2.4654172,0.9435,0,1,0,1,0,0.06
Susceptible_hab_FINAL.db,77,19.12063768,6.942241671,21.67933571,9.290446986,44.95467166,15.84076259,4.901074059,27.6822397,15.6004527,18.74693301,22.3578586,15.79073959,9.565553315,58.40550672,4.76660747,2.917946534,10.10073621,6.306089199,8.452388963,4.394233848,5.134529716,15.45171942,12.57814547,36.31669849,13.17602944,10.24854341,12.19860051,64.08832116,TRUE,0.572017148,0.760092685,0.553370467,4.155692707,0.895845997,4.106001165,0.7655,10,11,1,2,0.272,0.015
Susceptible_hab_FINAL.db,78,20.31039716,40.33633269,20.94495005,29.61352487,15.94492796,20.13718219,29.9011747,24.9213916,18.80358427,16.76392797,37.4838877,39.38654961,52.58266941,65.62611955,48.41915737,42.58355439,42.34439988,56.22300377,37.82623339,32.70127211,40.24221521,40.30677768,42.99863921,34.89430747,31.75037083,36.03450892,32.18035803,24.7109621,TRUE,0.569520937,0.111572234,1.015944724,4.244706794,0.885494864,1.607339925,0.9685,0,0,0,1,0,0.2435
Susceptible_hab_FINAL.db,79,31.06324981,44.5688074,31.22741173,36.0173134,30.29745744,27.26865946,32.10537566,37.96575285,27.75938783,25.1180146,46.31189414,46.03271312,58.17872461,78.79861722,51.13769109,44.33737856,46.89243485,59.12564996,42.04559151,35.06128821,43.96900134,46.65262756,43.59510133,48.97721345,32.94805805,37.55591093,37.83910399,42.26160731,TRUE,0.588684632,0.168656526,0.061533129,4.183276605,0.890630332,0.763022403,0.9805,0,0,0,1,0,0.0205
Susceptible_hab_FINAL.db,80,23.09658248,33.18875347,22.81613506,26.00022311,25.22518747,19.54259791,24.84950553,28.89191627,20.07897358,18.91224231,34.82643676,34.84014607,44.59137342,65.30897011,39.63776374,35.45074778,37.08272653,47.93569469,30.55742642,25.69875333,33.26200643,35.61523273,36.07198143,39.03624495,27.33407039,31.01138036,29.40083765,37.55557704,TRUE,0.603098336,0.20721596,1.085869161,1.031398974,0.81166044,1.095706663,0.9615,3,3,2,3,0.0185,0.048
Susceptible_hab_FINAL.db,81,30.31960607,44.66609579,30.47021347,35.74705202,28.83672776,26.89853652,32.31985497,36.8932783,27.09536822,24.42928465,45.81534143,45.86206169,58.27876764,77.85354974,51.48942386,44.82509063,46.85619172,59.59710814,42.14827103,35.33639698,44.1306135,46.33320044,43.88017558,47.87825621,33.06263863,37.75142021,37.64702516,40.42125001,TRUE,0.578392193,0.330007047,1.10278701,3.627775227,0.634976428,0.56602577,0.9835,0,0,0,1,0,0.043
Susceptible_hab_FINAL.db,82,31.16743793,11.46944165,33.66424188,17.78776107,66.79483224,30.61416651,21.91724846,36.79240908,30.27958774,38.64888301,26.21088518,20.37946299,5.771713079,55.93656575,8.529867757,13.40328438,19.62845093,9.350999338,12.51552982,15.26424006,11.45583787,22.29204968,30.88735472,42.49155091,37.12957086,30.31873272,25.49907604,86.25906596,TRUE,0.498629485,0.421621371,1.156167675,1.058864307,0.776074166,4.504704277,0.664,18,19,5,6,0.3195,0.197
Susceptible_hab_FINAL.db,83,33.9462835,11.74958432,37.26146774,16.41036629,66.37649572,32.53952176,12.25019365,40.99088444,27.24963967,30.86163477,32.70588595,24.60414851,11.8803157,70.89209782,5.942100599,7.218588048,9.633704694,5.52341736,17.86785085,13.69747788,8.694905096,17.19573813,13.86138625,49.59203793,18.69937042,13.79189353,17.94653661,87.52369783,TRUE,0.425128032,0.79656445,0.603592681,2.341798169,0.73627227,4.013754992,0.7285,16,16,1,2,0.513,0.0975
Susceptible_hab_FINAL.db,84,46.01519789,20.76721237,50.74533622,28.45765908,84.82149654,43.35833785,20.70518414,56.06120992,41.55326176,45.53818912,44.19792087,32.8875722,20.13798509,81.60597025,12.32370604,11.21854214,19.01340356,7.636923025,27.98962444,21.72860313,16.76339131,29.5042156,23.35556287,61.33623681,30.49635682,23.51912212,27.18243301,106.1466582,TRUE,0.410487523,0.794388529,0.560927563,2.229022004,0.752156206,4.235171587,0.6365,13,14,3,4,0.5345,0.0935
Susceptible_hab_FINAL.db,85,36.99853679,16.30676409,41.47442377,22.21151907,71.69293888,35.34363133,16.16621731,45.89048273,33.12582264,36.57212884,36.40447221,26.48214302,16.59950158,71.08402059,9.288278581,8.319555189,14.09271754,5.113248721,23.45451977,17.39414303,12.61720225,23.12224062,19.2973912,50.4467137,25.40106602,19.10834426,20.71573978,90.86020927,TRUE,0.445440907,0.789167366,0.546285094,2.399027112,0.781108588,4.297048205,0.655,12,13,4,5,0.518,0.1795
Susceptible_hab_FINAL.db,86,19.20057513,4.802178108,21.7985836,8.223968395,47.73046097,17.67850572,7.675458224,25.88278452,16.55385455,21.18625442,18.99144716,12.89021334,4.714839881,50.81312586,2.227336357,3.363755707,8.108229926,2.857359865,7.443016655,5.498873843,3.449389178,12.20716076,14.65785434,32.21387901,17.89860306,13.42724648,11.76272347,65.75722007,TRUE,0.405559676,0.702432043,0.609079545,2.29598093,0.775536652,4.091816632,0.724,13,14,4,5,0.339,0.1595
Susceptible_hab_FINAL.db,87,23.22216486,6.47055866,25.79998273,9.416639737,51.09674463,21.18569785,6.22371838,30.23229207,17.66121154,21.02456045,23.97000412,17.37870245,7.920151676,60.82249098,3.059635183,3.549546189,6.926952148,4.515828348,10.16399635,6.619824073,4.302845175,12.60103548,10.51978197,39.30001291,12.95871539,9.41327896,12.2386993,71.07550735,TRUE,0.401259071,0.570112584,0.728619328,2.424089978,0.78395125,4.202897235,0.765,14,14,1,2,0.393,0.066
Susceptible_hab_FINAL.db,88,26.58639378,12.72932927,30.2347311,13.743325,49.78239135,23.52032178,2.885109675,35.8215891,18.68373333,17.46063103,32.35233105,23.61620277,20.37749706,72.63880733,7.564635492,2.944837742,5.297237932,6.365420181,20.33968058,9.734081179,7.982962836,14.91251117,3.29090479,44.56145725,3.895585676,1.936806925,9.562481131,68.62511346,TRUE,0.417078379,0.564128767,0.75491306,2.732259529,0.660924207,3.886359794,0.7935,8,8,0,1,0.5,0.043
Susceptible_hab_FINAL.db,89,17.26225665,24.19558247,18.55883965,18.37343709,23.70527294,14.38593264,13.85312488,24.51948778,13.81445345,12.40296612,29.90071721,27.61890124,34.88658735,63.30734811,27.80447109,21.97848723,25.11885669,33.08523386,23.78154257,16.91993635,22.78232146,27.07487704,23.6329528,34.55816722,16.27316551,18.56936235,19.455416,37.15645069,TRUE,0.474386367,0.488973371,0.755277751,3.172486537,0.662703548,3.520887325,0.9115,2,3,0,1,0.1145,0.0685
Susceptible_hab_FINAL.db,90,21.254293,27.86958819,22.55315341,21.52712061,26.25546267,17.80398417,14.91785273,28.829005,16.40812121,13.52355198,34.54985153,31.73107682,40.57726085,69.26457901,30.94825509,24.21984425,26.12251367,35.93425816,28.82859265,19.94900573,25.72823258,28.99849737,22.67579158,39.06486116,14.95921782,17.93086563,20.66473686,39.72170818,TRUE,0.498147773,0.5294266,0.805696316,3.426051366,0.652505981,3.314848299,0.932,1,2,0,1,0.161,0.043
Susceptible_hab_FINAL.db,91,44.61328183,34.16015636,48.1514673,30.95985831,57.73513362,40.88767691,13.6445764,53.5689023,31.35556335,23.73446915,54.6174085,45.29592484,50.47270027,98.06471028,28.18393617,20.28177595,14.96303136,26.42775101,47.34651707,29.06436673,26.68184922,26.89221034,6.119770305,63.06893229,4.134045687,5.559719194,19.01104857,74.64212636,TRUE,0.50475756,0.477865512,0.877290116,3.495783164,0.66087023,3.045448454,0.898,3,4,0,1,0.685,0.043
Susceptible_hab_FINAL.db,92,16.39529637,5.156589234,18.24121195,6.031925628,38.74795982,13.70312672,3.143540614,23.16165366,11.42812724,13.68321468,19.07597753,13.74993594,8.989288995,54.03825964,3.803766623,3.337082234,6.261157034,6.594883999,7.610152082,3.569304446,3.433178557,10.26866822,8.706649246,32.05361567,8.934588385,6.971993502,8.66438135,56.93811018,TRUE,0.522164835,0.479740443,0.909538257,3.775251989,0.820915544,4.000690319,0.807,11,12,2,3,0.3155,0.058
Susceptible_hab_FINAL.db,93,21.92887899,29.90152166,22.99070227,24.32189474,28.38889595,18.00551093,19.58206252,30.04845352,19.51462882,18.50239861,34.97275897,32.71601841,40.61736104,68.30383059,34.21006341,27.69630203,33.35288249,40.01292755,27.80366245,21.35434622,28.96806606,34.89834774,31.40291029,40.16074386,23.34934235,25.84575413,26.32991457,42.07808054,TRUE,0.586385038,0.616821148,1.116675198,3.047606488,0.896572475,2.963878723,0.9115,1,2,0,1,0.036,0.009
Susceptible_hab_FINAL.db,94,33.75915208,10.87182681,35.7414577,17.53539898,69.9589762,32.25537836,20.93642105,39.37004129,30.99521932,39.14137407,27.73287284,21.76699964,5.576855512,60.22642265,7.656827374,13.16675421,18.62627777,9.73274776,11.98688732,14.66102823,10.81622562,21.5354831,28.31934385,46.77087723,34.54661534,28.25695213,25.82887172,91.19883375,TRUE,0.591290627,0.698185745,1.139493404,2.808306549,0.896253197,4.485216321,0.693,20,20,4,5,0.337,0.104
Susceptible_hab_FINAL.db,95,17.74675716,18.56423938,18.94931182,13.94279805,27.17371963,14.80506799,8.961056228,24.3862684,11.93440059,10.4638082,27.62515626,24.52059813,28.68424399,63.14489979,20.49245261,16.33841178,17.02616023,25.62518313,20.13604276,13.01102224,16.58313891,19.91042548,15.1689893,35.13039008,9.646527606,11.48760804,14.57099019,42.38223533,TRUE,0.539303195,0.423815592,1.051455303,3.93801136,0.831979774,3.113539162,0.914,5,6,0,1,0.2245,0.043
Resilient_def.db,0,3.771337136,21.33321092,5.215735701,11.43477084,3.993112189,10.62883052,21.99696392,2.664819232,3.759046288,5.432868794,15.51074221,19.66440481,26.05864262,35.5058643,28.6867481,30.04271945,22.04656846,34.75373953,21.71445897,22.4809786,22.08245225,17.33850798,33.48743926,9.42334649,27.394482,28.04883331,16.47994745,9.983874083,TRUE,0.215,4.86,0.57,5.2,,2.567915703,0.8805,8,8,3,4,0.187,0.677
Resilient_def.db,1,27.6178954,69.32257768,28.88820232,50.33688376,8.566446763,39.04703432,65.30860213,23.55864497,30.51372157,29.84310782,50.66933767,60.83313988,78.20348191,65.00092724,83.37191551,81.75418972,69.70096928,92.53472658,66.68409655,67.96612415,71.18619356,60.50186805,82.39727357,31.38696697,68.32722958,72.72944774,56.01965776,6.961415546,TRUE,0.264636424,6.594999841,1.428136623,2.322411735,,0.477412117,0.9785,1,1,0,1,0.0005,0.943
Resilient_def.db,2,35.06943991,80.45127655,36.35591327,59.7626748,12.48964603,47.46272849,75.24073048,30.29187152,37.87945993,36.45015326,59.98286669,71.08823845,90.36646511,73.61862164,95.35413401,93.33020013,79.58559503,104.8886557,78.00731592,78.95537287,82.25153536,69.88234506,92.30340896,38.33710657,77.02606559,82.12265193,64.97967933,9.555731164,TRUE,0.368476846,5.638685069,1.140782314,3.054612475,,0,0.9995,0,0,0,0,0,1
Resilient_def.db,3,35.06943991,80.45127655,36.35591327,59.7626748,12.48964603,47.46272849,75.24073048,30.29187152,37.87945993,36.45015326,59.98286669,71.08823845,90.36646511,73.61862164,95.35413401,93.33020013,79.58559503,104.8886557,78.00731592,78.95537287,82.25153536,69.88234506,92.30340896,38.33710657,77.02606559,82.12265193,64.97967933,9.555731164,TRUE,0.011885817,6.027146821,0.804144753,3.351930487,,0,0.9995,0,0,0,0,0,1
Resilient_def.db,4,35.06943991,80.45127655,36.35591327,59.7626748,12.48964603,47.46272849,75.24073048,30.29187152,37.87945993,36.45015326,59.98286669,71.08823845,90.36646511,73.61862164,95.35413401,93.33020013,79.58559503,104.8886557,78.00731592,78.95537287,82.25153536,69.88234506,92.30340896,38.33710657,77.02606559,82.12265193,64.97967933,9.555731164,TRUE,0.038835254,5.434581471,1.094279653,3.510794621,,0,0.9995,0,0,0,0,0,1
Resilient_def.db,5,115.9652168,72.48885029,114.3305076,90.57548474,171.9528504,110.7842628,109.5878243,117.8334498,119.8025047,136.7007904,84.30307667,78.00301003,56.10185515,94.7121745,69.02899008,88.89402761,94.67808219,70.05165783,72.14997345,85.78286021,77.34995826,88.65832873,118.4077426,111.3771132,138.5178094,125.8284114,105.0899233,192.1581093,TRUE,0.269819223,4.086622412,0.995355273,0.549444258,,4.606102358,0.5075,33,33,28,29,0.336,0.227
Resilient_def.db,6,35.06943991,80.45127655,36.35591327,59.7626748,12.48964603,47.46272849,75.24073048,30.29187152,37.87945993,36.45015326,59.98286669,71.08823845,90.36646511,73.61862164,95.35413401,93.33020013,79.58559503,104.8886557,78.00731592,78.95537287,82.25153536,69.88234506,92.30340896,38.33710657,77.02606559,82.12265193,64.97967933,9.555731164,TRUE,0.015111157,6.283574008,0.153922866,6.643103359,,0,0.9995,0,0,0,0,0,1
Resilient_def.db,7,64.24578588,33.3043936,63.63723916,45.48892457,108.3268246,60.78090613,59.73774067,66.715154,66.53781212,79.05473122,43.03372163,37.84168048,22.9922507,57.47261755,31.26160759,45.44583004,49.14915531,32.48164575,34.01361597,42.76590827,36.48659209,45.03446877,68.1663562,63.25317301,82.34758477,72.79223492,56.11150957,125.9472876,TRUE,0.268758983,4.485781678,1.426095785,0.86145495,,4.242073797,0.5895,26,26,22,23,0.3275,0.275
Resilient_def.db,8,28.19255786,8.445391155,29.53932497,11.5404949,55.10056687,27.04424527,13.04605937,31.54447164,21.71218113,24.72053262,22.72460209,17.18551788,10.01042802,51.904587,5.101344217,10.31830209,5.755149733,6.245582467,15.54232188,12.74389117,6.594556856,8.477142028,12.65646466,36.36191501,18.4592079,14.53417676,12.70235582,72.21682277,TRUE,0.055995839,3.150174071,1.191587406,5.612709933,,3.962323461,0.767,17,18,9,10,0.5435,0.2455
Resilient_def.db,9,40.40074152,13.50014364,42.48504897,20.39674023,75.74463041,37.64563237,19.60329298,46.11417338,34.66241323,39.23650603,32.37733395,24.14952597,12.64969811,63.73801701,7.644150836,12.47594373,12.91807322,6.729905281,20.51113102,17.71872913,11.32201045,17.9861445,19.82026284,50.2471629,28.17810227,22.26171625,21.71628232,95.61592359,TRUE,0.27573438,2.904225024,0.587480141,6.790658966,,4.281658264,0.699,18,19,9,10,0.5525,0.1465
Resilient_def.db,10,35.06943991,80.45127655,36.35591327,59.7626748,12.48964603,47.46272849,75.24073048,30.29187152,37.87945993,36.45015326,59.98286669,71.08823845,90.36646511,73.61862164,95.35413401,93.33020013,79.58559503,104.8886557,78.00731592,78.95537287,82.25153536,69.88234506,92.30340896,38.33710657,77.02606559,82.12265193,64.97967933,9.555731164,TRUE,0.309669918,5.571655917,0.467799614,6.152924562,,0,0.9995,0,0,0,0,0,1
Resilient_def.db,11,37.8255354,11.63086988,39.78907818,18.11009206,71.89817395,34.47898017,16.26208914,43.90055611,31.72007379,35.57183876,30.4866316,22.14351558,12.00092438,62.3565553,5.911430532,10.00686026,10.46949652,5.141384738,18.73473464,15.02345308,9.266482657,15.73468899,16.17189876,48.18794342,23.91914135,18.54901513,18.72913741,91.68042594,TRUE,0.235829314,4.32334465,0.096130664,5.217219963,,4.377976751,0.7135,17,18,9,10,0.5465,0.1175
Resilient_def.db,12,6.112522093,10.45880714,8.204033718,8.61609836,23.73505268,9.732733645,18.68099065,8.756628714,9.795017988,16.63477912,10.67644284,10.86379038,8.087669026,31.2900986,14.55485753,17.19308068,20.33030172,17.94671795,7.982635602,12.14364151,12.1432622,17.45514825,34.49681726,13.30906235,33.81604948,30.10040976,17.25021203,34.64631155,TRUE,0.140330825,6.433976231,1.493915347,1.494818251,,3.587057108,0.7345,11,12,5,6,0.1045,0.496
Resilient_def.db,13,2.874982646,20.61118206,5.613139652,12.69071789,7.976333173,8.917763473,20.66117108,4.871242627,5.777129275,8.844428173,16.53223149,18.77796337,23.5081314,38.05657536,26.91238703,25.41425737,24.99211943,30.84158104,19.01538437,19.67726176,21.2285576,22.41255171,36.44134918,11.22776042,30.39883911,29.59429104,18.18514533,15.10467615,TRUE,0.207416854,6.356256048,1.237033936,1.845468598,,2.902525313,0.812,5,6,1,2,0.0925,0.6155
Resilient_def.db,14,4.83488654,27.13105828,5.809155546,15.86050506,1.346738516,11.27722728,27.11927731,3.769991853,5.984233396,7.338219501,18.25410226,23.50068862,33.04732698,36.55893423,36.30745366,36.85069584,29.60839856,43.43694597,25.8521726,26.85809566,28.49751823,23.49636316,40.74229381,10.32846145,32.87270004,34.49213592,21.43502243,5.984469496,TRUE,0.126221686,6.323842398,1.484498111,1.808775671,,2.613338322,0.903,6,6,4,4,0.098,0.672
Resilient_def.db,15,35.06943991,80.45127655,36.35591327,59.7626748,12.48964603,47.46272849,75.24073048,30.29187152,37.87945993,36.45015326,59.98286669,71.08823845,90.36646511,73.61862164,95.35413401,93.33020013,79.58559503,104.8886557,78.00731592,78.95537287,82.25153536,69.88234506,92.30340896,38.33710657,77.02606559,82.12265193,64.97967933,9.555731164,TRUE,0.132514628,5.665705591,0.930460059,6.445419024,,0,0.9995,0,0,0,0,0,1
Resilient_def.db,16,35.99589409,14.72259791,37.84817346,22.4623313,72.84665942,34.34540854,28.36314668,41.16645026,36.59045458,45.1091502,26.93545069,20.74686206,9.231712301,50.2432612,11.79590664,18.22275866,23.55408559,11.29323297,16.84565115,19.57776613,15.15640305,24.66890367,36.71683718,42.20680763,45.38065759,37.83075314,28.63669956,90.19884219,TRUE,0.157267508,6.076814164,0.894470963,0.830584485,,4.371341499,0.631,18,19,12,13,0.3445,0.2655
Resilient_def.db,17,4.055843401,25.45492468,5.039291091,14.88402734,2.479719551,11.14580167,28.05257371,2.401591895,6.111771596,8.738730689,16.11369399,21.62170529,29.40736937,33.04714725,34.66192792,36.47747815,29.52603904,41.74323251,23.60776181,26.29440062,27.28883389,22.67499981,42.578447,8.545426025,35.63469317,36.46238547,21.84912735,7.160452602,TRUE,0.200204087,6.902227407,0.898000969,1.555134986,,2.139889406,0.881,7,8,4,5,0.089,0.7085
Resilient_def.db,18,35.06943991,80.45127655,36.35591327,59.7626748,12.48964603,47.46272849,75.24073048,30.29187152,37.87945993,36.45015326,59.98286669,71.08823845,90.36646511,73.61862164,95.35413401,93.33020013,79.58559503,104.8886557,78.00731592,78.95537287,82.25153536,69.88234506,92.30340896,38.33710657,77.02606559,82.12265193,64.97967933,9.555731164,TRUE,0.02031929,6.976560657,1.449959963,3.627952921,,0,0.9995,0,0,0,0,0,1
Resilient_def.db,19,35.06943991,80.45127655,36.35591327,59.7626748,12.48964603,47.46272849,75.24073048,30.29187152,37.87945993,36.45015326,59.98286669,71.08823845,90.36646511,73.61862164,95.35413401,93.33020013,79.58559503,104.8886557,78.00731592,78.95537287,82.25153536,69.88234506,92.30340896,38.33710657,77.02606559,82.12265193,64.97967933,9.555731164,TRUE,0.177870854,5.911517716,1.476434639,4.514023364,,0,0.9995,0,0,0,0,0,1
Resilient_def.db,20,35.06943991,80.45127655,36.35591327,59.7626748,12.48964603,47.46272849,75.24073048,30.29187152,37.87945993,36.45015326,59.98286669,71.08823845,90.36646511,73.61862164,95.35413401,93.33020013,79.58559503,104.8886557,78.00731592,78.95537287,82.25153536,69.88234506,92.30340896,38.33710657,77.02606559,82.12265193,64.97967933,9.555731164,TRUE,0.223110288,6.524909603,1.010055554,4.266958238,,0,0.9995,0,0,0,0,0,1
Resilient_def.db,21,34.23758664,79.1838515,35.34453615,58.72920533,11.79831837,46.2431509,74.30510337,29.47016347,37.13164564,35.6677508,58.48297845,69.50755548,89.27468471,71.42290255,94.1157986,92.29279561,78.49641841,103.6127664,76.80902732,77.69615278,81.06244621,68.55929207,91.21882244,36.97680165,76.22226869,81.31569375,63.76504657,8.71906572,TRUE,0.393934611,6.294707525,0.453742774,2.516231151,,0.045414692,0.9985,0,0,1,1,0,0.995
Resilient_def.db,22,12.4982157,9.639255754,14.50171951,10.97806753,35.99298927,14.37568553,20.22043938,15.99548227,16.07356489,23.4456716,12.39895067,10.59758101,6.463645388,31.73718766,11.75001445,15.54635382,19.56698028,13.35936691,8.768864098,12.38168601,11.09245673,17.58064982,34.14481782,17.9019727,36.7613556,31.63070418,18.27792534,47.90521944,TRUE,0.276345662,6.98613397,0.975043808,1.151249756,,3.850789644,0.6885,13,13,9,10,0.1735,0.4595
Resilient_def.db,23,35.06943991,80.45127655,36.35591327,59.7626748,12.48964603,47.46272849,75.24073048,30.29187152,37.87945993,36.45015326,59.98286669,71.08823845,90.36646511,73.61862164,95.35413401,93.33020013,79.58559503,104.8886557,78.00731592,78.95537287,82.25153536,69.88234506,92.30340896,38.33710657,77.02606559,82.12265193,64.97967933,9.555731164,TRUE,0.235142295,5.50874028,0.854921408,2.396022394,,0,0.9995,0,0,0,0,0,1
Resilient_def.db,24,35.06943991,80.45127655,36.35591327,59.7626748,12.48964603,47.46272849,75.24073048,30.29187152,37.87945993,36.45015326,59.98286669,71.08823845,90.36646511,73.61862164,95.35413401,93.33020013,79.58559503,104.8886557,78.00731592,78.95537287,82.25153536,69.88234506,92.30340896,38.33710657,77.02606559,82.12265193,64.97967933,9.555731164,TRUE,0.157895676,6.942893062,0.675282851,3.258828346,,0,0.9995,0,0,0,0,0,1
Resilient_def.db,25,16.62321488,51.46217252,18.58567761,35.62236656,4.068126926,26.25149803,47.10136842,14.7272986,19.22637613,18.59086243,37.24051252,44.41317665,59.97386768,53.12519255,62.6128414,60.17801071,50.87263291,69.05228539,50.61665204,49.96390729,52.33565925,44.44441195,62.50979901,20.91911339,51.0751251,53.99933115,39.030962,4.242637717,TRUE,0.0668438,6.480784776,0.053432447,2.408353387,,1.866457011,0.9245,1,1,2,2,0.073,0.872
Resilient_def.db,26,15.6801529,50.13136961,16.8396729,34.53503181,3.371656581,25.28925358,49.04352895,12.70903182,18.88727273,19.56344316,34.35262582,42.69888743,57.15036987,48.51993788,62.47451944,62.0612679,52.43601109,70.52616664,47.68238374,49.5156437,52.11054422,43.94398749,65.66220807,19.02954413,54.48361412,57.36263638,40.49423559,3.662427001,TRUE,0.134363192,5.178042798,1.382055521,2.284639358,,1.555892085,0.932,3,3,3,3,0.0225,0.867
Resilient_def.db,27,35.06943991,80.45127655,36.35591327,59.7626748,12.48964603,47.46272849,75.24073048,30.29187152,37.87945993,36.45015326,59.98286669,71.08823845,90.36646511,73.61862164,95.35413401,93.33020013,79.58559503,104.8886557,78.00731592,78.95537287,82.25153536,69.88234506,92.30340896,38.33710657,77.02606559,82.12265193,64.97967933,9.555731164,TRUE,0.156393849,5.31109462,1.274818533,2.553303007,,0,0.9995,0,0,0,0,0,1
Resilient_def.db,28,19.99183994,11.62501395,19.84975957,14.68060668,45.71495303,21.28644361,30.78185006,20.29333432,23.62343241,33.22972658,11.73739636,11.69296945,5.760906332,24.98722646,15.05792717,25.08149542,25.08804194,19.07233533,10.05136673,18.10426662,15.04644456,18.5678598,43.5738236,20.06200772,49.30341421,43.57748234,25.35021935,57.42181045,TRUE,0.013192306,5.268041907,1.341752991,1.309428528,,3.695187819,0.695,19,19,16,16,0.182,0.4895
Resilient_def.db,29,17.73421986,10.47122235,18.62025538,13.17892674,44.24383895,19.69330924,26.88282383,19.40745717,21.17648775,30.93999567,13.1169477,12.53064277,4.02870428,31.36297383,13.30532138,21.13844531,24.0157584,17.17565759,7.975620934,15.6212951,13.35101952,19.57950871,41.14585307,22.09327356,45.33341746,39.57845298,24.57120993,57.65316535,TRUE,0.154094485,6.976789903,1.170590612,1.209561701,,3.953766752,0.692,18,18,10,11,0.1505,0.435
Resilient_def.db,30,65.30529624,31.35182885,66.61116985,43.38086462,112.1083325,62.96391892,51.59832021,69.79957717,64.29275844,75.95016214,49.02547899,41.84567145,20.8771429,74.98524698,26.37145855,37.37962513,42.92466195,26.78348335,33.30356221,39.64319296,32.47440849,44.09681846,58.10035932,72.20763853,70.83426168,61.21997198,53.32949345,134.0311851,TRUE,0.226556346,4.633819018,0.070878499,1.110587308,,4.643284122,0.598,26,26,12,13,0.408,0.1615
Resilient_def.db,31,57.2690514,23.96672201,57.10436869,34.71597883,98.78282743,53.36533357,43.23579299,60.3241606,54.69856089,63.7567403,38.55350099,31.95030577,17.76681543,59.85091467,19.85803,31.92824019,31.95609642,20.70567811,28.39277497,32.40673785,24.93141694,31.2407153,45.72751539,59.73832806,58.80688366,50.8043552,41.25567446,118.0211611,TRUE,0.305335571,3.349585674,1.385899905,4.407653345,,4.188374,0.6485,25,25,19,19,0.48,0.195
Resilient_def.db,32,31.86063848,8.822790125,33.0612506,14.21425006,63.3861597,29.86003781,17.08718989,35.81917595,26.90535638,31.84378594,23.63178952,17.59235847,7.953251353,51.56895255,5.239347886,11.60355305,9.9429073,6.18309233,14.55135233,13.68714284,7.772611831,12.21497423,18.56140424,39.55049359,25.99619362,20.80462977,17.2076766,81.48009753,TRUE,0.165992804,4.591676552,0.475261201,4.752371006,,3.868859902,0.7265,19,19,11,11,0.4975,0.21
Resilient_def.db,33,41.14260013,21.18807177,40.96844218,29.11561886,77.13102928,40.45474409,44.70173319,42.55159659,44.46261328,56.13025176,26.42450616,23.80841116,12.11547916,40.58218923,21.76965501,34.04385466,36.57925297,24.31871595,20.37267138,29.44137025,24.60781958,31.35713278,55.96690957,41.00336006,66.09606109,58.06978892,40.49105095,92.13903171,TRUE,0.169079803,6.829406644,0.443650435,0.542543616,,4.530127076,0.631,23,23,18,19,0.246,0.3885
Resilient_def.db,34,12.29759137,42.61698184,13.95191572,27.98017295,2.447158484,20.94147554,38.81037435,10.68708329,13.5707501,13.40816834,31.16831459,37.75185545,50.42286716,49.81632475,53.01266298,51.39961523,42.51874688,60.21424701,41.56996278,41.34748616,43.49085224,36.5883628,53.18369016,18.36341795,42.42054158,45.22560035,32.41825628,4.88360253,TRUE,0.249653803,6.901939403,1.446512441,2.118559397,,1.656351325,0.9325,3,3,1,1,0.0865,0.7745
Resilient_def.db,35,64.3739337,28.3656453,65.28407055,39.46741124,108.9692622,61.59232025,45.80485811,68.17234218,60.23148078,69.86940445,47.74876997,40.28118858,20.40913855,75.85706825,22.6216304,33.8263341,35.31697964,23.44649191,32.70615987,36.83568745,28.52047348,37.18128207,47.94756734,71.61051996,60.56839422,52.0815892,47.25445894,131.3431602,TRUE,0.240238498,4.056935957,0.961919084,4.857228433,,4.279078326,0.645,26,27,12,13,0.511,0.1305
Resilient_def.db,36,34.92976615,10.23524835,36.30288288,16.49652667,68.62751294,32.67009184,19.0125343,39.35660688,30.23675465,35.78565548,26.17347651,19.58544711,8.413455827,54.90596344,6.11684876,12.49944768,12.24493885,6.768138119,15.58797938,15.08299471,9.177004671,14.94378408,20.94729618,43.34266365,28.88209423,23.20075518,20.03452326,87.60183543,TRUE,0.22040965,4.454672157,0.629112003,5.669179801,,4.303599629,0.711,19,20,10,11,0.49,0.181
Resilient_def.db,37,70.44090847,34.36428642,70.75010183,46.4120771,116.672632,68.0892345,57.16072745,73.03072756,68.49337046,80.23586543,50.86523262,44.51899982,23.76329085,74.31225891,29.79691218,43.52550282,45.3530548,31.21589926,37.08296277,44.4507059,35.92822956,44.6542044,61.57601949,74.62557569,75.50895206,66.08384721,56.76110253,138.1105605,TRUE,0.145347963,3.034814704,1.123839848,2.615232921,,4.593983362,0.6175,28,29,15,16,0.455,0.194
Resilient_def.db,38,35.06943991,80.45127655,36.35591327,59.7626748,12.48964603,47.46272849,75.24073048,30.29187152,37.87945993,36.45015326,59.98286669,71.08823845,90.36646511,73.61862164,95.35413401,93.33020013,79.58559503,104.8886557,78.00731592,78.95537287,82.25153536,69.88234506,92.30340896,38.33710657,77.02606559,82.12265193,64.97967933,9.555731164,TRUE,0.260631694,5.154319538,0.444171857,3.978911876,,0,0.9995,0,0,0,0,0,1
Resilient_def.db,39,12.87205711,43.17454291,14.09289758,28.38568955,2.824250878,22.47260059,42.22106593,9.717453524,14.40120706,15.12924814,30.18457203,37.89935536,49.64135383,46.76512445,54.30351125,54.7296343,43.99429609,62.35713258,41.79976428,43.49426647,44.72219213,36.43918323,56.70244995,17.1320227,46.50317261,49.08201207,34.32506238,4.732447827,TRUE,0.265056825,5.002191963,0.392677955,3.727497643,,1.350461191,0.9345,5,5,2,2,0.0885,0.833
Resilient_def.db,40,52.19817457,20.94969673,53.58599283,30.46607147,93.65667754,50.09630719,35.82875209,56.49538475,48.57369299,57.44292134,39.14562576,32.13489075,14.18401093,67.93982156,15.93596786,25.16588521,27.40365325,16.69924863,24.84804595,28.08628259,20.89331927,29.7221985,39.32003364,60.5594791,50.02165444,42.18665469,37.68591732,115.0581953,TRUE,0.380711723,4.032328429,0.070528439,2.731788387,,4.52251223,0.656,24,24,10,11,0.473,0.1545
Resilient_def.db,41,35.06943991,80.45127655,36.35591327,59.7626748,12.48964603,47.46272849,75.24073048,30.29187152,37.87945993,36.45015326,59.98286669,71.08823845,90.36646511,73.61862164,95.35413401,93.33020013,79.58559503,104.8886557,78.00731592,78.95537287,82.25153536,69.88234506,92.30340896,38.33710657,77.02606559,82.12265193,64.97967933,9.555731164,TRUE,0.204726957,6.770021128,0.95430016,2.787784114,,0,0.9995,0,0,0,0,0,1
Resilient_def.db,42,3.246475929,7.157710751,3.859433847,4.36776392,17.31294364,6.345720879,16.79607695,3.770036565,5.417973363,11.29296699,4.979339762,6.550474046,6.555088276,22.42821653,12.47618709,17.55874005,15.61243658,17.57047561,5.742420046,10.07791749,9.347935854,10.30657378,29.84895578,7.235411273,29.53205807,26.96714928,12.58069421,26.89270796,TRUE,0.143695616,6.66008529,1.476698564,1.305955879,,3.022716129,0.783,13,13,9,10,0.147,0.5215
Resilient_def.db,43,38.7436602,21.22969229,39.33219738,28.30578396,75.1161659,39.66076707,43.99619601,40.55886577,42.47845592,55.56268858,27.80178638,25.92828823,9.82953498,46.83274562,22.32054059,33.57232887,39.02107875,26.21011615,17.68077468,28.74350224,24.91635277,34.49368072,58.49837957,43.28064247,66.47583962,58.40843221,43.13190178,92.09243303,TRUE,0.152002008,6.758907616,1.478693378,1.206409443,,4.313177005,0.6365,23,24,11,12,0.16,0.346
Resilient_def.db,44,12.99358797,44.25262548,13.9150507,29.4316513,2.250754285,21.64317712,42.90219441,10.38625837,15.04563663,15.68748831,30.56063478,38.31704978,51.33770799,46.81867606,55.96730987,55.83448091,46.40945944,64.44048253,41.94172785,43.52532154,46.07854332,38.45167388,58.42298733,17.65557077,47.63340397,50.60737386,35.599015,4.078840206,TRUE,0.063869916,6.562529146,1.214906268,1.855330795,,1.901996669,0.9415,4,4,2,3,0.0385,0.789
Resilient_def.db,45,3.79404411,6.893048212,5.44479071,3.642056359,18.76760861,7.700941503,12.95743987,5.37939518,4.158052165,9.680128167,8.924429936,9.739430424,6.073841604,33.321453,10.94539658,14.16733357,13.43871802,16.09111361,5.592789303,8.966136262,8.079695253,10.90305731,25.4903209,12.80289346,23.80826553,21.39892179,12.10073955,30.8813432,TRUE,0.214339241,5.947845202,1.255079041,1.691012263,,3.353334361,0.7955,13,13,3,3,0.171,0.4505
Resilient_def.db,46,43.44053128,18.20818573,43.9086979,26.938244,82.15262665,41.8539911,37.7399546,46.31701281,43.67842511,54.23315203,29.50859448,24.84745525,10.02566228,50.75513156,16.30153177,27.12322045,30.10358193,18.27034731,19.05515935,25.66699596,20.11601182,28.25142004,45.84049113,47.7104794,56.06799151,48.18050694,36.84208955,100.426146,TRUE,0.04388046,3.176777316,0.099895068,1.634036274,,4.618855866,0.6445,23,24,14,15,0.3325,0.258
Resilient_def.db,47,36.62573949,17.69894219,38.67638273,25.29099566,74.29702711,36.25481835,33.72409083,41.55427437,39.01749956,49.64925429,28.82418978,23.84791198,9.305650673,52.56931713,15.98911078,22.86564322,30.73478779,16.72206863,16.85964464,22.71469573,19.18174911,30.83215805,45.98742608,44.28403178,53.70537522,45.65985098,35.21662963,92.2263482,TRUE,0.120096311,6.093015622,1.401913216,1.036381975,,4.361101855,0.6185,19,20,9,10,0.241,0.274
Resilient_def.db,48,35.06943991,80.45127655,36.35591327,59.7626748,12.48964603,47.46272849,75.24073048,30.29187152,37.87945993,36.45015326,59.98286669,71.08823845,90.36646511,73.61862164,95.35413401,93.33020013,79.58559503,104.8886557,78.00731592,78.95537287,82.25153536,69.88234506,92.30340896,38.33710657,77.02606559,82.12265193,64.97967933,9.555731164,TRUE,0.129475601,6.626949289,1.374214653,3.17023506,,0,0.9995,0,0,0,0,0,1
Resilient_def.db,49,35.06943991,80.45127655,36.35591327,59.7626748,12.48964603,47.46272849,75.24073048,30.29187152,37.87945993,36.45015326,59.98286669,71.08823845,90.36646511,73.61862164,95.35413401,93.33020013,79.58559503,104.8886557,78.00731592,78.95537287,82.25153536,69.88234506,92.30340896,38.33710657,77.02606559,82.12265193,64.97967933,9.555731164,TRUE,0.167587966,5.57231194,0.224136374,5.32912914,,0,0.9995,0,0,0,0,0,1
Resilient_def.db,50,35.06943991,80.45127655,36.35591327,59.7626748,12.48964603,47.46272849,75.24073048,30.29187152,37.87945993,36.45015326,59.98286669,71.08823845,90.36646511,73.61862164,95.35413401,93.33020013,79.58559503,104.8886557,78.00731592,78.95537287,82.25153536,69.88234506,92.30340896,38.33710657,77.02606559,82.12265193,64.97967933,9.555731164,TRUE,0.216041165,5.587417021,0.730438418,5.605986479,,0,0.9995,0,0,0,0,0,1
Resilient_def.db,51,81.35011847,52.04927386,81.97720368,65.36044779,130.2314046,80.44642764,82.70362486,84.05845942,87.19485885,103.3990701,61.46931042,56.79861967,36.03656522,75.97405722,50.23434429,64.7820892,73.46819021,50.99178211,49.49895951,62.51633708,56.24028409,69.2285085,96.86027352,81.66328331,111.2776668,99.54908463,80.47110799,148.6681909,TRUE,0.083827139,2.533487373,0.704096171,0.608539113,,4.59734819,0.5185,27,28,18,19,0.223,0.3455
Resilient_def.db,52,40.04500144,20.93314953,40.15486248,28.4651253,76.21972403,40.13088896,44.26957898,41.44171253,43.4285923,55.74043204,26.75934344,24.51421824,10.75040384,42.99476629,21.70890674,33.76683331,37.23914686,24.91096411,18.99091615,29.03555764,24.46460595,32.21072342,56.73888112,41.82560493,66.0224442,57.97592162,41.41922939,92.11964514,TRUE,0.273454907,5.776531628,1.211451685,0.818600805,,4.069616244,0.635,23,24,15,16,0.2145,0.373
Resilient_def.db,53,10.96554228,40.8049001,12.11931164,27.09515946,3.260436012,20.71386503,43.03683488,7.720527357,14.24498276,16.6339968,26.83496042,34.80390965,45.09646421,41.40393973,52.31969071,53.77521316,44.82378732,60.37612326,38.03242093,41.77791819,43.16484829,36.28639943,59.68493988,14.24117719,50.33583005,51.99544893,34.87022761,5.136683684,TRUE,0.27145628,5.580338067,1.09645961,1.686097193,,1.997439011,0.904,6,6,3,3,0.0385,0.852
Resilient_def.db,54,18.97961055,11.71382984,19.39031539,14.14458105,44.90121449,21.48000863,30.04181767,19.35979468,22.42463496,32.66904487,13.05708857,13.35828016,4.559486182,29.66681635,15.16523043,24.61144481,25.72216373,19.83739698,9.00582623,17.96305852,15.06914091,19.88121028,44.09578487,21.9066726,48.62783132,42.89612067,26.55883755,57.8750491,TRUE,0.234205041,5.378398148,1.46373953,1.185306685,,3.920904013,0.7005,19,20,11,12,0.154,0.472
Resilient_def.db,55,1.764358522,17.33028573,3.127273148,9.28382734,6.10018255,7.619836966,20.58081424,1.794549358,3.414362065,7.248446422,12.41215432,16.25804612,19.45739544,33.27721902,24.88481456,26.5277018,23.13931898,31.57151226,14.88865329,17.94679558,19.01110409,18.13689132,35.39967712,9.24408129,29.65366658,29.44127419,17.37845114,13.92827204,TRUE,0.201111731,5.942374128,0.960001603,1.762287243,,3.555217019,0.8525,9,9,2,3,0.0845,0.585
Resilient_def.db,56,19.5166998,11.35756263,21.25408048,14.53193069,47.62255208,21.55911363,25.83709349,22.34042674,22.70295185,32.04592686,16.15302862,14.32993389,5.097759773,36.48792022,12.85553038,19.19307122,23.35750352,15.25085591,9.812549044,16.00398245,13.4007441,20.94394879,39.61044112,25.22010404,43.98565233,37.77281584,24.50734285,61.6419239,TRUE,0.188922538,5.935225835,1.150738225,1.217052027,,4.189240764,0.672,17,17,9,9,0.186,0.4265
Resilient_def.db,57,6.091234671,8.413025097,7.046859408,5.783734134,21.59816484,10.58007206,19.1983017,5.789966691,7.614480745,14.11343172,7.403651515,9.140800408,6.276497155,25.89186241,13.11892381,19.27587973,16.00151785,18.15594401,7.598039221,12.85217477,10.46840054,11.0319429,31.41388225,10.15322326,31.77387541,28.61260716,14.72098561,31.8167836,TRUE,0.135512367,5.145068594,0.708029413,1.798279975,,3.433378673,0.775,15,15,8,8,0.1955,0.5645
Resilient_def.db,58,69.61606525,36.47650215,71.62089266,49.28115427,117.8661828,67.11917474,56.39339173,75.2793821,70.23644947,81.8684488,53.79980829,45.57202924,26.01648201,77.97797799,30.80703333,40.46558656,48.16058261,29.1033288,38.91618496,44.24041452,37.26456537,50.27222034,63.90867505,75.46351867,77.32570394,66.87861572,57.59730232,138.7707874,TRUE,0.38523393,2.535455919,0.127053122,0.625262316,,4.618681348,0.555,24,24,14,14,0.407,0.204
Resilient_def.db,59,35.06943991,80.45127655,36.35591327,59.7626748,12.48964603,47.46272849,75.24073048,30.29187152,37.87945993,36.45015326,59.98286669,71.08823845,90.36646511,73.61862164,95.35413401,93.33020013,79.58559503,104.8886557,78.00731592,78.95537287,82.25153536,69.88234506,92.30340896,38.33710657,77.02606559,82.12265193,64.97967933,9.555731164,TRUE,0.016582025,5.211241347,1.313827604,6.424176381,,0,0.9995,0,0,0,0,0,1
Resilient_def.db,60,35.06943991,80.45127655,36.35591327,59.7626748,12.48964603,47.46272849,75.24073048,30.29187152,37.87945993,36.45015326,59.98286669,71.08823845,90.36646511,73.61862164,95.35413401,93.33020013,79.58559503,104.8886557,78.00731592,78.95537287,82.25153536,69.88234506,92.30340896,38.33710657,77.02606559,82.12265193,64.97967933,9.555731164,TRUE,0.169036439,6.115756177,0.939457108,2.191846934,,0,0.9995,0,0,0,0,0,1
Resilient_def.db,61,15.08330249,48.05745462,16.63562178,32.44155818,3.124746048,24.4016671,44.3521841,12.76874211,16.89365151,16.58237128,34.63444604,41.98524491,56.11173464,51.60286433,59.23144979,57.74079965,47.89703904,66.64599017,46.83029865,46.88897227,49.12111657,41.06160885,59.21930173,20.05829656,47.92008349,51.02094057,36.92900344,4.339728507,TRUE,0.112437802,6.553993375,0.872480445,1.853519963,,1.298537921,0.9395,2,3,1,2,0.0735,0.8275
Resilient_def.db,62,35.06943991,80.45127655,36.35591327,59.7626748,12.48964603,47.46272849,75.24073048,30.29187152,37.87945993,36.45015326,59.98286669,71.08823845,90.36646511,73.61862164,95.35413401,93.33020013,79.58559503,104.8886557,78.00731592,78.95537287,82.25153536,69.88234506,92.30340896,38.33710657,77.02606559,82.12265193,64.97967933,9.555731164,TRUE,0.356285611,5.571252498,1.130733181,6.507726627,,0,0.9995,0,0,0,0,0,1
Resilient_def.db,63,40.00674051,20.60036551,41.0456074,27.89130426,77.64239595,41.05221442,41.82459264,42.42320045,42.41051942,55.3216134,30.03265611,27.54207484,9.07557771,52.92806066,20.74549938,31.34302157,37.22607903,24.64533866,17.45561512,27.92546844,23.73887134,34.30130556,55.44622783,47.09507439,63.16939082,55.08611377,42.7292785,96.30228045,TRUE,0.195317059,6.726994129,0.983851054,1.069163988,,4.547558338,0.642,24,24,8,9,0.1885,0.2945
Resilient_def.db,64,33.39432228,9.166878145,34.32843459,14.68294385,64.5307076,30.40260322,16.29294818,37.55670418,27.67866517,31.69260968,24.40602141,17.78904244,9.701278567,52.19620213,5.160721136,11.31692116,8.871240636,5.797765252,15.85973529,13.64493645,7.729630341,11.38267341,16.2053345,40.66745439,23.95203575,19.13332535,16.22260329,82.55073043,TRUE,0.012464135,3.915095467,0.518360115,6.1213118,,4.192450149,0.7365,18,19,12,13,0.529,0.182
Resilient_def.db,65,7.464852158,34.5637769,9.904866925,22.51529396,3.516707977,15.44519595,32.29682445,7.672561037,10.47512785,11.85162798,25.2738931,30.1510756,40.10047948,44.34148603,43.52675848,41.27114672,37.00860229,48.89213218,32.8565842,33.09987681,35.41706422,32.52805161,48.60350907,14.31103483,39.45297636,40.5468005,27.37902696,7.227528456,TRUE,0.282068818,6.477090171,1.022683973,2.715692025,,1.73741933,0.8685,3,3,1,1,0.062,0.74
Resilient_def.db,66,26.62771206,67.70936995,28.05403684,48.96282039,8.107045377,38.13982884,63.68038764,22.60786545,29.44249219,28.63509636,49.36892121,59.21135379,76.62622279,63.42317179,81.32503601,79.71091958,67.35551667,89.90852984,65.71856813,66.62601678,69.35289533,58.50592315,80.19559459,29.91008179,66.60095813,70.75770074,53.98256083,6.355994234,TRUE,0.150384267,5.666588682,1.377205913,2.175160521,,1.250323081,0.97,1,1,1,1,0.0265,0.9605
Resilient_def.db,67,32.22823248,9.488223885,33.42499334,15.55469322,65.51447792,30.71621051,20.61866973,35.98416991,28.91800266,35.53070081,23.27678488,17.75906779,6.375227616,49.82897252,6.489986708,13.75012176,13.80236409,7.748396518,13.56068829,14.92454261,9.266386431,15.09328501,24.50935552,39.48560203,32.32175132,26.36747515,20.74738967,83.67143056,TRUE,0.017242307,3.298137905,0.648919748,3.399510234,,4.375411057,0.7025,20,20,11,11,0.4395,0.23
Resilient_def.db,68,35.06943991,80.45127655,36.35591327,59.7626748,12.48964603,47.46272849,75.24073048,30.29187152,37.87945993,36.45015326,59.98286669,71.08823845,90.36646511,73.61862164,95.35413401,93.33020013,79.58559503,104.8886557,78.00731592,78.95537287,82.25153536,69.88234506,92.30340896,38.33710657,77.02606559,82.12265193,64.97967933,9.555731164,TRUE,0.195513284,5.962707892,1.310135415,3.054596825,,0,0.9995,0,0,0,0,0,1
Resilient_def.db,69,20.07131848,8.746440032,22.25464686,12.43141959,49.93859417,21.28369357,20.15975454,24.26072798,21.28122378,29.95491561,17.82735788,14.64805014,3.128739118,43.73341278,8.76092245,13.68898407,19.06987178,11.06178495,7.754308861,12.34278952,9.866798675,19.05052704,32.45751556,29.65350786,36.42737412,30.4600737,21.82651943,66.50201349,TRUE,0.262191729,6.002779262,0.793683076,1.3393667,,4.170444249,0.6845,17,17,5,6,0.2185,0.3105
Resilient_def.db,70,7.727660317,33.36249999,9.049002563,20.66894009,2.281290761,15.85861283,32.95923187,6.024431991,9.095658804,10.76080967,23.60318233,29.9543629,38.58742557,42.93443151,43.33551323,43.62082108,36.03416344,51.21951643,31.22036042,33.19802251,34.89093174,29.67030631,47.8631972,14.27822502,38.58614172,40.46147028,27.5527091,6.670874923,TRUE,0.045128364,6.464326816,1.492519632,2.00983102,,2.079476456,0.9145,6,6,1,1,0.0705,0.7165
Resilient_def.db,71,41.33613131,15.63667709,42.79583971,23.28097619,78.61989606,40.27974886,29.61436928,45.02403623,38.72716147,46.92231711,30.53242077,24.64357976,9.975478752,56.853561,11.928381,20.40985944,21.60080836,12.69401435,19.37828436,22.36265186,15.71762254,22.98431157,34.17415866,48.25325229,43.52623114,36.29402392,29.85296386,97.68770858,TRUE,0.345292646,3.631714264,0.824562704,3.496270692,,4.240121173,0.6665,22,22,11,11,0.446,0.244
Resilient_def.db,72,54.49165842,28.34424754,55.76882311,38.65534275,98.20389081,53.84805273,50.70794604,58.33588251,56.74901677,70.20322048,41.22136616,36.48120117,15.90185107,64.73571787,26.29910857,37.15252981,45.14909136,28.40848469,26.31195058,36.02261284,31.03259722,43.83416378,63.04834653,61.51210358,73.40768095,63.97468819,52.42849418,118.5497906,TRUE,0.121740027,6.692017367,1.475469895,0.791240528,,4.337739568,0.597,25,25,10,11,0.24,0.2275
Resilient_def.db,73,1.881432247,17.53664799,3.180856274,9.140044514,5.220289378,8.063044016,20.69558716,1.287001069,3.094103617,6.287050895,12.00698501,15.925573,20.39339821,31.50002516,24.93189169,26.97533523,21.53685488,31.16845346,16.38629838,18.79290488,18.95962852,16.38199152,34.04925307,7.738972943,28.76159864,28.62346143,15.97752397,12.11207206,TRUE,0.123231133,6.423929165,1.484800929,1.733875242,,2.499538285,0.8555,9,9,4,4,0.1335,0.636
Resilient_def.db,74,18.35350769,53.88780234,19.5984398,37.32895306,4.007016057,27.94883612,50.38564313,15.500961,20.53089416,20.05287348,38.50930414,46.80420185,62.46279907,54.0984261,66.15258332,64.79732874,54.18058569,74.2806087,52.16229539,52.61379174,55.34590737,46.32223511,65.8978392,22.5685343,53.82455767,57.42410153,42.13207985,4.200247286,TRUE,0.145993697,6.360995017,1.487500603,1.869816528,,1.11697326,0.9545,2,2,2,2,0.045,0.8555
Resilient_def.db,75,35.06943991,80.45127655,36.35591327,59.7626748,12.48964603,47.46272849,75.24073048,30.29187152,37.87945993,36.45015326,59.98286669,71.08823845,90.36646511,73.61862164,95.35413401,93.33020013,79.58559503,104.8886557,78.00731592,78.95537287,82.25153536,69.88234506,92.30340896,38.33710657,77.02606559,82.12265193,64.97967933,9.555731164,TRUE,0.202899658,6.853737876,1.341477218,2.074680391,,0,0.9995,0,0,0,0,0,1
Resilient_def.db,76,35.06943991,80.45127655,36.35591327,59.7626748,12.48964603,47.46272849,75.24073048,30.29187152,37.87945993,36.45015326,59.98286669,71.08823845,90.36646511,73.61862164,95.35413401,93.33020013,79.58559503,104.8886557,78.00731592,78.95537287,82.25153536,69.88234506,92.30340896,38.33710657,77.02606559,82.12265193,64.97967933,9.555731164,TRUE,0.165303337,6.977503641,1.36292382,2.653659819,,0,0.9995,0,0,0,0,0,1
Resilient_def.db,77,2.095186598,16.46077047,3.257652061,9.785852762,8.843788883,7.935478448,23.48951933,1.704106621,5.514592705,10.64689525,9.949754377,13.82154159,16.88694466,26.71741663,24.11685569,27.30855862,24.43886742,30.07822258,13.75270702,18.33201715,18.82540908,18.21877489,39.33139691,6.558015054,35.39832688,34.0601573,18.46776828,15.74237066,TRUE,0.19465149,5.735824491,1.196772465,1.747892392,,3.340437851,0.8135,10,10,6,6,0.0745,0.6445
Resilient_def.db,78,1.146872984,11.30445949,2.671216915,5.60537217,10.11152304,5.921047019,15.88076094,1.920433573,2.649202671,6.801954806,8.687258715,10.83046745,12.75932887,29.04395535,17.05991233,19.30561917,16.63447429,22.06777235,10.30099002,12.70648941,12.5861455,12.71241665,29.12476895,7.534213761,25.86489948,24.47067033,12.41855222,18.76873872,TRUE,0.180407764,6.861623272,0.826247438,1.630272862,,3.20400457,0.814,10,10,5,5,0.148,0.565
Resilient_def.db,79,9.479896849,37.59419246,10.85079038,24.0709429,2.050751231,18.16622038,36.86814522,7.359027497,11.33354351,12.52266475,26.08135099,32.86922503,43.50608644,43.5498456,48.03946992,48.08974053,39.51874919,55.58210817,35.86742501,37.47093982,39.09536883,32.70161316,51.84662958,14.63395072,42.25717514,44.33186607,30.13654822,4.97597709,TRUE,0.201830457,6.660759473,0.657877402,2.037007304,,1.955330787,0.9155,5,5,2,2,0.075,0.7785
Resilient_def.db,80,31.20153564,13.81683481,32.18057993,20.70265854,66.29734673,30.34473953,31.4650472,35.07000181,33.81015702,44.55563949,22.26971681,18.71027501,5.931579492,43.60484103,13.82955314,22.02352795,28.52011882,16.34393432,11.89498154,18.96462679,16.24773401,26.34524846,44.26731761,37.41136506,51.45637987,44.20940083,31.84973968,83.34228453,TRUE,0.223594832,6.680516188,0.777608676,0.999030702,,4.28132315,0.648,20,20,11,12,0.1925,0.2705
Resilient_def.db,81,56.96582521,32.02066454,57.71747335,42.20532203,99.90795349,56.99536356,57.59161459,59.36079864,60.41649327,74.62698191,41.86008502,38.25926266,18.67776641,61.00947773,31.03422135,43.74998656,50.15478842,33.48156466,29.69561511,41.0794462,35.53044665,46.71839538,70.56755819,60.69158055,81.68713389,71.96556046,56.81234631,118.5839547,TRUE,0.120266208,6.975597809,0.857446518,0.797100164,,4.452537184,0.589,26,26,13,14,0.2285,0.3155
Resilient_def.db,82,7.743302533,33.38613502,8.921127971,20.67361139,1.833783011,15.96546965,33.55194159,5.547700057,9.196761497,10.57110068,22.69478939,29.10892179,38.99570797,40.0477415,43.34990316,44.15234758,35.24352713,50.79175802,32.09015435,33.79015256,34.88450668,28.44281631,47.6468913,12.45506855,38.99267457,40.78968391,26.68350398,5.262405064,TRUE,0.167772106,5.122141805,0.985509207,2.118733413,,2.304936082,0.9105,6,6,3,3,0.0995,0.7615
Resilient_def.db,83,70.43259586,41.06560637,70.37153746,53.37925578,116.0435702,68.72997272,69.90433269,72.51127461,74.41701422,88.75400766,50.01058542,45.5475476,27.89274179,64.02309483,39.45955264,54.17565119,59.45482677,40.725301,40.23155514,51.40020837,44.85992171,54.8885723,81.08270556,69.62892516,95.22933097,84.70873635,66.41422212,133.6845445,TRUE,0.088581736,5.147121674,0.998021026,0.510022992,,4.228445372,0.56,27,27,20,21,0.28,0.337
Resilient_def.db,84,2.242958771,17.04658374,4.393518833,9.502312033,8.536408153,8.837460413,19.95341987,2.792964984,4.051572138,8.183372615,13.62886869,16.77044186,18.25837445,35.76900195,23.59395733,24.63559201,22.20242172,29.13550714,15.11971559,17.93181786,18.26758816,18.54052585,34.84938206,10.45747728,29.54137588,28.57665987,17.24174956,16.84599453,TRUE,0.096310327,5.722876224,1.498254607,2.211041145,,2.782592546,0.827,9,9,1,1,0.1115,0.6075
Resilient_def.db,85,3.022590686,11.56958641,5.517672283,7.658101573,16.19684701,6.35464593,14.19225626,6.828714536,5.623644285,10.30587557,12.16479768,12.23385968,12.41765498,36.05397709,15.96123307,15.44655658,18.8917733,19.49112622,9.410386767,10.76462539,12.38063199,17.53763005,29.71746934,13.07983337,26.32032043,24.13793166,14.33783756,26.85291686,TRUE,0.208873845,6.234797448,1.075101709,2.063244151,,3.246878293,0.774,8,8,2,3,0.0905,0.4495
Control_hab_FINAL.db,0,24.644829,9.396854947,26.78309004,9.928560669,46.46750513,22.57060856,4.74506356,30.41901734,16.03625772,15.90534143,26.18347931,19.74843292,15.51438761,62.60473863,5.776623852,5.798149488,2.88908738,7.051873172,16.77668502,9.479955481,5.929547812,8.816079327,3.747835017,38.90246078,5.493998041,3.759687547,8.357574479,64.56146656,TRUE,0.7,0.36,0.45,1.37,0.64,3.983893255,0.825,12,13,3,4,0.524,0.1155
Control_hab_FINAL.db,1,59.40885888,27.38462422,62.19188682,38.57111054,104.9910151,56.76370153,40.50599678,66.35013471,57.4378495,66.56381483,47.89666539,38.59717223,20.00770484,78.05298705,20.53674121,27.0137414,34.26540782,18.38390928,31.43774603,33.06568098,26.4905406,39.33024731,45.65976632,69.36024739,56.99806299,47.85074726,44.18681863,126.9958305,TRUE,0.481919487,1.465548422,0.982990147,1.321123347,0.588688525,4.580632512,0.594,21,22,9,10,0.463,0.1325
Control_hab_FINAL.db,2,18.16815803,3.969996992,19.87134349,7.280402437,46.3967002,17.01601536,10.48359611,23.45019599,16.00307902,22.22351956,16.39571605,12.03223698,2.03331967,47.02561119,3.050308548,6.504157054,10.71324885,6.029261927,4.470269096,5.712399027,3.984618827,12.40444944,19.10552587,30.72307841,22.14315904,17.79428349,14.30633837,64.74337181,TRUE,0.457006768,0.509541713,1.066897281,2.312406731,0.821238612,4.456052433,0.741,16,16,4,5,0.272,0.153
Control_hab_FINAL.db,3,26.00663045,36.56133825,26.53182612,29.31421712,28.42497125,22.2309275,25.05879657,33.27312288,22.70483795,20.67365485,40.04893451,38.91201233,48.97518999,73.12098282,42.01695754,35.56619108,38.89392184,49.10340008,34.56054892,27.73183347,35.74834345,39.50481334,36.13941608,43.98701017,26.77051303,30.47872564,31.09543413,41.24729268,TRUE,0.87913765,0.258319741,0.242426575,1.859061795,0.756233124,1.372895805,0.9535,1,1,0,1,0.032,0.0175
Control_hab_FINAL.db,4,63.24735859,32.6803976,65.94944164,44.49300777,109.9643557,61.26088829,49.56659029,69.69929812,63.73261837,74.51524618,50.54360944,42.02737301,23.2293507,76.7663715,26.79224203,34.41580629,42.93411441,24.51306042,35.35500647,39.2658936,32.82837853,46.38134869,57.42260895,70.85999277,69.50480762,59.43578037,51.78462776,130.7446928,TRUE,0.626840577,1.497789552,0.440114651,1.60639725,0.485487537,4.695728323,0.5595,22,22,11,12,0.4045,0.206
Control_hab_FINAL.db,5,29.63480543,11.93451925,31.74165567,12.96478406,53.39660795,27.62319577,7.858394524,35.44067561,20.12693978,20.91085885,30.96845961,24.58639542,16.58742949,70.78134482,8.058368228,8.694456448,6.5657901,10.50954353,18.29629928,12.26552065,8.649549654,12.84966767,7.081596513,46.45155389,8.662766378,6.819565013,13.50793796,73.69697234,TRUE,0.481806058,0.563423545,0.604892428,1.497060763,0.642958099,3.482040809,0.8345,14,15,0,1,0.5095,0.043
Control_hab_FINAL.db,6,89.46234896,50.84346318,90.20799594,66.07712312,142.124273,86.19340577,77.77501106,93.5896535,91.00194288,105.1156842,67.20564871,59.51816965,37.18969519,87.28578761,45.55677862,59.52012088,66.64480776,44.94646215,52.1512659,61.14222309,53.12160842,65.95268471,85.60699654,92.02548998,101.9344662,90.31384896,77.41863131,163.6376325,TRUE,0.765262636,1.494426312,1.048297765,1.006982558,0.515079459,4.537691461,0.532,28,29,18,19,0.3915,0.2
Control_hab_FINAL.db,7,65.09860963,37.73979903,71.09986918,48.71992716,111.952768,62.43633946,41.11826714,77.45479723,64.46295251,71.61350729,62.7463938,49.83225839,32.56814318,99.90983279,28.13034688,26.22094271,41.66337935,21.23904863,42.58484691,38.52501093,34.28118618,53.44442194,48.80297993,81.54198362,57.64613761,47.99059806,49.67813652,134.6471695,TRUE,0.842544292,1.069880962,0.579553424,1.577851825,0.67954193,4.561488802,0.536,13,14,2,3,0.4435,0.081
Control_hab_FINAL.db,8,40.88143374,16.78649716,44.67744104,24.08961001,77.01713155,37.09076461,17.27173746,50.26694023,36.73903072,39.73164784,37.23870316,26.3586641,18.18124978,70.17273672,9.261319552,8.83256802,14.58599932,4.641762537,24.72870231,17.69070578,13.09302763,23.37187246,18.94132451,52.77199891,26.48350554,20.16476109,21.23659282,96.22039989,TRUE,0.804056404,1.245701121,0.355213138,1.835583107,0.466850241,4.241794448,0.651,12,13,8,9,0.5395,0.125
Control_hab_FINAL.db,9,44.38720665,19.52621297,45.3187855,22.15207862,72.20286554,42.87431642,21.67259488,47.70100159,33.24341819,36.49079875,40.1934691,34.98427594,20.37602635,80.64397977,15.71451768,21.46354769,16.44754085,20.83201542,25.08002054,23.34756909,17.43901559,20.61900969,19.41826172,60.64688211,23.16472885,20.60619772,27.11998178,95.09726133,TRUE,0.701435717,1.015325836,0.600836479,2.737780022,0.718875429,2.94343956,0.848,21,22,0,1,0.5415,0.009
Control_hab_FINAL.db,10,19.3775472,15.39013358,20.61415363,11.46932579,30.96451521,17.19231588,6.816053782,24.87863502,11.45497918,9.951083107,26.92482268,23.42205127,24.74525107,63.69669611,15.87388835,13.58298448,11.00544783,20.74350877,19.14562985,12.01121238,12.87244148,14.52604627,9.558965118,36.09599375,5.781622839,7.108656697,11.62265675,47.22515997,TRUE,0.671980363,0.233006799,0.451919742,1.019350915,0.571160859,3.01667653,0.9145,8,9,0,1,0.3425,0.0685
Control_hab_FINAL.db,11,30.75596582,11.71589487,33.34174708,18.04017149,66.6205394,29.25756445,20.50805547,37.77374397,30.01551512,38.62144769,27.70397368,21.63019603,6.072913992,60.69865051,9.076140384,12.42341357,21.87902077,10.76123377,10.84738633,13.64411832,11.82389903,25.22900456,31.41313257,45.56274683,36.15997847,29.78875927,27.02804851,87.6338633,TRUE,0.494141335,0.573725446,1.250587594,1.942580396,0.79025754,4.444907788,0.6755,17,18,2,3,0.24,0.0865
Control_hab_FINAL.db,12,12.6861335,11.15130375,13.70078827,8.666390388,27.56405789,10.75613614,8.79796383,18.45698985,9.50813785,11.99533404,19.36967192,17.22275206,15.71453857,52.71084962,13.79039414,12.72669468,16.16337173,19.88349783,9.606718391,7.773665354,10.94370992,16.98662859,18.98008623,29.17443249,15.16137349,15.09004663,14.50805311,43.8787989,TRUE,0.438710648,0.338884512,1.111403405,2.372174393,0.78602855,4.041510121,0.8635,9,10,0,1,0.1355,0.0685
Control_hab_FINAL.db,13,15.71906728,7.293321345,17.64517303,8.664577071,39.76178483,13.70476842,8.880604267,22.80112853,13.89846029,18.96828819,19.23506323,15.12820204,7.672025866,53.30669982,7.639291543,7.509673296,15.0067208,11.65572192,5.631776652,5.423709694,7.156458955,17.48737487,20.1827248,32.50863098,19.57224133,16.81737608,15.78504873,58.3308081,TRUE,0.459823651,0.621746316,1.219376214,1.953239002,0.839936318,4.504162183,0.7785,12,12,0,1,0.156,0.0515
Control_hab_FINAL.db,14,19.89139749,28.5886016,21.05789559,22.68138155,25.82179424,16.5105259,18.33320315,27.67200422,17.53177093,16.45543233,33.20952606,31.17237051,39.2580988,66.06940278,32.96400615,26.55281129,31.54759827,38.6260047,26.77260658,20.36152478,27.61015767,32.99618898,30.0294863,37.62911207,21.95563385,24.41791394,24.52759203,39.06428663,TRUE,0.521016907,0.327997308,0.93323604,2.932838564,0.768599266,2.127082833,0.9105,1,2,0,1,0.0475,0.043
Control_hab_FINAL.db,15,42.13344088,17.55695778,46.58361021,24.00084123,78.07653532,38.65128164,13.96762035,52.54205226,35.73873702,38.18588288,42.11412566,30.82609106,19.2774225,82.78736447,9.290966385,6.987211742,13.89002277,5.707953632,25.00083144,17.08566594,13.04598505,25.0401945,15.20330844,59.88004384,20.67157547,15.11742853,21.95101583,100.188614,TRUE,0.441004589,0.894051403,1.26386978,2.990931585,0.848694714,3.707935467,0.6855,12,13,1,2,0.5385,0.0095
Control_hab_FINAL.db,16,31.95828626,13.94376245,32.72484599,14.45537938,54.69497761,30.67500315,14.4336267,35.27281429,22.2254089,24.75430297,30.85710388,26.91958071,16.43468205,69.36221828,12.10926558,16.35022054,11.83272654,17.91774782,18.10707824,16.12212288,12.26925598,14.79517213,14.53998092,47.92200549,15.95227089,14.50863995,19.35967374,75.47237151,TRUE,0.418348174,0.986146412,0.865827749,2.737447726,0.851347803,3.165036139,0.8705,18,19,0,1,0.455,0.043
Control_hab_FINAL.db,17,132.4418453,96.35943624,141.7970077,112.9999976,192.2878059,127.8961372,95.74930414,150.9252961,133.2809162,140.1398873,130.3043892,110.3813639,90.40373309,171.4002434,80.07733614,72.83476783,97.22783862,64.80079272,105.183812,95.4464283,89.92657865,117.1204796,102.5049922,151.2007393,115.5583767,102.1498345,107.451479,217.29383,TRUE,0.525523606,0.919583396,0.810675943,1.750346253,0.88426715,4.105171861,0.3775,9,10,2,3,0.5765,0.0295
Control_hab_FINAL.db,18,15.47889823,6.015757035,17.6601767,9.015105154,42.74928532,13.90095171,11.31788574,22.30456784,15.99926399,22.3690165,16.34435834,11.78143047,4.412514047,45.47193269,5.888453845,6.957563578,15.24221751,7.977658545,4.75184863,5.62885469,6.249422918,17.0057816,23.6296104,28.47193774,25.3894583,20.98641561,15.86011794,59.85005795,TRUE,0.556950514,0.327015166,1.142963217,1.159898763,0.846859723,4.781720537,0.717,12,13,4,5,0.169,0.156
Control_hab_FINAL.db,19,10.33617362,12.19853481,11.07368539,9.106601728,22.0941854,7.130867404,8.220924922,16.79756969,8.275141568,9.255415478,17.5574264,15.22495407,19.61395398,47.13248168,15.56175609,13.01742512,16.61365579,20.67721558,11.2787929,7.350578236,11.90256899,16.95020998,18.61209118,24.4661242,14.36471667,14.95880492,12.22758531,35.89039222,TRUE,0.511398779,0.225731394,1.117093496,1.139144306,0.848597011,3.044843391,0.8645,6,6,4,5,0.115,0.096
Control_hab_FINAL.db,20,105.4598979,73.97829474,113.1351518,89.09411587,161.735279,102.1884779,79.58230437,120.8721003,108.2904661,117.6491874,101.800833,85.83761737,65.36625665,138.1592775,61.74936523,58.29398045,81.12480759,50.67973631,78.56699149,74.57965629,70.20491558,95.59508156,90.36648511,121.9198895,102.1743555,89.4006134,89.48986035,185.4075872,TRUE,0.678171076,0.931868011,1.155774471,1.083128043,0.823775666,4.212041556,0.4135,12,13,3,4,0.4255,0.085
Control_hab_FINAL.db,21,32.19559411,9.787717144,34.92345802,15.47851674,66.3885295,30.0632501,13.69508419,39.30731572,27.35667955,32.82954606,29.30887289,21.82979528,7.940403215,65.71737573,5.123349071,7.534426643,12.54949031,5.827556394,13.25589077,11.69608938,8.018759964,18.38602687,18.35073691,47.59075288,23.42772343,18.07848892,19.91246215,87.92644246,TRUE,0.752823096,0.59768517,1.234490698,1.615871763,0.705479569,4.420275673,0.7145,17,17,2,3,0.411,0.058
Control_hab_FINAL.db,22,28.64133975,10.66609275,31.12618315,16.61258238,63.45365026,27.06406441,19.11560977,35.68695252,27.95416284,36.34699034,26.09141657,20.2946549,5.505263868,58.93031044,8.443362833,11.54086215,20.9658384,10.41937505,9.593716062,12.27977873,10.8808471,24.11275811,30.29320012,43.49541547,34.56562424,28.49585832,25.57786351,84.1682981,TRUE,0.571038782,0.630319146,1.839424875,4.914122724,0.894285791,4.126528675,0.6835,17,17,2,3,0.225,0.0845
Control_hab_FINAL.db,23,52.62567143,28.73026581,57.9143924,38.38244885,95.32242011,49.02514165,30.80785707,64.83937763,52.23726812,58.23766242,51.00624884,38.84877892,25.90311069,86.09532003,20.54615987,18.03923576,32.693201,14.46030382,33.17069615,28.26438379,25.54862121,43.19485987,38.76646974,68.06429033,46.32690622,37.91142242,38.51567061,116.4380315,TRUE,0.58359852,1.922376935,1.62631316,4.591733587,0.890922161,4.152782738,0.568,11,12,4,5,0.401,0.073
Control_hab_FINAL.db,24,33.07465834,24.06509519,38.18277779,23.14965138,51.96553253,30.36914841,6.641322802,43.95383256,24.54999728,19.60534569,43.86311057,33.45726653,36.48300329,84.64007202,17.45296866,8.213726512,9.644058264,12.73941697,35.46196207,18.91582674,17.07483459,22.53873612,4.588077443,50.84925119,3.928057818,2.721178872,12.32107796,68.22439283,TRUE,0.400472629,0.082414938,1.863702753,4.020878065,0.335281704,3.685064999,0.79,2,2,0,1,0.5995,0.127
Control_hab_FINAL.db,25,31.4382118,45.57058409,31.28805392,36.64995367,29.50616451,27.57950106,33.35807398,37.88264627,28.07777233,25.20838196,46.32914921,46.45146537,59.64280847,77.73065411,52.58385245,46.1745884,47.75658217,60.91297418,43.12918076,36.19497322,45.1289583,46.8437753,44.57121044,48.49242095,33.84219282,38.74362298,38.36096451,40.89743061,TRUE,0.411019003,0.106313956,1.47174354,2.34834017,0.87884556,0.299381965,0.9905,0,0,1,2,0,0.034
Control_hab_FINAL.db,26,41.63938008,23.69597957,46.22730414,25.00323609,65.9552094,38.71664465,9.763121644,51.35329192,30.78900606,27.17223012,47.45396281,36.47782586,33.58659879,90.47917338,15.45769567,9.664637311,8.944676935,11.53856516,36.03804203,21.23988077,16.76217174,21.89809974,4.571722042,59.61778401,6.618245102,4.466692944,15.92139359,85.20832,TRUE,0.582226489,0.639308594,1.533266355,3.537637352,0.245810393,3.678843232,0.788,7,8,0,1,0.692,0.0685
Control_hab_FINAL.db,27,28.51108434,16.11640142,31.85128898,15.46142822,47.95437017,25.6790796,3.954282902,36.86723017,18.92948121,16.06218212,35.20283483,26.96601606,25.95667111,75.89567118,11.2164132,6.457440403,5.491246997,10.56220567,25.05710448,13.01179261,10.85023246,14.95202865,2.030880234,46.18827751,1.737713251,0.942398394,9.792413151,66.05619924,TRUE,0.568834512,0.651145654,1.496086078,3.22191556,0.200144416,3.6980664,0.835,7,8,0,1,0.55,0.06
Control_hab_FINAL.db,28,25.99343117,9.195176473,29.18717796,14.32839683,58.98272003,25.16617826,14.82089787,33.01825684,24.53594892,30.92654684,24.59644137,17.96667367,6.274835957,56.32168966,5.797779748,7.636429497,14.45350357,5.49227545,11.38095021,11.0278784,8.107375726,19.08075454,23.16046821,38.92158024,27.87529839,21.84690302,19.18226224,77.84175365,TRUE,0.556552249,0.659834361,1.459084504,2.395903498,0.734352507,4.387931533,0.6755,15,15,4,4,0.3365,0.185
Control_hab_FINAL.db,29,22.72963376,6.490708288,25.42562173,10.66764823,53.50946576,21.35699814,10.56293175,29.60642783,20.00514439,25.74610047,22.18703125,16.08782608,4.751626411,55.99622355,3.73787489,5.375540677,11.44746983,4.991362149,8.130510607,7.5174549,5.446971152,15.79600747,18.39915409,37.37535705,21.7861342,16.87936991,16.05738495,73.0838503,TRUE,0.524785056,0.613136586,1.36316017,2.389460723,0.759437264,4.196439105,0.7175,15,15,2,3,0.3165,0.117
Control_hab_FINAL.db,30,14.93025073,20.40922198,16.14191504,16.2201618,25.26245944,12.22301954,14.44014719,22.1828028,13.52909585,14.71174517,25.71358214,23.77473882,27.62616125,57.90486933,24.4618904,20.12495328,26.20323131,30.23093827,17.59822671,13.96814066,20.1625034,27.02846758,27.37404274,32.10360627,20.98471218,22.02888991,20.64465189,39.59174782,TRUE,0.476518007,0.50333518,1.000184552,2.165162886,0.721800019,3.399424907,0.8745,4,5,0,1,0.036,0.06
Control_hab_FINAL.db,31,23.33734514,34.9331089,24.2013673,28.01203944,26.74011251,19.88728913,24.17666844,30.94564671,21.42931558,20.0977776,37.76710115,36.521275,46.34786227,69.86062009,40.44022867,33.65728732,38.66834374,46.91049008,32.2100154,25.97607065,34.30177677,39.23389371,36.92284008,41.06976465,27.67948115,30.82174785,30.25460384,39.21433181,TRUE,0.422472569,0.429335139,0.928726769,2.138659614,0.684724387,2.4587565,0.929,0,1,0,1,0,0.043
Control_hab_FINAL.db,32,22.71626001,32.35838218,23.06602152,25.74824577,26.42177987,18.99412611,22.86085156,29.65052168,20.02895725,18.82343628,35.38351527,34.42492693,43.65811872,67.16478406,37.9539807,32.48990814,36.04374723,45.137912,29.92257572,24.21541727,31.97663236,35.96987533,34.50168381,39.77443026,25.86449553,29.10130527,28.42309354,39.23515369,TRUE,0.506847579,0.097178163,1.124233292,1.051382721,0.871598146,1.256520719,0.9405,2,2,1,2,0.021,0.031
Control_hab_FINAL.db,33,23.29294389,32.16772776,24.33093546,26.61393431,29.6022394,19.18996693,22.0628405,31.71554691,21.48639958,20.70426198,36.69388417,34.59230439,42.80379908,69.69421465,36.88310196,30.07582999,36.73853253,42.84131557,29.3936488,23.22469681,31.49769027,38.07707093,34.94028531,41.68494688,26.57012672,29.08307528,29.02721192,43.14579807,TRUE,0.50812877,0.069579785,1.157936853,1.020209256,0.888000115,0.932874225,0.9085,1,1,0,1,0.002,0.001
Control_hab_FINAL.db,34,8.232042427,3.257442826,9.479826355,4.212674062,29.91300506,6.856755895,8.635986305,13.46254694,8.934025882,14.23116236,9.221120762,6.381002158,3.689595886,34.27064879,5.096299157,6.881797442,11.8228192,8.328790557,2.10222659,2.925100076,4.010940636,11.18012456,20.59716292,18.25659775,21.33211866,18.20012126,10.45301637,44.33248498,TRUE,0.513798117,0.271078611,1.133015332,1.060739951,0.87705756,4.666456582,0.7555,11,12,7,8,0.1535,0.228
Control_hab_FINAL.db,35,38.21591035,18.18515626,42.22479966,25.90775865,76.97193589,36.47143057,24.73724414,47.22640324,38.46758367,46.05129934,35.77194058,27.13325182,13.47491146,67.70334823,13.13934753,14.01973018,25.43552762,10.62250516,20.06284525,19.56767966,16.86444424,31.69722273,34.66095405,51.73159581,41.06642958,33.39278821,30.5067431,96.91534333,TRUE,0.510153997,0.362269041,1.110303299,1.625176499,0.897728322,4.328612492,0.6105,14,15,4,5,0.3215,0.149
Control_hab_FINAL.db,36,39.93959922,17.55431781,44.34748853,24.30536137,76.06427313,37.47574753,17.66766283,49.34169767,36.14201988,39.65464352,38.32742187,27.78467062,17.86937584,72.87216773,10.09339753,9.109056082,15.67327479,5.519514064,24.84473326,18.48259515,13.81698436,24.97591748,20.59073655,53.27781829,27.33870651,20.79785963,22.45518926,95.59298406,TRUE,0.50183697,0.41702996,0.982494565,1.720354389,0.806955023,4.224612616,0.645,12,13,5,6,0.5215,0.15
Control_hab_FINAL.db,37,14.61815633,21.00236209,15.79302272,16.50773193,23.86239622,11.64237827,14.2165376,21.99507548,13.26968959,13.82437957,25.67606938,23.63269344,29.22026103,57.03217641,25.12712433,20.31876662,26.04583246,30.54249105,18.66374135,14.1883656,20.58449399,26.88515106,26.80003605,31.15618626,20.27339505,21.56933209,19.88482583,37.47260002,TRUE,0.604752777,0.444940239,0.864648475,1.692698275,0.782355834,3.186946197,0.8775,3,4,1,2,0.043,0.0715
Control_hab_FINAL.db,38,26.5142186,8.394053939,29.06536817,14.22233852,60.27173597,24.43828512,15.22458258,33.65091927,25.38689166,32.22925902,23.4407529,16.80690473,5.303947107,54.34015622,5.393560902,7.90596,15.57025981,5.787681795,9.608843233,9.926201635,7.816290416,19.26883331,24.10118975,39.22865588,29.13780207,23.21258657,19.95866625,79.55288301,TRUE,0.597054939,0.42179692,1.310589707,1.071186676,0.777963392,4.870598118,0.6795,15,16,5,6,0.298,0.1285
Control_hab_FINAL.db,39,36.98184491,16.80722517,38.51674419,24.62728356,75.26392248,36.04015959,33.72834434,41.92568112,38.87096869,50.37064685,28.83294948,24.42503938,7.524209116,54.88796203,15.75930356,23.31644672,32.21251309,18.42531057,14.15174954,21.55885886,18.94257732,31.74213594,46.98138462,46.84105325,54.02605302,46.33541007,37.08497803,94.94494746,TRUE,0.462080782,0.434478198,1.379549676,1.146921943,0.88757521,4.427756145,0.6405,21,21,7,8,0.184,0.182
Control_hab_FINAL.db,40,36.86295469,14.71187716,39.20602956,22.43433376,75.5708634,35.28115993,26.54344037,43.3644553,36.48683148,46.16023921,30.90185455,24.66524599,7.470761732,62.19963159,11.67570061,16.78770683,25.98459065,13.13389889,13.9943662,18.06124657,15.21322972,28.70199642,37.16204941,50.01922573,43.67274971,36.41352051,32.17152538,96.8592729,TRUE,0.472210325,0.402474277,1.282637488,1.729935883,0.897044115,4.53206095,0.6525,19,20,4,5,0.26,0.104
Control_hab_FINAL.db,41,31.53140018,10.2509895,33.30627319,16.26251523,66.53923364,30.73354742,21.31568552,36.27890681,29.19177619,37.72527255,25.60275242,20.52834167,4.417149419,56.95125374,7.820272418,14.04258249,18.7039999,10.55665571,10.73890918,14.48796042,10.59967094,20.53020996,29.37825777,43.8504068,35.26415035,29.09945484,25.5458871,87.19635384,TRUE,0.477487589,0.6572484,0.798863638,1.844210814,0.756645614,4.467586947,0.7,20,21,4,5,0.317,0.1405
Control_hab_FINAL.db,42,16.61914165,23.99707121,16.72273314,18.73608642,23.12364761,13.04805527,18.22621751,22.93561664,14.92415947,15.19936521,26.50201282,25.68480416,33.1942337,55.93050073,29.56868501,25.99732644,29.76145061,36.66647438,21.1265358,17.32307879,24.28604672,28.63774428,30.50475494,31.80855023,23.51236277,25.74121448,22.7782896,35.96749744,TRUE,0.510121254,0.154406853,1.104869562,1.059799198,0.799512246,2.078498434,0.9125,4,4,3,4,0.017,0.062
Control_hab_FINAL.db,43,31.49006721,45.59086088,31.33857971,36.68186469,29.57868452,27.61501315,33.37037302,37.9460251,28.1228688,25.25187181,46.37169724,46.48287778,59.66740655,77.79281412,52.59604069,46.18195675,47.77957362,60.9242206,43.14934675,36.20699525,45.14679745,46.87612953,44.57747076,48.55945625,33.85255282,38.75398298,38.38949607,40.98501971,TRUE,0.523030433,0.154792948,1.065333231,1.080205352,0.811786565,0.289991693,0.9905,0,0,1,2,0,0.033
Control_hab_FINAL.db,44,9.484044375,14.59945515,9.98506117,10.34597326,19.22454719,7.433598258,11.93807643,14.86068207,8.302688065,10.062492,17.63215992,16.82694394,21.0151762,46.10592608,19.42662756,17.60759747,20.78836543,25.8394192,12.09003919,10.06905185,15.04732785,19.52290876,24.19733866,23.35798904,18.90703474,19.77366692,15.53260377,32.33969471,TRUE,0.530843185,0.233701995,1.100626674,1.10533592,0.817397439,4.00473006,0.877,6,7,3,4,0.058,0.1385
Control_hab_FINAL.db,45,14.95146318,5.525486948,16.29546885,8.708348527,41.4792081,14.46479861,16.10908723,19.02830925,16.67961259,23.6166747,11.34573531,8.076644572,3.088376509,32.18563318,6.241351048,10.89276623,14.57489836,7.85595177,5.757431266,8.293888386,6.602128804,13.24375801,27.16269524,20.76322354,31.43113116,26.30170529,15.09109107,55.31500982,TRUE,0.897602032,0.303039948,1.142265274,1.01261406,0.886823797,4.71291424,0.6965,14,15,11,12,0.229,0.3405
Control_hab_FINAL.db,46,20.71984186,8.418508563,23.07399591,12.95422431,51.68061921,19.65521315,16.90549095,27.20620464,22.0275013,29.8612317,19.28968753,14.44017065,4.438957611,47.13565307,7.64064286,10.21026265,18.985057,9.069423099,7.174561865,9.598718664,8.975258489,20.55454227,29.56568349,32.43881593,33.13726946,27.43249086,20.81563631,69.18387414,TRUE,0.883610078,0.353647576,1.133297923,1.051954652,0.779291796,4.685536847,0.6795,14,15,5,6,0.187,0.193
Control_hab_FINAL.db,47,22.63975979,9.910027076,25.39148911,15.1467768,54.26901685,20.22901083,16.18545497,30.80910582,24.20353022,30.95584479,21.66447948,15.31694807,7.655312206,49.42122265,8.180557629,8.824863758,19.29323684,7.860562126,9.759355857,9.749008262,9.767510707,22.4030666,28.35269983,34.35752643,32.24831873,26.43676966,20.34311418,71.40649242,TRUE,0.891286321,0.25546189,0.898776583,1.020636449,0.88768617,4.483916217,0.661,12,12,7,7,0.204,0.1655
Control_hab_FINAL.db,48,25.5776888,15.55490969,29.29926098,20.20983146,56.17150694,21.92002487,15.80311656,36.65032948,27.23231629,32.44756965,29.32681567,21.39352913,15.67336822,61.40217408,13.11030939,9.275868707,23.97279413,11.62732228,15.00594077,11.80072091,14.29630309,29.8919336,29.20786768,41.58849756,30.89053319,25.79825754,23.36655549,74.0716613,TRUE,0.887152041,0.232925264,0.813459639,1.003714509,0.886610445,3.845803535,0.664,7,8,3,4,0.157,0.062
Control_hab_FINAL.db,49,97.03212888,63.58285625,102.1877563,79.09782462,153.4812987,94.79199465,80.11254575,107.8204371,100.7823171,113.8753551,86.37660391,74.45056672,50.36152624,116.4117387,54.77458443,58.83808765,77.45687108,48.52088988,64.8529885,68.53961327,63.03087269,85.28807154,92.57535309,108.7623235,105.9709001,92.95000456,86.67906028,176.8428344,TRUE,0.888625553,1.53421229,0.947122353,1.03801604,0.882107439,4.704759199,0.441,20,20,7,8,0.3445,0.145
Control_hab_FINAL.db,50,15.83030148,18.11776477,16.36959762,13.48283151,24.89755769,12.97376695,11.61417829,21.67478278,11.50660717,11.43558323,24.65654734,22.86998016,26.77496244,57.72896445,21.63569629,18.90168005,20.24273752,28.19267544,17.53258862,12.95235005,17.37775073,20.9146515,20.23982892,32.18016087,14.5219621,16.31379522,16.71712167,39.64393235,TRUE,0.814370363,0.272327433,0.063979491,1.47370371,0.774018072,2.984553956,0.915,6,7,1,2,0.142,0.0525
Control_hab_FINAL.db,51,22.20921505,20.42639686,25.1795976,16.22951153,33.00188707,19.38954315,4.75526607,30.65564462,14.27294594,9.753374261,33.915443,27.56691487,33.63376726,72.10114323,18.5691668,11.19004729,10.55748736,19.12996265,27.50925106,14.43103268,15.62037536,18.30603505,5.851979227,39.72184066,1.664639188,2.972150855,9.936677704,47.87308562,TRUE,0.801735408,0.303597354,0.074175372,1.529782747,0.428132801,3.755710101,0.882,2,3,0,1,0.4245,0.094
Control_hab_FINAL.db,52,20.95016415,5.397470444,22.60512402,10.25934102,51.61753907,19.35053227,14.73890601,26.29542005,20.55194707,27.46341635,16.42294517,11.47755755,2.625129154,42.53650103,4.121220635,8.45866694,13.30603281,5.51469258,6.432868207,8.02682792,5.721852643,14.35046566,23.77464779,30.04134521,28.89478767,23.39342092,16.45499265,68.63488035,TRUE,0.477307769,0.421638986,1.182884231,1.736784766,0.797109029,4.45154032,0.695,16,16,9,9,0.283,0.216
Control_hab_FINAL.db,53,33.48490513,14.41616024,37.17011642,21.21208749,70.16552089,32.25480594,20.98276635,41.55101889,33.00295491,40.19395523,31.15476948,23.36016963,10.2555082,62.79112029,9.975168946,11.49901953,20.77804375,8.296244166,16.60825506,16.2913205,13.21808094,26.34479312,30.08745339,46.46086615,36.04892532,28.92483126,25.92766728,89.63249994,TRUE,0.473039268,0.500888274,1.218976082,1.840878077,0.788956862,4.382184082,0.634,15,15,4,5,0.3365,0.174
Control_hab_FINAL.db,54,43.56949544,19.53874962,47.27353826,28.07585157,84.4572872,42.10333495,28.10901145,51.59950711,42.56814132,50.81187092,38.68413165,30.10550112,13.52317723,71.40984772,13.89387819,16.79807045,26.40771291,11.96820951,21.99725604,22.60124416,18.32340581,32.42670837,36.32911218,56.8173175,44.01797778,35.93879654,33.67252877,105.6246315,TRUE,0.587450257,0.639981423,1.220687688,1.617578661,0.799272126,4.316646833,0.6135,17,18,4,5,0.3735,0.141
Control_hab_FINAL.db,55,34.03316062,18.86451033,33.5977655,24.53008599,66.25378341,35.35557001,43.16866517,33.80356346,37.54817286,49.9968883,21.72553023,21.55547817,8.700802431,36.52304071,21.56169484,34.63226694,35.89533223,26.62299451,15.87963228,27.49086779,23.16913998,28.87171825,56.5264689,34.98481676,64.41818868,57.20107143,39.09212488,80.94690224,TRUE,0.554453771,0.726583379,1.223409691,1.038952996,0.811527948,4.05109398,0.6685,24,24,15,15,0.175,0.429
Control_hab_FINAL.db,56,30.62359434,45.26122446,30.49471047,36.15444642,28.36091341,27.02637669,33.17635844,36.88365401,27.37129777,24.52761351,45.66344984,45.96393587,59.2643083,76.75116303,52.40390975,46.071764,47.4037881,60.74810057,42.82159397,36.01768977,44.85860104,46.34117671,44.48611438,47.43492515,33.69150189,38.59293205,37.91952871,39.51107401,TRUE,0.546800879,0.07603175,1.181153691,1.103010626,0.898771499,0.366975505,0.9905,0,0,1,2,0,0.05
Control_hab_FINAL.db,57,30.69355664,44.34794885,30.63751839,35.73812592,29.46347355,26.73143331,32.23694777,37.36366205,27.46499732,24.72877608,45.44539523,45.33064905,58.21064539,76.97167146,51.14767588,44.64766178,46.7179318,59.24170379,41.89917394,34.94539753,43.87080371,46.0258368,43.56918242,47.86337553,33.04529842,37.75789496,37.4255457,41.03229006,TRUE,0.896832363,0.138742458,1.081438452,2.439046753,0.59240816,0.553524119,0.9835,0,0,1,2,0,0.0285
Control_hab_FINAL.db,58,19.54489192,17.94833155,22.34087533,14.74934122,32.26086271,15.95132342,4.247625796,28.7746301,13.45949788,10.45640342,30.7880417,24.5404295,29.56758773,68.34946899,16.79962692,9.446797447,12.35920177,17.88358856,22.59219622,11.26500513,14.03539931,19.34968534,8.503107999,37.77081666,4.228648623,5.072034044,10.65818306,47.71324905,TRUE,0.41599437,0.355481704,0.977799298,2.525122865,0.629739953,3.981188717,0.8625,2,3,0,1,0.325,0.043
Control_hab_FINAL.db,59,21.92636227,30.33042826,22.98539812,24.93418495,28.79631311,18.01637014,20.73166637,30.14635551,20.1872351,19.67168248,34.94952056,32.83626747,40.46444658,67.81991152,34.91383435,28.46044201,35.01423799,40.81742429,27.53373309,21.71183339,29.68234346,36.25207989,33.58715969,40.14957567,25.49868868,27.81051182,27.62083422,42.45773199,TRUE,0.411925572,0.41868775,0.660285996,1.597377246,0.886316678,2.624973405,0.904,1,2,0,1,0.0075,0.009
Control_hab_FINAL.db,60,26.58902551,9.361093167,28.06804914,14.70194537,59.87259971,25.85746312,21.58837884,31.31977598,26.25614394,35.65738897,21.78269848,17.88442819,2.938435215,51.21163439,8.720093004,14.73383577,21.32567009,12.48577742,7.38529937,12.76339451,10.70764286,21.52957259,33.05165273,38.78611994,37.67117497,31.7673807,25.91546478,79.60554869,TRUE,0.642422837,0.42304235,1.334316276,2.407890921,0.783547623,4.538268431,0.7015,19,20,4,5,0.206,0.147
Control_hab_FINAL.db,61,35.2717367,15.09007464,36.88836665,22.42957515,71.48231285,34.42145251,30.44560566,39.4887827,36.3362102,45.55897612,25.90749363,20.70675097,8.61948066,48.02409072,12.97433205,20.47078147,25.05615331,13.26202637,16.47131171,20.71006872,16.08715108,24.98268534,39.61002532,40.70589444,48.15559871,40.56211753,30.00771399,88.41981181,TRUE,0.613937474,0.744675514,1.449040588,1.688854079,0.783702454,4.189506902,0.6345,19,20,12,13,0.323,0.3035
Control_hab_FINAL.db,62,10.46027761,3.970217506,11.35539367,5.628416976,34.1223839,10.54192009,14.46733963,13.8571034,11.91422851,19.24171783,8.689816539,7.090026986,1.309307737,31.23765063,6.395152868,11.26908233,14.78821081,10.46802081,2.118751463,6.259697651,5.778874015,12.26288538,27.14764952,18.25287197,29.32694172,25.20401271,14.60012131,48.44158843,TRUE,0.515727116,0.298897194,1.155770898,1.009888668,0.816352739,4.296422916,0.7375,15,15,8,9,0.1535,0.3055
Control_hab_FINAL.db,63,28.16123804,39.84161549,28.73817213,32.53988299,30.25773539,24.03902147,27.86963655,35.94941518,25.47037202,23.41108477,42.87956105,41.66314329,52.5229986,75.76233367,45.55251966,38.39736191,42.93455304,52.5395936,37.28759064,30.27701015,39.10682125,43.57444553,39.91248541,46.46332844,30.11559563,33.91416153,34.28446665,42.87625557,TRUE,0.514801966,0.063720746,1.084639206,1.121357634,0.898808966,0.542374343,0.9505,0,0,0,1,0,0.004
calibration.db,0,31.37946272,46.42908167,31.39646827,37.05854805,28.88049403,28.11663187,33.94295651,37.62333998,27.97116968,25.11587735,47.079894,47.47243336,60.33830103,78.92724985,53.56266858,47.03107678,48.35459693,62.00680663,43.92185897,37.14317585,45.94590837,47.51028406,45.33701888,48.76319759,34.22379839,39.18234229,38.99439523,40.20168556,TRUE,0.642268883,0.410575604,,4.965988301,0.668163492,0.358539043,0.9935,0,0,0,1,0,0.0515
calibration.db,1,36.67005301,28.01387213,39.67225329,24.50484778,49.10655035,33.32357316,10.0657694,44.80592263,24.61913592,18.29910195,46.27542831,38.34562815,42.88795853,88.13804536,23.59035243,16.89920901,12.09212667,23.37907657,39.06224834,23.24880224,21.65837017,22.06235591,4.877352237,54.69839533,2.364007185,3.849321835,15.24188312,65.74892348,TRUE,0.624017483,0.288540786,,1.696716166,0.597544528,2.839617667,0.904,4,5,0,1,0.606,0.0515
calibration.db,2,22.41163833,18.6001887,24.40687469,14.63354355,33.62339822,19.42620146,5.811211143,29.57045673,13.85656868,10.47252033,31.83159091,26.63049302,30.43632131,70.09230704,17.66406178,12.70243787,10.87536029,20.46391167,24.33949973,13.68730903,14.75089691,16.81206156,6.974356172,39.9605644,3.003944729,4.535682627,11.15715475,49.58498213,TRUE,0.742101026,0.33518476,,1.743315052,0.558336773,3.758947894,0.9065,5,6,0,1,0.3965,0.0515
calibration.db,3,70.54953071,44.89953444,76.48532278,56.35364989,118.5934456,69.4719867,53.39324687,81.60726263,72.56690327,81.88260199,66.61931047,55.03129569,36.72301943,98.99216419,36.45648999,36.59990686,52.35179968,29.59883442,48.36994507,47.56098308,42.71040824,61.9538473,63.88051588,83.80155843,73.76570313,62.90977683,59.67731719,139.7391857,TRUE,0.632549079,0.552493468,,0.446974446,0.661561316,4.719622863,0.497,15,15,4,5,0.3945,0.203
calibration.db,4,30.47526385,45.26405619,30.5792116,36.10508193,28.48055991,27.2008407,32.90254819,36.85824863,27.21187447,24.47830122,46.10034522,46.34218477,58.9733085,77.96219144,52.25273945,45.66608425,47.33447513,60.4998085,42.75103735,35.99397386,44.7619295,46.63520502,44.42716297,47.88653041,33.47044424,38.26713074,38.03663996,39.8828975,TRUE,0.561235012,0.364932389,,3.483795861,0.676112924,0.455168515,0.9875,0,0,0,1,0,0.0515
calibration.db,5,34.52319859,20.34987044,37.14008215,19.0301669,52.44304861,31.745436,8.276150553,41.48901994,22.77300006,19.31611101,39.93013962,32.39371688,30.88862087,81.57712257,15.63276007,12.45068554,7.908766909,16.44797261,30.13526701,18.22023153,15.06231641,16.65947533,3.757078964,52.04385685,3.477237283,3.466338645,13.59909567,71.08100686,TRUE,0.656148491,0.581255322,,2.664513531,0.556817717,3.366544838,0.8765,9,10,0,1,0.602,0.043
calibration.db,6,37.37820011,21.09519538,39.72962391,20.16894556,56.38886257,34.88794229,10.61948569,43.56276962,25.00335775,22.11169643,41.25738452,33.99973769,30.64900015,83.12128931,16.25273885,14.51449749,8.797924574,17.66451844,30.97460304,20.08667395,16.02756495,17.09191455,5.336267707,54.61405546,5.752615512,5.519391573,15.71409504,75.68696887,TRUE,0.663006284,0.547069319,,1.907099811,0.645858023,2.814852585,0.88,11,12,0,1,0.6245,0.043
calibration.db,7,45.43814664,33.92945146,49.24901937,31.28593235,59.90236995,41.66888278,13.39787829,54.77118752,32.25328239,24.73292298,55.21893382,45.34695032,49.94505027,98.97005039,27.34705082,19.23928837,14.49229596,24.91977376,47.4900663,28.92310122,26.23183147,27.04648021,5.699335919,63.9845095,4.221244372,5.245807086,18.94276228,77.07799801,TRUE,0.699382757,0.430080005,,3.266725498,0.651727325,3.266665282,0.8835,3,4,0,1,0.701,0.043
calibration.db,8,37.59721058,13.97389544,41.44961369,19.94382292,72.73012616,35.00404102,13.28980302,46.4860503,31.66011209,35.29686475,36.62210876,26.9230076,14.14331592,75.81296443,7.058733881,6.718973666,12.45209358,5.159130812,20.00737363,14.66414086,10.46704987,21.55616575,15.6698407,54.43751324,20.96280601,15.46800824,20.48477486,94.61509329,TRUE,0.707602981,0.58802566,,2.345505836,0.728681334,4.223062913,0.698,14,15,1,2,0.4985,0.0415
calibration.db,9,43.56342382,36.0055362,46.42285766,31.27743603,53.06797564,40.08585512,15.52223338,51.45500782,30.10749969,22.1926449,54.21426553,46.36596929,53.09448247,96.77430907,31.60370866,24.25666147,17.26300363,31.54387068,48.31907678,30.76101688,29.07306906,27.56275687,8.379455222,61.66130616,5.077418068,7.538033312,20.28414693,69.16972052,TRUE,0.559405469,0.279618609,,3.589633092,0.601300728,2.744864069,0.9355,3,4,0,1,0.6475,0.0515
calibration.db,10,53.05532875,25.67570105,55.42316655,36.07296465,97.56004156,51.63529677,42.5208233,59.08815488,53.75333543,65.40894151,42.61793294,35.69821917,15.30263929,71.1689485,21.52534214,29.13717354,38.76786005,21.81413327,25.38364715,31.41621336,26.64898345,41.04042941,53.04940883,63.53769568,62.780503,53.57669363,46.77217064,119.2934929,TRUE,0.669748694,0.506130162,,0.554460378,0.714276338,4.819512313,0.5955,22,23,7,8,0.299,0.151
calibration.db,11,30.31960607,44.66609579,30.47021347,35.74705202,28.83672776,26.89853652,32.31985497,36.8932783,27.09536822,24.42928465,45.81534143,45.86206169,58.27876764,77.85354974,51.48942386,44.82509063,46.85619172,59.59710814,42.14827103,35.33639698,44.1306135,46.33320044,43.88017558,47.87825621,33.06263863,37.75142021,37.64702516,40.42125001,TRUE,0.709501362,0.166892236,,2.552460422,0.691159154,0.53805303,0.9835,0,0,0,1,0,0.043
calibration.db,12,25.01345709,24.81858458,26.53248707,19.2296958,32.07117881,21.77201706,10.46999196,31.91726828,16.27574895,11.92794829,36.06047121,31.85706535,38.52215257,73.87916128,25.27220805,19.65209677,16.94068899,29.23599219,30.00234474,18.85185802,21.19648178,21.98431353,11.99982952,42.6888712,6.320257248,9.102685658,15.57261171,47.02375573,TRUE,0.62217744,0.15111709,,2.53735487,0.638538945,3.174721317,0.9435,4,4,0,1,0.3565,0.043
calibration.db,13,16.6424818,14.11836092,19.17349109,11.32144963,30.55276795,13.63499886,3.111269297,25.00319921,10.94069225,9.184177256,26.50360757,20.95215433,23.92513175,63.31509729,13.38845178,7.655596238,10.28291775,15.26431491,17.90303872,8.595419794,10.86128988,16.206022,8.093609346,34.3079104,4.36493507,4.76747544,9.193516903,46.35404918,TRUE,0.565556672,0.557043876,,2.630240268,0.580464714,3.786689057,0.857,4,5,0,1,0.3085,0.06
calibration.db,14,31.01297789,46.72984659,31.00911599,37.05575144,27.91057858,28.0337796,34.3170347,36.99140318,27.64713486,24.75829572,46.9093096,47.56650435,60.66558765,78.41601658,54.07339082,47.6512689,48.53676093,62.63207427,44.2274056,37.57635997,46.29759001,47.46075936,45.74847907,48.12488869,34.48731314,39.52678574,39.05119412,38.9350225,TRUE,0.699177249,0.246580094,,3.33053239,0.659417247,0.39106127,0.9965,0,0,0,1,0,0.0685
calibration.db,15,61.07880344,32.59122153,66.99622391,42.34794212,105.3701699,58.41217277,32.48897157,72.93655922,57.34704894,62.35144947,59.46632235,46.27681049,30.01491959,99.4091819,22.17329188,19.88670373,31.51841446,15.4826751,39.9186561,33.3935257,28.01481345,44.46060674,36.06161115,78.35426549,44.40778114,35.87795795,40.95707394,128.430621,TRUE,0.700135488,0.262920531,,0.485512529,0.590671146,4.243958657,0.581,13,14,1,2,0.547,0.063
calibration.db,16,22.35386144,34.42125501,23.2622228,27.35529354,25.53139677,19.17874377,23.83159068,29.80104169,20.59695964,19.32316416,36.92300547,35.82880984,45.71255479,68.6867433,40.02965435,33.31488534,38.14656666,46.46665942,31.69859611,25.60850356,33.82662453,38.58921003,36.71305862,39.83510565,27.43913057,30.54093293,29.65423657,37.76972799,TRUE,0.637348851,0.469935817,,2.0356839,0.67463632,2.463832459,0.9275,0,1,0,1,0,0.06
calibration.db,17,53.52753524,29.19360866,58.89828369,38.36514667,95.14842846,50.85670533,31.17724246,64.67788726,52.09197837,57.19470214,51.22161365,39.15853754,27.16277619,84.99983095,20.49638754,18.7322901,29.91141475,13.67663816,35.93399122,30.09903219,25.50699444,40.5462307,36.5213203,66.80485832,44.90669674,36.46271865,36.66682436,115.1521673,TRUE,0.731083384,0.218031432,,0.293060092,0.580291804,4.55641037,0.571,12,12,6,6,0.4945,0.159
calibration.db,18,30.68897799,24.6925258,33.16399912,20.6476337,41.69947071,27.31479856,8.301974224,38.43962841,19.93900706,14.51656002,40.58683302,33.90902368,38.87036657,81.02841461,21.94181493,15.72765774,11.9708944,23.19992258,33.49333353,19.53200332,19.35799218,20.17143704,5.677456663,48.65763749,2.172824182,3.999255168,13.59541984,57.90633116,TRUE,0.739491566,0.366694675,,2.425192447,0.573853483,3.500167038,0.9145,4,5,0,1,0.513,0.043
calibration.db,19,19.16054365,16.69814803,23.15673772,17.12439054,40.50079278,15.75327494,8.469858127,30.60662781,18.57542492,19.7687572,29.42482696,22.0234795,22.57364571,64.53189003,15.08484495,7.363210477,19.25442744,13.99092561,17.74575317,10.01242827,14.00374484,26.52480978,19.82689927,37.46220254,17.45204035,15.14756558,16.44885442,56.66940093,TRUE,0.736595628,0.367559129,,1.0053633,0.592530216,3.651626153,0.7425,2,3,0,1,0.1815,0.06
calibration.db,20,22.72095073,34.9622287,23.57135062,27.75522766,25.56230955,19.55356125,24.28948627,30.07539263,20.86744648,19.51250495,37.34032802,36.34659894,46.38683985,69.09440561,40.66723047,33.9891704,38.59093791,47.23561487,32.24343389,26.13892826,34.38023382,38.93688609,37.08391927,40.18384047,27.70565671,30.915364,30.05703012,37.74654341,TRUE,0.747129032,0.434736988,,2.110628162,0.557665636,2.401477828,0.9315,0,1,0,1,0,0.06
calibration.db,21,18.79276894,29.42257035,19.87403078,23.01255784,23.73495039,15.99933579,20.0524225,26.08878804,17.19686348,16.545802,32.51482656,31.2356354,39.5950127,64.17749542,34.58905444,28.48912268,33.43917803,40.68309211,26.84643581,21.37403811,28.87018133,34.01695444,32.90632983,35.9644734,24.42524985,26.92061779,25.73001751,36.31553334,TRUE,0.736600321,0.304543896,,1.13700903,0.568188635,2.817206419,0.911,1,2,0,1,0.016,0.077
calibration.db,22,50.42258312,36.93586845,56.89544022,44.3809704,88.61043286,46.78491414,33.52323007,65.4951652,53.12427078,58.26729942,56.71480361,44.59848352,36.06690762,93.08424072,30.29291021,22.17684124,43.1195186,23.46033042,38.53068531,31.86691574,33.58063837,54.88260923,47.25163248,69.44747332,50.59142217,43.11179401,43.89811882,108.1600961,TRUE,0.719880663,0.300652543,,1.38804484,0.555260801,3.079566974,0.563,4,5,0,1,0.23,0.0515
calibration.db,23,21.925348,30.86230268,23.19501476,24.01789055,25.68292224,18.50801706,17.75113023,29.63425468,17.9294521,15.09985566,36.18784434,33.7814918,43.75850442,70.07776733,34.66687801,27.43354374,30.13139857,39.8620768,30.99579343,22.33955727,28.99170037,32.52433371,26.85787568,39.68564281,18.41272492,21.60327453,23.47243488,38.50085427,TRUE,0.563283543,0.501565268,,2.969354922,0.576889647,2.974496198,0.9335,0,1,0,1,0.1175,0.0515
calibration.db,24,33.77858378,27.44970227,36.21349817,23.10370576,44.10045463,30.39583506,10.2261162,41.35282493,22.23429652,16.21999163,43.73595913,36.97928196,42.34930014,84.66336821,24.47665463,18.22518217,13.33731804,25.72463815,37.00125974,22.35776878,21.8191654,21.7951864,6.429642774,51.74285678,2.88479823,4.988990248,15.3273651,60.29681215,TRUE,0.744831666,0.36297016,,2.911573589,0.575960384,2.924055624,0.9255,4,5,0,1,0.5435,0.043
calibration.db,25,20.90693079,27.5374895,22.75967268,20.8122975,25.30238357,17.91925842,12.44259536,28.64671544,15.19895245,11.08685545,35.11633503,31.57733988,41.50579877,70.35069929,29.59234811,21.9375446,22.44532099,33.20620834,30.55761222,19.68938711,24.44350102,26.6822744,18.22474384,38.35387205,10.73318704,13.71481203,17.52220745,38.21504761,TRUE,0.564154787,0.58135602,,2.715289137,0.56329211,3.118329968,0.9285,0,1,0,1,0.2365,0.0855
calibration.db,26,47.60751743,38.82695535,51.05825606,34.61263937,58.31812968,43.89733339,16.65719875,56.3998902,33.77922606,25.15673652,58.67412519,49.59602173,56.60751541,102.1831239,33.14751704,24.66320415,18.13983311,31.54872173,52.55293885,33.25649272,31.07756197,30.07878207,8.370739257,66.00957639,5.609776101,7.732366956,21.66235777,74.57144308,TRUE,0.58358169,0.458328883,,3.392381018,0.613091212,2.72225016,0.9185,2,3,0,1,0.697,0.0515
calibration.db,27,30.13935251,18.95792949,32.1176703,16.56813913,45.43946224,27.47981305,7.812448182,36.35026509,19.05411392,15.97663805,36.04085871,29.96400451,29.46900111,76.41068891,15.99249363,13.36392356,8.599544778,18.49528164,27.00768378,16.53168113,14.53398025,15.51423402,4.97714693,47.43803558,3.471819791,4.166949357,12.89455872,63.41741183,TRUE,0.574906242,0.595913653,,2.655388645,0.57954378,3.257135119,0.901,9,10,0,1,0.5295,0.043
calibration.db,28,16.65555892,26.43706048,17.67551873,19.79988204,21.34418673,14.40268628,17.29037183,23.20662221,14.20108388,13.35090883,29.84514484,28.76492837,36.59648675,61.65126761,31.374078,26.02786315,29.09732455,37.59687886,24.71151733,19.24789919,25.72138557,29.61874152,28.77879231,33.31858396,20.64315015,23.17557939,22.31010679,33.93451937,TRUE,0.562920024,0.579442627,,1.969003792,0.588043474,3.031000422,0.919,2,3,0,1,0.06,0.1025
calibration.db,29,14.43253844,20.18220414,16.01834217,15.53674676,23.37048143,11.37305822,11.09312989,22.25357261,12.06581061,11.37728526,26.15920327,23.22833754,29.82669248,58.53390245,23.26070318,17.4417081,22.24651758,27.5245898,19.66207966,13.11334992,18.84868294,24.50157344,21.71124097,31.09718251,15.36583358,16.78587488,16.61239901,36.84755738,TRUE,0.55471429,0.560502183,,2.386151679,0.588225681,3.428985134,0.878,2,3,1,2,0.1085,0.0795
calibration.db,30,19.39312699,12.54257986,21.17787784,10.19464365,34.56896255,16.70395231,4.065354809,26.04206298,11.76740714,10.6685634,26.21566968,21.31788604,21.10260958,63.92376355,11.65088481,8.825260416,8.285657491,15.10761228,16.77151604,9.111346371,9.626015407,13.23926469,6.762830412,36.68870104,4.159779462,4.543066809,9.733142355,51.77565772,TRUE,0.576224362,0.504369595,,1.224693709,0.60787208,3.639804337,0.88,8,9,0,1,0.3635,0.043
calibration.db,31,112.1876408,75.71893597,119.226163,91.87488415,170.7278858,109.3179263,84.85725985,125.7892807,113.6679214,123.7912913,104.3603135,88.70743398,65.60931033,139.6091187,62.93639676,62.75875255,82.1525583,52.44613365,81.52016191,79.03235287,72.22991033,95.59467736,93.02471925,126.4950268,107.0241855,93.66885453,93.1153846,195.0541471,TRUE,0.687855069,0.495827034,,0.298376895,0.574484977,4.363377421,0.4145,16,17,5,6,0.507,0.1145
calibration.db,32,15.95565986,12.46028449,17.62416365,9.835868012,29.86608813,12.70523851,4.075683207,23.26023912,10.24404947,9.38555115,23.79780067,19.24930566,21.32056199,59.45655944,12.70286972,8.913810432,10.66158579,16.20960547,15.1087898,7.748144627,10.0952226,14.7798458,9.431709198,32.87151157,5.959478392,6.520822762,9.762645781,45.96499921,TRUE,0.729068068,0.315862507,,1.530010141,0.64757149,3.756630508,0.8725,6,7,1,2,0.277,0.0415
calibration.db,33,33.58218257,23.66514222,37.29462282,21.48851114,49.37709542,30.56113867,6.826315535,42.4971402,22.77121358,17.39510649,42.84076912,34.01045124,36.92506582,84.35637288,18.29695317,11.29523119,8.692880229,16.56838742,34.73257262,19.23988198,17.19938013,19.57924142,2.716344025,51.43829162,1.318525877,1.561378302,12.21884019,66.26865959,TRUE,0.582953175,0.472766494,,1.419451408,0.582095713,3.464592897,0.858,4,5,0,1,0.6085,0.077
calibration.db,34,31.66091233,11.1512145,35.23603408,15.35809608,62.74697203,29.4746659,8.826999211,39.80453063,25.07990281,27.54927046,32.13805774,23.33626066,13.07364302,70.82574474,5.132815046,4.468032097,7.974990175,3.927792746,17.5941964,11.49358908,7.534621875,16.4535729,10.46795658,48.04265293,14.49482877,10.06486076,15.12557307,83.43696152,TRUE,0.562269309,0.463905201,,0.895143408,0.551868317,4.264676608,0.732,13,14,1,2,0.5045,0.072
calibration.db,35,21.46239155,14.87821378,23.40889838,12.08890508,35.55474166,18.60403463,4.442123717,28.37451754,13.07038547,10.89965546,29.0620161,23.74465567,24.83918331,67.42947655,13.55282096,9.889738078,8.54677922,16.48895451,20.21711388,11.00926913,11.37325253,14.27946653,5.842985388,38.92243849,2.993635621,3.74868051,10.01299327,52.50017328,TRUE,0.555954883,0.43613459,,1.54353547,0.629525568,3.478736836,0.889,7,8,0,1,0.3995,0.043
calibration.db,36,63.27869303,36.87806919,68.98637492,47.23765134,108.2915956,61.55016891,41.66802321,74.09621537,62.60443186,69.31743016,59.63789898,47.50692363,32.18269442,93.15444951,27.67483902,27.14294973,39.13725122,20.48714595,43.22061109,39.19809702,33.52530475,49.72548942,47.87479721,76.20461111,57.52338716,47.87016302,47.12641258,128.9846024,TRUE,0.609404409,0.527935493,,0.456586024,0.560276553,4.253492886,0.5375,14,14,5,6,0.499,0.1925
calibration.db,37,13.75182904,8.360901927,14.79611484,5.74411467,28.32213944,12.3642481,4.811472251,18.33406168,7.490958427,8.214068483,18.66546151,15.86508497,14.57170259,52.56941409,9.301301402,9.335873228,7.34295839,14.42068328,10.92411675,6.873140276,6.938426649,9.314732339,9.364843706,28.44179208,7.131079871,7.178623725,8.416714709,44.47500031,TRUE,0.702916859,0.357023434,,1.368433528,0.640609635,4.094794329,0.8795,11,11,2,2,0.3125,0.125
calibration.db,38,35.74552183,16.28603624,40.29764074,19.90894302,65.41301881,32.72569802,7.876127016,45.93651802,28.05551924,27.92270704,39.44684445,28.72629298,21.65135499,80.85118898,8.67538105,4.339626864,8.589563972,5.219999311,25.08396931,14.42152511,10.92631003,20.19668871,7.538762402,53.869464,10.70577188,6.859049493,15.21563589,85.82629343,TRUE,0.730530312,0.444784298,,1.002053594,0.625930378,4.18464514,0.7335,9,10,0,1,0.567,0.043
calibration.db,39,29.18613946,18.77029535,31.37010354,16.32951365,44.29274129,26.37095806,6.809540363,35.88686444,18.42145534,15.08001858,35.79218601,29.42644609,29.70417076,76.1424107,15.7009688,12.29453447,8.255339181,17.72446149,26.88468663,15.80857773,14.17302802,15.57052718,4.292665055,46.65160898,2.575478481,3.277654309,12.0511437,62.01286618,TRUE,0.552536345,0.540487024,,2.292541275,0.631434514,3.226296295,0.8955,8,9,0,1,0.523,0.043
Sus_def_FAIL.db,0,47.84349717,20.70463104,49.32667086,30.09672428,88.94786068,46.44550354,37.99780587,52.08849751,47.27916654,57.55273034,35.46114621,29.39861275,12.37614216,60.59999211,17.13512631,26.3506239,30.94837832,17.8217798,22.47804235,27.68533814,21.66288151,31.71451103,45.43125732,54.69317643,55.75219298,47.35817967,38.98253669,108.7303697,TRUE,0.3,1.5,1,1.41,,4.350003778,0.6265,23,23,11,12,0.374,0.223
Sus_def_FAIL.db,1,40.89088472,21.26887326,42.62202575,30.31243069,80.06726295,38.60582426,38.3820834,47.00704702,44.95606175,55.75421396,31.28929734,25.49009646,13.38132593,51.90458856,19.63600726,26.11170786,36.42869632,19.41006393,20.03103266,25.42059927,23.12784944,36.12451621,51.82301912,46.83039636,60.52379529,52.07232183,39.35079876,97.21234306,TRUE,0.191044617,4.772987097,4.58099642,1.265595987,,4.255801177,0.5905,18,18,13,14,0.1985,0.246
Sus_def_FAIL.db,2,88.95949275,57.66718786,88.84928036,72.8131571,139.9902894,85.60320044,90.36257017,92.73671052,96.26919819,113.1098975,66.26978,60.97090693,41.7036602,78.05939045,56.19361944,71.05837483,82.44787847,56.86904822,53.97220324,67.34084542,62.61232723,77.26992091,105.9005606,88.00651945,121.3903394,109.3471124,88.16509034,158.4037294,TRUE,0.216153791,4.53612936,3.262557421,0.379935734,,4.655743014,0.499,27,27,22,23,0.159,0.273
Sus_def_FAIL.db,3,92.21152624,58.59917554,92.74790567,74.60950651,145.295209,88.09668786,88.93316237,97.47763996,98.76805163,114.8991211,70.11662915,63.15876622,43.36425131,84.53788156,55.51012763,68.80986118,81.6323988,54.76545081,56.07282171,67.44593527,62.59197414,78.70016253,103.3166468,92.93138476,119.202595,106.8693247,88.16374078,164.8049396,TRUE,0.190699721,2.655997919,2.324103211,0.641585979,,4.408179173,0.4845,26,26,21,22,0.2015,0.2215
Sus_def_FAIL.db,4,62.47089595,40.90782651,65.26785638,52.23895283,107.694633,61.17529071,61.41225491,69.44599696,69.06126777,82.29915855,51.95925105,45.23243538,29.12428143,71.71707627,38.17096053,44.90711066,59.14462052,36.05572578,38.76582832,46.11652085,43.06857187,59.67042943,77.65181028,68.12979177,88.20378459,77.46031358,62.77180341,125.4646987,TRUE,0.211699394,3.023226154,3.121567627,0.659528274,,3.892380237,0.5115,19,19,13,13,0.1755,0.2965
Sus_def_FAIL.db,5,86.54219222,61.93058993,89.32874927,75.95067173,136.7297307,84.24699494,86.37191832,94.15373563,95.61100133,110.4515645,72.35084957,64.5320565,48.11393622,87.82738997,58.51634254,66.28611653,83.21056215,54.64419251,59.46881765,67.89265061,64.63680056,83.1711604,104.0984496,89.2884616,117.3234366,104.8669868,86.60570221,154.0390989,TRUE,0.373651609,2.527719395,4.847298494,0.169238684,,4.108675849,0.446,19,20,17,18,0.1575,0.3205
Sus_def_FAIL.db,6,64.60280785,38.15727663,64.89956825,50.16345477,109.7357954,62.60276307,65.70495882,67.95980049,69.92762772,84.55878595,46.68390276,42.1924286,24.94460223,61.79044401,37.15321267,50.03561217,58.69876453,38.51525266,35.49192554,46.73018285,42.14712378,54.51218579,79.72425564,65.84198598,92.39876518,82.03966849,63.97960413,127.5405236,TRUE,0.178513614,4.604737199,2.627502459,0.522905372,,4.125786433,0.5545,25,25,18,19,0.192,0.2955
Sus_def_FAIL.db,7,96.57317107,64.28073088,99.24892764,79.75524923,152.1138858,95.29475712,91.67692853,103.151129,102.8265418,119.9763473,80.21943834,72.70852835,46.36786395,102.6948083,59.79860718,70.54908953,86.83740985,58.44323114,60.78273288,72.59842029,67.35005101,87.41239374,108.1867178,103.6276546,122.2665887,109.1079138,95.13378017,174.3761206,TRUE,0.090158883,1.712393163,2.473029804,0.320791821,,4.473773011,0.4625,26,26,11,12,0.1915,0.211
Sus_def_FAIL.db,8,51.5086184,28.7138267,54.12032424,38.40278764,92.90677978,50.5492765,45.48817357,57.19335877,54.31519576,64.49463539,40.98002661,34.00226858,20.58723743,61.84043344,24.89406303,31.75775808,39.45761142,22.37966669,30.84515078,34.74377502,29.37786248,40.99614635,55.5332216,55.92721477,66.2200677,56.74282469,44.85089149,109.8861049,TRUE,0.065958432,4.20231802,1.043363866,0.961482822,,4.259679654,0.5615,19,19,14,14,0.3465,0.34
Sus_def_FAIL.db,9,87.58510919,54.7468611,87.81695703,69.86115557,138.9085431,84.30982592,85.63463307,91.59015088,93.49668246,109.4881437,65.31199272,59.2949248,39.56405634,79.15733773,52.2115217,66.55407256,76.94028943,52.28442937,52.5262825,64.47569459,58.90148304,73.12191253,99.18840547,87.47118142,114.8572009,102.8990177,83.82110758,157.9278951,TRUE,0.056883879,2.663499126,2.194428728,0.458151167,,4.456869805,0.5045,27,27,21,22,0.2225,0.2625
Sus_def_FAIL.db,10,78.36379572,48.87925461,78.99610655,63.21543672,127.5839113,74.39974507,76.47458522,83.71388164,85.00054502,99.73657989,58.70427091,52.06740961,35.75408844,72.51689083,46.41464683,58.18736183,70.28589799,45.47128185,46.71178285,56.53259261,52.49091012,67.36496802,90.8456561,78.90978951,105.2686744,93.85770978,75.18664359,145.5867442,TRUE,0.228395292,4.070455295,1.71896421,0.228747179,,4.229651246,0.5045,23,24,21,22,0.1935,0.251
Sus_def_FAIL.db,11,92.00410509,61.96830983,92.83899721,77.26833987,143.5778329,88.72170683,92.42299344,97.07630098,100.1312571,116.2556376,71.06873716,64.51819811,46.75620469,82.80003327,59.45984754,72.21712894,85.26411894,57.92759881,59.2874794,70.69928967,66.06560992,81.78766048,108.1787588,91.10727413,123.7451065,111.2438412,90.31529306,161.253612,TRUE,0.156386247,3.766225925,3.209633797,0.496224966,,4.264067386,0.4685,24,25,22,23,0.18,0.3055
Sus_def_FAIL.db,12,99.60704089,70.2292354,102.6960584,86.37969059,154.3370964,95.89313033,94.65598559,108.8463761,108.3347652,123.6596608,84.1045223,74.59852485,55.70648702,102.116455,65.2780349,72.55730027,92.22848294,60.57477408,67.86424282,75.77198983,72.60828792,93.90573522,112.1050108,104.1855799,126.5067287,113.2569758,96.8851267,173.7622989,TRUE,0.110142732,3.408097943,4.355646463,0.370612296,,4.280990044,0.4205,20,20,17,17,0.168,0.224
Sus_def_FAIL.db,13,66.21776935,38.724313,67.72017405,51.37750427,113.5979243,63.725196,62.50125925,71.9321676,71.11964541,85.13216461,50.98358474,44.56681575,26.02396494,70.74329105,35.95197408,45.90236842,57.89762207,35.66836041,36.55491185,45.56787773,41.54509261,56.94900122,76.59512842,71.11640791,88.77260346,78.0730647,63.6570465,133.0505953,TRUE,0.0632542,4.06821585,2.7571688,1.19557693,,4.297004608,0.5345,23,23,15,15,0.2055,0.2225
Sus_def_FAIL.db,14,126.8603174,93.93550745,130.7486768,112.5552178,187.1613671,122.583672,119.5239349,137.7033406,136.8779418,153.3131024,110.0902907,98.75766908,77.6176497,128.3165095,87.28908175,94.00453115,117.2821074,80.4636678,91.72660425,99.53808152,96.04812979,120.5679608,137.9169389,131.6952776,154.1722902,139.2829585,122.7164171,207.6022185,TRUE,0.324636899,3.512467892,4.309689394,0.128084719,,4.185536944,0.359,20,20,17,18,0.175,0.206
Sus_def_FAIL.db,15,70.93177262,44.3545094,72.48434429,57.37872026,118.8889367,68.44856862,69.30796721,76.73243348,77.27575399,91.81895496,55.25947188,48.82745398,31.04465965,72.76055405,41.82006996,51.83040766,64.8759034,40.94903371,41.70572366,51.21664188,47.47144156,63.36081212,84.69644513,74.5385615,97.29518409,86.14165885,69.79343836,137.508526,TRUE,0.136636999,4.753974424,4.518354911,1.355333969,,4.300049365,0.5125,22,23,16,17,0.1785,0.256
Sus_def_FAIL.db,16,95.7457289,63.66510416,101.5232337,78.9456615,151.4559149,92.75197407,76.62109959,108.163993,99.50923446,111.2489293,87.3412588,74.22674776,52.40445901,118.6509713,54.12889022,55.59522645,75.82534148,46.45140877,65.73232096,66.8328038,62.22953151,85.45687968,88.90397661,108.6701238,101.578895,88.83557318,84.06797919,174.5262117,TRUE,0.316114285,1.224231829,1.244858402,1.414570717,,4.661891751,0.4355,17,17,7,7,0.3515,0.119
Sus_def_FAIL.db,17,65.86852312,34.74747144,68.97566352,47.14910646,114.3528355,63.44607019,50.80559067,73.49000811,66.74107434,77.96839246,54.14032539,44.9178027,24.66790683,82.56500669,28.38976049,34.9312156,46.18211995,25.86705432,36.47613269,40.36180345,34.7587714,50.63204265,59.92693684,75.68631114,71.662431,61.31920858,55.03316636,136.3569724,TRUE,0.302396252,1.35318051,1.102168271,1.415369518,,4.491492659,0.5475,21,22,9,10,0.369,0.146
Sus_def_FAIL.db,18,70.16096002,43.6690707,72.28483239,56.75393804,118.8877055,67.4511328,66.4682116,77.24197769,76.28349999,90.6985973,56.53522545,49.39879014,30.45015468,77.35849946,40.58084452,48.9167131,64.21755005,39.48054587,40.51814031,49.29059321,46.35159829,64.24791343,82.58164493,76.65465288,94.29641015,83.19541333,69.19753757,138.7590122,TRUE,0.16644375,4.637856839,4.527556797,1.220579995,,4.386922979,0.511,21,22,13,14,0.1575,0.1945
Sus_def_FAIL.db,19,65.68004193,32.4598847,68.98385973,45.12795828,114.1698142,61.84173353,44.99089939,74.59964991,64.81268941,74.26888977,54.42882694,43.71542108,24.85273007,85.37617908,24.77868973,29.67779933,40.80625587,21.31655395,36.04074221,36.89610152,31.37841487,47.27204957,51.57548027,76.83205156,63.32100689,53.49153667,50.19195672,136.8929304,TRUE,0.33386948,1.470777828,1.161291897,1.263816853,,4.463853121,0.5595,20,20,9,10,0.4295,0.0755
Sus_def_FAIL.db,20,57.72574988,27.80283314,60.54063463,39.09531517,103.2277631,55.03882995,41.92185426,64.96796186,57.51706322,67.24089181,46.50702008,37.46579682,19.92191602,74.55014254,21.65297434,27.81847683,36.78560906,19.25394873,30.74424887,33.06314417,27.40119104,41.14862723,49.22988447,66.85095966,60.40565446,50.98372996,45.23883772,124.3167453,TRUE,0.26012996,1.507689954,1.280661755,1.256969285,,4.41859287,0.576,20,21,10,11,0.4055,0.1565
Sus_def_FAIL.db,21,77.9493936,42.19497909,80.894498,55.5469254,129.0304731,76.24370628,60.64625438,84.35506588,77.32428486,89.26134238,63.49385815,54.30180088,30.53506433,92.69923109,34.94661345,43.83239716,52.61879597,32.75389617,45.08198961,50.09267138,42.21132148,57.04265866,67.50602399,87.11838667,80.936445,69.9474527,64.23485661,152.2362582,TRUE,0.267085114,1.431515336,1.065164908,1.268195274,,4.420164025,0.545,25,25,9,10,0.448,0.1625
Sus_def_FAIL.db,22,60.02082353,36.20120317,60.98678541,47.54065361,104.2039561,58.40341163,61.50219511,64.29035301,65.83751624,80.02794171,44.86465771,40.09545301,23.53728751,61.28046331,35.12324772,46.09664595,56.32473233,35.83713188,33.31165537,43.59788376,39.78335074,53.21198741,76.60819172,62.70960294,88.1448677,77.91969093,60.70813023,121.7792282,TRUE,0.274122227,4.437648959,4.876996366,0.948290972,,4.332116446,0.5495,23,23,16,17,0.17,0.2995
Sus_def_FAIL.db,23,64.5400564,37.80053766,66.3781593,50.56815719,111.6904699,60.98506463,59.03299241,71.6621509,69.77495033,82.80076506,50.49522583,42.97085157,26.67488038,70.57540926,34.47456174,42.4476166,56.15257212,32.97767908,36.0765291,43.04614323,40.01568786,56.35737761,73.1861151,70.02940381,85.02852315,74.5179038,60.8916852,130.8437335,TRUE,0.254679041,4.98211745,4.445626339,0.977582238,,4.326306517,0.5265,20,21,15,16,0.2005,0.19
Sus_def_FAIL.db,24,69.75315001,41.09834411,71.4208511,54.12245151,118.296333,67.36413928,64.95505199,75.53621585,74.48276419,88.7035165,54.25097617,47.49347723,27.88797442,74.71380383,37.82632526,47.88183543,60.08332187,37.28272094,39.09767557,48.15901705,43.75418145,59.52275665,78.78768844,75.02752409,91.32917173,80.35546703,66.5006851,138.2751092,TRUE,0.337053437,4.178934902,3.613924919,1.358856848,,4.189856209,0.5275,23,24,14,15,0.22,0.216
Sus_def_FAIL.db,25,117.3989863,80.19593061,122.8020857,98.05484601,178.7934801,114.011391,98.37086143,129.4761068,122.2520915,136.5458875,104.7526744,91.39833579,65.32990264,134.7652901,70.25003113,74.34507066,96.2639233,62.83931812,80.93495447,85.06377039,79.72554253,104.8408648,111.8519212,129.412546,126.874736,112.6111694,106.0425329,203.3840557,TRUE,0.10534301,1.959810724,2.036248457,1.44437515,,4.394807786,0.3965,20,21,8,9,0.328,0.093
Sus_def_FAIL.db,26,84.76559249,59.09859176,86.8414193,73.0867602,134.6666305,82.58888511,85.69927822,91.11661994,93.41139399,108.7855061,68.70114453,61.78668342,44.62683722,83.0990516,56.34304636,66.0295513,81.13920857,53.7450225,56.29244539,66.17224795,62.40445478,79.61571703,102.9397808,86.44478364,116.5726625,104.2682829,85.09797618,152.0525396,TRUE,0.284411446,3.981215631,3.731790215,1.134185617,,3.980818669,0.462,21,22,18,19,0.1585,0.326
Sus_def_FAIL.db,27,75.35772248,48.87075032,78.46153676,62.23503978,125.0881814,73.11237241,69.83659584,83.40632388,81.53220468,95.27555904,63.07159915,54.77581356,36.14187842,84.61627103,44.47924497,51.26005702,67.20859461,41.34363774,47.3043412,54.28106533,50.64421609,69.20456858,85.25607602,81.98701457,97.37437726,85.70273421,72.46721425,144.6303528,TRUE,0.299758131,4.97864811,3.052360978,1.275139372,,4.131839513,0.4835,20,20,13,13,0.21,0.2345
Sus_def_FAIL.db,28,61.92796716,36.39414573,60.85648114,47.91633318,104.57891,59.31943113,66.66180688,63.67553332,67.61732394,82.39948328,41.43694341,38.44202602,23.65530223,52.24729096,37.14982095,52.21590363,58.48009365,40.14279769,33.05914764,45.70568481,41.4595277,51.31932831,80.64006735,60.06472973,93.53093044,83.83639311,62.67543794,120.9107966,TRUE,0.354732715,3.778228298,4.332780778,0.892668585,,4.40519131,0.5805,26,26,22,23,0.161,0.3185
Sus_def_FAIL.db,29,88.03334188,55.48429723,88.67973159,71.1625614,140.3420622,83.70310969,84.65567554,93.7483358,94.64799239,110.398179,66.96590365,59.89593275,40.88918334,81.90522358,52.48399353,64.94281474,78.34422197,51.66052755,52.81319509,63.60743393,59.32951985,75.74844289,99.34094301,89.38563607,114.6358947,102.5599736,84.31128481,159.7570339,TRUE,0.295655737,3.522804118,4.353040074,1.225866053,,4.495216301,0.489,25,25,21,21,0.188,0.2075
Sus_def_FAIL.db,30,78.96240612,49.26738644,79.9468044,63.16032833,128.3718417,76.53392284,77.24857682,83.54906179,84.82871755,99.96872987,60.00021893,53.88054174,35.0252463,75.54050216,46.6136573,59.00059314,69.83288528,46.06667502,47.35615054,58.01273835,52.78902089,67.25337729,91.16687143,80.2982893,105.4520987,93.83218444,76.05308303,146.9642434,TRUE,0.411811281,4.377881346,4.667995617,0.926738316,,4.237017431,0.5085,25,25,19,19,0.224,0.2865
Sus_def_FAIL.db,31,124.8802651,93.3591143,130.7206754,111.0210007,186.3929321,122.3962796,113.6840552,137.738413,133.6357563,150.176286,114.8579791,102.6811998,75.91727391,143.2566652,85.34796322,88.44497355,115.5832442,78.46162377,90.06098055,97.11401766,94.25270718,122.9467859,133.6801088,137.841576,147.1328686,132.2545371,122.4595557,210.272041,TRUE,0.304254113,2.417681633,4.844545129,1.133997451,,4.331292199,0.363,19,19,6,7,0.153,0.1185
Sus_def_FAIL.db,32,84.01313228,57.31322439,87.99769658,71.42040411,135.8974282,81.56424444,76.70550591,93.64508349,90.92837741,104.7512816,73.18424829,63.58339513,44.26933177,96.38613663,51.84514006,56.78966766,75.74578714,47.1917743,55.70535444,61.67777529,58.51314872,79.52156853,93.12849883,92.26781193,105.2657394,92.97953828,80.88916221,156.0694269,TRUE,0.237391059,2.658180116,4.426100675,0.971139369,,4.190891075,0.453,18,19,11,12,0.201,0.2105
Sus_def_FAIL.db,33,76.07204404,47.63196037,77.56260786,61.76747466,125.6870305,72.33526686,72.64812718,82.8126539,82.63599464,97.11506268,59.31014947,51.99995901,34.68057165,76.53209896,44.5834288,54.23743898,68.64148456,43.07865456,45.17490053,54.02045188,50.68197914,67.61823747,87.92386307,79.54638773,101.2445461,89.81441214,73.42903832,144.6201017,TRUE,0.254448878,3.793614219,4.820863514,1.199189263,,4.292336902,0.4985,22,22,18,18,0.177,0.214
Sus_def_FAIL.db,34,120.077516,85.30797836,123.5218597,103.7362971,180.2451649,115.9456226,111.4368518,130.0339933,128.6306568,145.1732412,102.3920132,91.56922321,68.69732387,122.1654801,78.74325548,86.73022137,108.1959373,73.22516272,83.14084126,91.67784751,87.54478708,111.0669094,128.5355009,125.588766,144.788943,130.2604363,114.9519686,201.728147,TRUE,0.401476448,3.050278654,4.384412576,1.023150225,,4.304774793,0.385,22,22,16,17,0.1975,0.176
Sus_def_FAIL.db,35,114.0457945,81.94475399,116.9453361,99.47698212,171.7343631,110.3810872,109.5753513,122.8245237,123.4091933,140.060611,95.92766087,86.37289097,65.48378158,112.410809,76.74655217,85.71981259,105.6482558,71.9492827,79.30512872,88.81746612,84.83762082,106.6197811,127.3399354,117.2953628,143.3193265,129.1378776,111.2099554,191.5397065,TRUE,0.349119958,3.125336973,4.469524771,0.717614074,,4.298542837,0.3955,22,22,18,19,0.1715,0.239
Sus_def_FAIL.db,36,57.03169992,36.27726334,59.7329931,47.50603253,100.7769543,53.81765268,53.59430427,65.50683679,63.47915427,75.0932016,47.4264874,39.66948306,27.32094847,67.28350146,33.33236388,37.97759435,53.42117504,30.46757868,34.70863427,39.38401422,37.87862578,54.80707719,69.30830995,63.13744676,79.23003958,69.2639853,55.55217958,118.0716232,TRUE,0.353838589,3.046556789,4.585133867,0.854016545,,3.957868324,0.5215,16,16,14,15,0.166,0.2325
Sus_def_FAIL.db,37,74.47271867,43.75803436,75.15357575,57.49331817,123.8880492,71.63993892,71.23949931,79.13493745,79.29987532,94.67537763,55.88429482,50.04922022,29.30105884,74.46656127,41.36639133,53.89137425,65.15373597,42.3561772,40.76760731,52.04193722,47.46281902,62.59806529,85.28785091,78.3122122,98.70601238,87.63349956,71.98679492,144.1660611,TRUE,0.397753033,4.034147304,2.922720299,0.803365929,,4.491235,0.5355,26,26,16,17,0.195,0.2005
Sus_def_FAIL.db,38,84.14568543,52.2309669,84.47563709,66.87692986,134.8715454,81.24991943,82.69433458,88.11272235,89.95085035,106.0284114,62.87568046,57.17321841,36.8776002,77.76014048,49.94698478,64.05101747,74.60727899,50.46575323,49.52303697,61.76891804,56.42300785,70.85734964,96.72372347,84.98124042,111.7297895,99.94943051,81.42931497,154.1561339,TRUE,0.319853535,4.116828449,4.911403078,0.889251246,,4.344994716,0.5125,27,27,20,20,0.207,0.2565
Sus_def_FAIL.db,39,95.81614102,61.72503441,97.52012547,78.00862976,151.1737504,92.33515078,89.76282243,102.5084403,102.140034,118.598181,76.50016954,68.50147207,45.45281437,95.80017579,57.38577346,68.77905144,84.46862151,55.88965489,58.77786951,69.66862903,64.9843885,83.97333203,105.0709772,100.4525509,120.222486,107.4032051,91.95130376,172.6281989,TRUE,0.394752769,3.510778839,3.441748878,0.783806099,,4.49877672,0.468,25,26,16,17,0.1965,0.1735
Sus_def_FAIL.db,40,82.04280826,55.79173848,84.64973087,69.72484321,132.242424,79.62451875,79.71357446,89.39117973,89.76402993,104.3298256,67.53620397,59.69995891,42.21493709,84.85487902,52.08654841,60.25515678,76.08479553,48.84746352,53.71331839,61.97685179,58.30474371,76.32073487,96.10894281,85.74749378,109.2769056,97.14070723,80.53221089,150.498932,TRUE,0.337907828,3.875968625,4.625614132,0.690577519,,4.124558918,0.465,20,21,16,17,0.185,0.2845
Sus_def_FAIL.db,41,117.1060536,83.06930416,119.7903138,101.0276659,175.9218976,113.4457621,111.7735322,125.4189011,125.9982276,143.0898992,97.71496767,88.19374599,65.84248264,114.5476177,77.64931647,87.64868042,106.9645743,73.25325244,80.4138639,90.63553429,86.07687719,107.658815,128.957435,120.3387683,145.5146491,131.1501382,113.4965474,196.4194523,TRUE,0.322484144,4.269712987,4.442812637,0.762102298,,4.267641801,0.3975,23,24,18,19,0.1865,0.226
Sus_def_FAIL.db,42,95.04357321,59.90610778,98.19141828,76.09798164,151.0188393,91.62676681,82.30023872,103.6555112,99.5319345,113.90239,78.87233124,68.68545424,45.80342682,102.9555558,53.10443822,61.24894761,77.43550164,49.13603459,59.83118028,66.59615193,61.16285811,81.01912499,94.96178287,102.4084069,109.8045597,96.98632346,86.09698701,173.3281706,TRUE,0.35126101,3.464017047,1.833565873,1.345667918,,4.433493275,0.459,23,23,13,14,0.299,0.152
Sus_def_FAIL.db,43,89.19724245,52.30864464,90.63101481,68.02570965,143.2557671,85.54211306,78.21669935,95.13787883,92.43750511,107.1767459,69.13732134,60.77878539,38.01331749,90.53723664,46.97656722,58.86743927,70.49954319,45.67911427,51.94658155,60.90445371,54.62855841,70.84681749,89.10211512,93.94887616,104.5761401,92.54585332,79.94494257,165.2885639,TRUE,0.24794548,3.279286955,1.549777709,1.257716631,,4.592028234,0.5055,26,27,16,17,0.311,0.156
Sus_def_FAIL.db,44,80.87066202,48.80148378,80.73978572,63.13516547,130.6699884,77.69172744,79.43155466,84.31727344,86.21864863,102.1354428,58.99645234,53.67308645,33.8054184,73.62666291,46.90646951,61.61067639,71.15931428,48.17882237,45.95570168,58.41036134,53.15823012,66.68943375,92.96539606,81.46998344,107.8210195,96.47498189,78.00614181,149.9691888,TRUE,0.103887634,4.892546083,4.871459566,0.545461596,,4.517728446,0.5305,27,28,20,21,0.205,0.241
Sus_def_FAIL.db,45,104.6111659,67.11716114,105.7727511,84.23878943,161.3612238,101.1750718,97.86363526,110.0791793,110.1664244,127.0115675,81.99433624,74.19519269,50.14232644,99.56391029,62.4829147,76.20767946,89.34011429,61.20605314,65.24920693,76.98350009,70.63571511,87.97223509,111.230006,106.9886481,128.1290789,114.8886505,98.32493423,182.8249018,TRUE,0.245118498,2.876315294,2.069918581,1.21814078,,4.572957091,0.466,28,28,19,19,0.256,0.204
Sus_def_FAIL.db,46,85.45635195,55.13627215,87.00171502,70.11409084,136.6268544,81.71721005,81.29084008,91.90606438,92.21844452,106.7163884,66.79870647,58.89919241,41.91500883,81.9626513,51.30744592,61.70795896,75.21845547,48.60480164,53.97250693,62.48782046,57.97018611,74.20644609,95.39304066,86.79832682,110.2857336,98.19761467,80.64106837,154.9658653,TRUE,0.181680268,4.301053581,2.088774609,0.456944968,,4.264828434,0.4755,22,23,20,21,0.2295,0.261
Sus_def_FAIL.db,47,48.5965409,29.19456591,48.16588466,38.47430751,86.28001843,46.83258019,55.41001665,50.64989205,54.66547117,67.3770788,32.04098269,29.19069673,19.32005505,41.66555646,30.35134421,42.83580444,48.091849,32.05006535,27.17802097,37.14478058,33.4280315,41.65143473,69.21587836,45.9736586,80.40153482,71.572289,50.12822568,100.00461,TRUE,0.230296961,4.373483479,2.980580282,0.402199762,,4.314647917,0.5905,22,22,22,23,0.177,0.407
Sus_def_FAIL.db,48,82.56950944,50.39345615,83.39220903,64.4107322,133.8128573,81.00688225,79.89148223,86.34156621,87.2198656,103.9031724,63.37621582,58.03155638,33.60154313,83.09263796,47.84522978,61.79484316,72.64392718,49.46193148,46.81936811,60.06321026,54.38870266,69.8149545,94.2599894,87.00740551,108.1181617,96.4392654,81.01644949,155.1582523,TRUE,0.117295495,4.089464643,2.095989568,0.775152827,,4.466086253,0.529,28,29,14,15,0.202,0.219
Sus_def_FAIL.db,49,80.60329311,51.26807036,81.20856446,65.0972801,130.5092065,78.76637467,81.73466825,84.46311692,87.0197708,103.8274701,61.41507837,56.55177992,34.83973589,77.62913328,49.76822292,63.49574838,75.17267689,51.14395988,46.98250674,60.51278693,55.81974788,71.20038091,97.83465213,83.08144813,111.5301627,99.8483951,81.51677209,150.0973206,TRUE,0.077213028,4.896495364,2.953785663,0.523449705,,4.593373188,0.5175,27,27,17,17,0.1505,0.2615
Sus_def_FAIL.db,50,77.40033654,47.19005515,78.07683619,61.23676632,126.726001,74.29328635,75.15424693,82.11793308,83.1132202,98.16885012,57.94142742,51.78988029,33.30750613,73.51575214,44.70610281,57.17817751,68.20699867,44.54769544,45.01489223,55.61173535,50.84146777,65.36739233,89.01619685,78.89397853,103.2481147,91.87591405,74.25919927,145.5520843,TRUE,0.153119347,4.19602526,2.195855532,0.70846146,,4.440218592,0.5165,25,25,19,20,0.211,0.252
Sus_def_FAIL.db,51,74.15445404,43.77700718,73.07887883,57.18958987,120.8273971,70.63858329,75.31883838,76.37821351,79.49166098,94.87355781,51.10759304,46.9121247,30.00779488,62.52310399,43.20589627,59.05087067,66.13238466,45.49823657,40.96650353,53.68802897,48.66905537,59.65447152,88.29374754,72.31205261,102.9498413,92.40889567,71.89966448,138.5456081,TRUE,0.122730178,4.491137899,2.765698261,0.709526787,,4.544897657,0.5575,27,28,23,24,0.1965,0.2725
Sus_def_FAIL.db,52,95.83477749,61.57808122,96.89052189,77.75081028,150.5479059,92.57469769,91.93200849,101.3386552,102.1864802,119.1621995,74.8736238,67.88598671,44.76303534,92.25528832,58.10060512,71.22893837,85.2749456,57.65645605,58.27720534,70.59122245,65.52197951,83.19401009,107.1608712,98.87620047,122.679488,109.9448848,92.82304719,171.5350753,TRUE,0.150159028,4.264045246,2.282282001,0.75858269,,4.603812873,0.4785,27,27,18,18,0.19,0.2
Sus_def_FAIL.db,53,75.79578257,51.76099512,78.41605023,65.05545765,124.3267496,73.07804561,74.3840896,83.66397008,83.82406502,97.94249563,62.80327856,55.15673642,39.13184278,80.36568359,48.6251513,55.71398663,72.37421442,45.61303403,49.13735735,56.88481399,54.31081289,72.67142013,91.64975066,80.18717122,103.7548439,92.11498504,75.62323914,142.1949018,TRUE,0.262971044,4.215997862,3.486018359,0.175317829,,4.279118768,0.475,19,19,16,16,0.1485,0.268
Sus_def_FAIL.db,54,129.3003018,90.55636451,128.9383532,109.5394225,188.3172935,125.3749897,130.0216757,132.804575,138.0887416,157.7399021,100.3334488,94.08961746,70.48568934,108.9094936,87.84837163,106.0044694,118.9055304,87.51395835,86.66493134,102.8820306,96.3693645,112.9113161,145.9554285,125.4738124,165.5224427,151.0813874,126.7634518,207.8569171,TRUE,0.235646708,3.826055656,3.38034211,0.233084218,,4.404985347,0.4295,31,31,26,27,0.1795,0.285
Sus_def_FAIL.db,55,100.1361926,69.38996977,101.4506106,85.57908669,153.7920819,96.66221676,99.91008085,106.2098038,108.9777154,125.5598935,79.47331493,72.19447808,53.50459347,91.79493182,66.30476338,78.3166749,93.52951624,63.91152309,66.4720549,77.78373374,73.38926599,90.98059012,116.6190013,99.92985475,132.5420196,119.3999562,98.56372048,171.9304485,TRUE,0.324298364,4.658682048,2.415273401,0.131160836,,4.251762814,0.4425,24,24,22,22,0.167,0.292
Sus_def_FAIL.db,56,112.7813106,76.57584075,113.2274752,94.28329036,169.9033503,109.0284911,111.3034605,117.567495,120.7883391,139.1278549,87.96281786,81.11072884,58.12534608,100.6117663,73.39468445,88.69182622,102.8580391,72.64605623,72.84679788,86.9429605,81.40338216,98.91453186,127.2920576,112.3370681,144.8671444,131.1697173,110.2353422,190.0241219,TRUE,0.208415363,3.779972015,3.633861843,0.47238017,,4.743885707,0.4465,28,29,22,23,0.1755,0.242
Sus_def_FAIL.db,57,67.63190803,39.98576114,69.74887929,52.82268962,115.8450289,65.14240298,62.02420837,74.30090341,72.41186653,86.09091454,53.73556429,46.48704325,27.5343226,75.32090479,36.40346548,45.01037665,58.28943663,35.21861313,38.22904452,46.15736166,42.234053,58.79383468,76.09744121,73.91686885,88.07651339,77.20032569,64.24772293,135.8036396,TRUE,0.204617244,4.513485958,3.654678663,0.636948981,,4.181977332,0.5235,22,22,13,14,0.2175,0.2055
Sus_def_FAIL.db,58,93.00913485,67.88904678,96.00668389,82.63497378,145.0150841,90.43882935,92.83727147,101.3714439,102.8380063,118.4877944,78.99642061,70.85229502,53.02993187,95.32514834,64.35950976,71.76058845,91.025056,60.4272192,64.34225268,73.41809225,70.80789295,91.31099081,112.0887454,96.92228334,125.3128113,112.4264376,94.30444376,163.1316726,TRUE,0.250433034,3.899352306,2.937294872,0.547633623,,4.082326113,0.43,19,20,16,17,0.1165,0.2845
Sus_def_FAIL.db,59,62.05427233,35.03818556,63.08862738,47.26086783,107.6744852,59.07375189,58.53072943,67.250219,66.70081069,79.86786395,45.96397871,39.68988773,23.7147454,63.67077261,32.54555985,42.82425264,53.06414757,32.20905708,33.69361071,41.90594192,37.79087999,51.36901422,71.42504395,65.16365756,83.79875409,73.58241236,58.30513762,126.0068101,TRUE,0.254192436,4.749819165,2.570871406,0.552417051,,4.258113621,0.5475,22,23,17,18,0.228,0.243
Resilient_hab_FAIL.db,0,12.71093506,9.799143051,15.38558796,8.665292765,30.38515601,9.968305191,3.052755824,21.31405667,9.82673905,10.52473884,21.00688497,15.59053714,16.34768593,55.22303592,9.456520433,4.723511219,10.71167414,10.98362751,11.47464643,4.961036559,7.615018371,15.6084109,11.58939443,29.32618299,9.008357927,7.929421815,9.068712513,46.1955103,TRUE,0.7,0.36,0.45,1.37,0.64,4.31409242,0.805,5,6,1,2,0.23,0.087
Resilient_hab_FAIL.db,1,30.90804551,12.11157793,31.70202569,13.54825041,55.87777377,29.77031813,14.9204574,34.27494565,22.3402288,26.26733086,28.86298693,25.03416267,12.69421291,66.68374639,10.42866953,15.39446818,12.54227215,16.34053971,15.06647325,14.75337112,11.0191987,15.00402713,16.73506863,46.76624366,18.73051745,16.53963946,20.14094616,77.08990556,TRUE,0.752592339,0.668009322,0.460882661,1.922513652,0.38442503,3.391812885,0.8475,19,20,0,1,0.4155,0.043
Resilient_hab_FAIL.db,2,69.16398928,40.59876741,74.98774825,52.47223387,116.8509494,65.17920492,43.95696616,82.206069,68.96138293,75.66283299,65.40699843,51.62964384,36.36835324,100.734008,30.56792628,28.35855134,44.4142505,22.68199523,46.1227595,40.95572983,37.00219414,56.31680192,51.13302186,84.21924518,60.89455047,51.06413834,51.87494927,138.9871209,TRUE,0.782686717,1.234658964,0.541861477,1.422831844,0.830002239,4.395047109,0.5215,12,13,5,6,0.454,0.0675
Resilient_hab_FAIL.db,3,41.42471316,18.35566154,45.87365968,23.52386719,74.19503794,38.55123624,13.05696265,50.92054759,33.99474025,34.66360739,41.73207466,30.58104178,22.297178,80.59730926,9.908108009,7.489951175,10.62717033,5.501383766,28.29266437,18.40164289,13.13020859,21.82925941,11.54388779,56.84144838,17.10349711,12.12614945,18.61956274,94.40068667,TRUE,0.696894613,1.411655997,0.703154703,2.930326802,0.338862815,4.280371206,0.7015,11,12,3,4,0.625,0.0965
Resilient_hab_FAIL.db,4,63.69310783,28.88646293,66.79891606,40.10440577,109.1095567,60.16133993,38.07895235,71.41788935,59.20590243,66.14316512,52.46256461,41.55215953,24.17991205,85.34182452,20.19425994,25.34700727,30.81601022,16.74255395,35.91942115,34.03019134,26.49041893,38.2103585,39.20954936,74.50498736,50.93186878,42.27025752,42.12683851,131.7237882,TRUE,0.523618416,1.191289498,1.11173202,1.535413793,0.416550433,4.474024408,0.609,20,21,9,10,0.576,0.0925
Resilient_hab_FAIL.db,5,60.76633169,37.01269167,66.78685263,47.40467528,106.4798661,58.42508526,40.95726618,73.34056817,61.85627713,69.81083745,60.03237007,47.97251606,31.11348928,96.39003152,28.71446633,26.23896088,43.81140513,22.5023241,39.71925095,36.96867724,34.26146156,54.68089339,51.76753479,77.76508485,59.36710524,49.81699241,50.05230252,128.6425662,TRUE,0.610881911,1.106901521,1.4764665,1.560430115,0.803985153,4.207060024,0.533,12,13,1,2,0.349,0.086
Resilient_hab_FAIL.db,6,24.46185417,36.53573368,24.42382265,28.34867119,24.69188628,21.43207916,26.51575027,30.21382517,21.11459007,19.21570622,37.87962068,38.07845773,48.84324935,68.9519309,43.1036825,38.08957966,39.03522523,51.2943808,34.32977504,28.65459357,36.26496195,37.94779908,37.44031468,40.79096719,27.86023129,31.96879088,30.98655357,36.51429052,TRUE,0.619220586,0.26019126,1.15564462,1.345979488,0.63967161,1.152707235,0.973,2,2,1,2,0.029,0.07
Resilient_hab_FAIL.db,7,60.9427608,30.84578058,66.50510692,38.84726527,101.6102533,58.67027708,27.31232046,71.39216906,53.03763681,55.53727043,59.60356896,46.59690485,31.19312798,102.5214573,19.70270744,17.88158104,23.44767732,13.80069388,41.33414153,32.38354497,25.08035569,37.18630546,25.32309827,78.63691812,33.20013749,26.14798523,35.05281872,125.0151997,TRUE,0.652564475,1.291885985,0.34221383,2.410045201,0.498444714,4.206953812,0.6455,14,15,0,1,0.687,0.06
Resilient_hab_FAIL.db,8,31.46412565,45.58070864,31.31330296,36.66589533,29.54241067,27.59724325,33.36420965,37.91432183,28.10030671,25.23011304,46.35040937,46.46715772,59.65509366,77.76172026,52.58993272,46.17825872,47.76806404,60.91858354,43.1392499,36.20097039,45.13786403,46.85993856,44.57432675,48.52592475,33.84735897,38.74878913,38.37521644,40.94121131,TRUE,0.82401385,0.174777542,0.595849843,2.216644634,0.753043064,0.29241694,0.9905,0,0,1,2,0,0.0335
Resilient_hab_FAIL.db,9,41.9513915,16.59456599,45.53442303,24.42931169,79.81206427,38.92423682,20.13732152,50.50986115,38.126647,42.74995774,37.06763115,27.01719709,15.61731291,70.11819118,9.540408187,10.8599351,16.74853684,6.059645633,23.26349665,18.77005075,13.70099439,24.55478041,22.93213871,53.99605597,30.90033839,24.04871734,24.2984392,99.8945892,TRUE,0.831218431,1.469185423,0.356350531,2.016323224,0.55208047,4.649161279,0.6455,15,15,7,8,0.512,0.129
Resilient_hab_FAIL.db,10,85.68182731,49.16084547,89.80183921,63.7385578,138.8800065,82.48484607,63.62724641,94.97894056,85.6306981,96.06853209,72.72849274,60.74800629,39.53581844,102.7701899,39.77682112,45.14930326,57.27159059,34.11424276,53.95428407,55.00158553,47.72412479,64.91881721,69.91169688,95.53474506,83.9513781,72.37984257,68.14944888,161.8389513,TRUE,0.581631985,1.375266792,0.832009005,1.019717978,0.481472003,4.553766246,0.501,21,21,10,11,0.488,0.1345
Resilient_hab_FAIL.db,11,15.88926322,23.53349347,17.20047878,18.24192992,23.11087961,12.77584048,14.40925269,23.54807585,13.80885428,13.05065349,28.24540357,25.99286019,33.60608715,60.09004034,27.52187177,21.60548829,26.40242506,32.54118284,22.28138204,16.05975186,22.56303164,27.93663826,25.83900739,32.54801624,18.68677312,20.5838138,19.82557866,36.115936,TRUE,0.712478688,0.277171348,1.272412914,1.776577785,0.750269213,2.262716535,0.892,2,2,1,2,0.0715,0.077
Resilient_hab_FAIL.db,12,18.00393541,16.71744677,19.67211866,12.64891275,28.87368205,15.10955981,6.104185228,25.02218372,11.38433675,9.369091908,27.62290256,23.49466925,27.15927017,64.14972482,17.3124693,12.77183099,12.96184002,21.19814463,19.92774498,11.4862764,13.97858822,17.24734317,10.56704978,35.42094541,5.898865055,7.346943924,11.66455895,44.43818946,TRUE,0.579486729,0.289252219,0.366916678,1.333756994,0.57159393,4.089872063,0.901,5,6,0,1,0.2925,0.0515
Resilient_hab_FAIL.db,13,25.19532092,7.949055777,27.96079138,13.16421553,57.89331341,22.94335984,12.48884359,32.93713874,23.40482804,29.57488562,23.93267624,17.09338973,5.800741863,57.15725313,4.84491325,6.110727747,14.27970371,5.427288137,9.103395741,8.456905176,6.978580884,18.85264159,21.2495256,39.81814461,25.21315222,19.82734207,18.49966728,77.71211042,TRUE,0.854940448,0.35211975,1.262158613,1.534049528,0.754297828,4.486817329,0.6955,14,15,3,4,0.2915,0.0875
Resilient_hab_FAIL.db,14,31.36063644,45.54037665,31.212473,36.60229489,29.39759225,27.52644067,33.33983318,37.78778577,28.01033536,25.14335495,46.26553492,46.4045545,59.6061191,77.63762185,52.56577785,46.16374364,47.72230275,60.89631231,43.09913952,36.17714792,45.10240734,46.79545171,44.56202771,48.39207574,33.82686057,38.72829073,38.31837493,40.7662547,TRUE,0.731886372,0.122831081,1.385823578,2.149213886,0.783215072,0.302008059,0.9905,0,0,1,2,0,0.0355
Resilient_hab_FAIL.db,15,24.7749329,34.00441584,25.5495561,27.36718575,28.60456122,20.81710646,22.33736085,32.48846231,21.40898503,19.40422877,38.52717784,36.7536673,46.23715589,72.10811964,38.7813284,32.08642328,35.99159658,45.2074968,32.43905373,25.19822901,32.92901579,37.31370461,33.08383346,42.97194892,24.23850728,27.5845179,28.66639007,41.81465193,TRUE,0.794058532,0.285172209,1.432147289,2.280679658,0.595015723,1.649760223,0.9405,1,1,0,1,0.0505,0.009
Resilient_hab_FAIL.db,16,46.10682128,20.85635765,48.47169418,30.72858423,88.3664341,43.5616176,35.10834233,53.06884671,47.08354174,57.18655074,36.74559937,29.2337065,13.07785317,63.99231275,16.76853632,22.60694555,32.57039385,16.09608129,21.36872594,25.04949719,21.35337922,35.2745008,45.25048821,55.86927754,54.42171231,45.8551497,38.84248711,108.7188993,TRUE,0.678252366,0.503652252,0.550945359,1.191622868,0.877765736,4.490120435,0.6005,19,20,9,10,0.298,0.1465
Resilient_hab_FAIL.db,17,18.30622285,8.798812197,20.06926995,8.30707439,37.80914671,15.48431412,3.983089982,25.18248906,12.09936326,13.20447365,23.06336045,18.03670097,14.32844787,60.34788554,7.809623256,6.28020825,8.408117209,11.45300774,11.29768284,6.145855539,6.713870273,12.82561842,8.858459233,35.77197217,7.478875605,6.633497311,10.47171444,56.25450559,TRUE,0.821919983,0.552952795,0.475068173,1.250335911,0.56770989,3.906545647,0.8445,10,11,0,1,0.3125,0.0175
Resilient_hab_FAIL.db,18,9.027536941,2.300293838,10.34601631,3.587499477,31.43230257,7.573296914,7.39048458,14.28396759,8.875747881,13.87499532,9.475461685,6.236835971,2.962354027,35.35825676,3.505675371,5.44919692,9.641972784,6.467808256,2.076777292,2.341891152,2.738391014,9.61455489,18.02954995,19.14370655,19.26596794,16.04657583,9.183860961,46.28875669,TRUE,0.600207615,0.720644735,1.120970781,2.314835569,0.768483092,4.395300543,0.756,12,12,7,8,0.195,0.221
Resilient_hab_FAIL.db,19,57.11964759,29.13666161,62.68659327,38.1653116,99.93702388,55.05476723,29.64740187,67.87886418,52.80096367,57.75455397,55.20496806,42.87563511,26.56165803,94.72450938,19.27503498,17.99290995,27.59040609,13.47496274,36.56146246,30.67133712,24.77610927,39.65316609,32.57053566,73.77847182,40.70533534,32.54239986,37.33310902,122.7013621,TRUE,0.894670509,0.774563165,0.468287619,1.003120278,0.54613133,4.224759881,0.6005,14,15,1,2,0.5595,0.089
Resilient_hab_FAIL.db,20,30.79028587,10.72541537,32.03536591,16.33133512,65.01898039,30.11034312,23.36615362,34.95950457,28.94551627,38.4681506,24.86280061,20.98535406,3.86145145,56.20178125,9.628230068,16.7277264,21.90421965,14.15822675,9.169118101,14.94501054,11.98094243,22.25432067,33.2531659,43.7891577,38.28842628,32.45225113,28.19599767,86.0613399,TRUE,0.650901293,0.734207374,1.204183085,2.739899397,0.845935062,4.311877363,0.717,21,22,3,4,0.2445,0.1135
Resilient_hab_FAIL.db,21,31.3049531,11.42247549,33.50807852,17.16373154,66.24901418,29.99100167,20.01933206,37.66075155,29.02521463,37.58405298,28.34790297,22.96202412,5.802067839,63.71388924,9.134746404,13.22545903,21.2464951,12.43769295,10.25926834,13.65368539,11.66681099,24.34818125,30.05009024,47.61504947,34.11332184,28.38212146,27.36817129,88.40196175,TRUE,0.550244682,0.610883174,1.258012925,2.055492685,0.785729556,4.105393689,0.7095,19,19,0,1,0.245,0.043
Resilient_hab_FAIL.db,22,25.3477148,7.959152946,27.80697654,13.03862986,58.03544557,23.54938325,14.01411094,32.39796634,23.43039584,30.39360804,23.6946291,17.71576967,4.749343042,57.3397314,5.516436479,7.858336038,15.65560761,7.360467338,8.143230805,9.078659655,7.559122044,19.37966111,23.3951153,40.3786433,27.1190067,21.7952434,20.25230265,78.39223298,TRUE,0.625313626,0.681084974,1.473118703,2.700631218,0.766228932,4.211116395,0.7065,16,16,2,3,0.2665,0.08
Resilient_hab_FAIL.db,23,31.80759531,10.33202004,34.9182556,15.63531321,65.67819284,30.23861867,13.32406685,39.00055402,26.99790526,32.27104417,30.03420685,22.43424985,8.510293799,67.00220825,5.420287074,7.245760364,12.2918588,5.676738785,14.0583959,12.11361424,8.246746056,18.64682072,18.00516974,47.59231363,22.78590855,17.38696997,19.67566487,87.07114056,TRUE,0.577630666,0.531319653,0.836778471,1.971583631,0.746107752,4.309230961,0.711,16,17,1,2,0.4215,0.0795
Resilient_hab_FAIL.db,24,43.51403912,18.20223924,47.92845896,25.18623834,81.65330779,41.60656393,18.79945444,52.64125798,38.09465044,42.76208555,42.13797678,31.94623329,16.50663735,81.95527825,10.47335211,10.40419264,17.35539382,7.79432118,24.18806262,19.64740339,14.64902441,27.1708269,21.76549332,60.69300125,27.96580446,21.43891379,26.41160292,104.274596,TRUE,0.40900304,0.93301986,0.891536304,2.34347338,0.776298729,3.888466385,0.6665,15,16,0,1,0.51,0.06
Resilient_hab_FAIL.db,25,11.22151007,5.078336772,12.42352215,4.371669349,29.55341158,8.846524648,3.900440963,17.09903786,7.628654215,10.02338829,14.92070801,11.3688022,9.363796435,46.89760149,5.975004781,5.770140594,8.297595143,10.20571554,5.781577353,3.001847751,4.316726996,9.99877402,11.686348,25.59021276,10.40534272,9.278098467,8.28526405,45.91949032,TRUE,0.665375015,0.718894487,0.562195376,2.60938758,0.690246688,4.281682272,0.8295,10,11,3,4,0.23,0.0975
Resilient_hab_FAIL.db,26,40.0418558,16.67600536,44.56733987,23.13363023,76.65479092,37.58592726,15.31254509,49.92983776,34.87677867,38.74081834,40.15076202,29.71207873,16.3728919,80.08680192,9.140390049,7.625843002,15.44671292,6.14254062,22.61151075,16.8394672,12.87517003,25.67411367,18.68749814,57.72235386,24.02565308,17.9764286,23.29611481,98.75042434,TRUE,0.487952023,1.051109328,1.032350415,2.608322776,0.746083377,3.846317963,0.6725,13,14,0,1,0.489,0.043
Resilient_hab_FAIL.db,27,30.61663182,43.42988987,30.63942249,35.26466804,30.32615585,26.36314773,31.32865363,37.64492754,27.44222493,24.82069655,45.1223367,44.64246858,57.13275334,76.99892205,49.92305714,43.27686423,46.0150762,57.77116033,40.97246915,33.90546834,42.88919242,45.65136507,42.71054122,48.07662924,32.43893716,36.96270007,36.88963289,42.24581734,TRUE,0.741711746,0.194267759,0.821375243,1.363880395,0.661600004,0.435061296,0.9765,0,0,1,2,0,0.0115
Resilient_hab_FAIL.db,28,16.76786659,25.12417968,17.30789639,18.9016153,22.43614339,14.57009315,18.27098028,22.58666754,14.29160992,14.47477976,28.40243972,27.95589521,33.91558731,60.02447517,30.5305622,26.75720555,29.54284494,37.91291272,22.43662711,18.77265092,25.06345376,28.98419336,30.19007366,33.33153157,22.42932813,24.80696272,23.3756682,35.72531478,TRUE,0.596655314,0.651305953,0.5758862,2.617824388,0.648640859,3.038586392,0.924,4,5,0,1,0.039,0.0855
Resilient_hab_FAIL.db,29,19.35815837,25.40737073,20.67203302,21.08921742,28.88311787,15.53602211,16.92792182,27.77359604,17.7320304,17.87921886,31.28905501,28.5984018,34.34842571,64.48187005,29.1944534,23.19849699,30.40753147,34.48719678,22.85871869,17.44288744,24.69233464,32.16191546,29.64615059,37.56422184,22.61312346,24.15385484,24.0246447,43.24450884,TRUE,0.723192145,0.623968097,0.209030677,2.759520671,0.77079569,2.85821345,0.8815,2,3,0,1,0.028,0.009
Resilient_hab_FAIL.db,30,21.34199597,18.96895047,23.00191979,14.6430591,31.59021295,18.28342869,6.906423181,28.2625039,13.37010846,10.38821715,30.92345897,26.43015037,30.56537227,68.49755248,18.97341575,14.27781484,12.87581677,22.66365563,23.51482992,13.80377223,15.66416162,17.82534885,9.335990319,38.90385461,4.765278861,6.57060244,12.33236272,47.33376807,TRUE,0.501280688,0.597778672,0.338382214,2.897975125,0.626020461,3.557314501,0.9155,5,6,0,1,0.347,0.043
Resilient_hab_FAIL.db,31,35.07039552,18.75576528,36.88112769,17.85388651,54.29118425,33.07396773,11.16255821,40.15282704,23.17730226,21.58748733,37.69730742,31.62111534,26.62597859,78.53020888,14.94107819,15.00071166,8.879733538,17.81890976,27.17949496,18.7271364,14.6307109,15.47904602,7.069077778,51.78423748,7.56387674,7.215589771,15.94174883,73.79741098,TRUE,0.466655452,0.704869884,0.317897265,2.710038832,0.48398486,3.069422767,0.886,13,14,0,1,0.583,0.0515
Resilient_hab_FAIL.db,32,35.56505729,28.48248714,38.58520327,24.57582967,46.96607335,32.09549102,9.869632077,43.95113755,23.91541066,17.35844443,46.02425139,38.21118769,43.87053322,87.56953862,24.42435342,17.10815122,12.80754858,24.21389396,39.20331689,23.1067321,22.15944869,22.68973642,5.319218218,53.69624982,2.238838023,3.970763442,15.11014647,63.16086588,TRUE,0.673279516,0.450865866,0.83632002,2.862538754,0.561366124,3.275773004,0.907,3,4,0,1,0.583,0.0515
Resilient_hab_FAIL.db,33,44.95083784,24.31624322,50.22751648,27.80542285,74.26911008,41.52366264,11.69889363,56.18477214,35.58572361,33.27342263,49.88635201,37.46608337,32.26278232,93.22530073,14.84741345,8.51283221,11.66332737,9.329175564,36.14128835,21.73389739,17.35257758,25.85910867,8.13120715,63.53999227,11.56318463,7.939761751,19.0540807,94.5641892,TRUE,0.654899613,0.907903673,1.94880859,3.83586382,0.229520248,3.855802093,0.733,7,8,0,1,0.673,0.043
Resilient_hab_FAIL.db,34,80.57861776,48.9663437,86.24901929,62.48366227,132.1921282,77.153732,56.95204877,92.83794984,81.40218455,90.25331917,73.80987632,60.29257442,41.53347324,107.4824145,38.81984495,38.98597402,55.57354797,31.10346217,53.63034716,51.25247966,46.20399826,66.42266271,65.16379731,94.27831226,76.75192197,65.59310748,64.28175796,154.9851158,TRUE,0.666282437,1.990983646,1.61640751,3.564595099,0.666394487,4.405820357,0.488,15,16,6,7,0.445,0.096
Resilient_hab_FAIL.db,35,47.45162436,25.62926594,52.15868138,34.82827787,88.12237944,43.69602941,29.08483265,58.95015859,47.99144107,53.90598965,44.9626624,33.67283744,23.39870735,76.35567694,18.62322095,16.82590612,30.44691417,12.87704691,29.84953713,25.38919457,23.05170536,39.27504752,37.56900008,60.33824885,45.16300316,37.03191174,34.84609811,107.4724373,TRUE,0.651159452,1.835638995,1.872832777,4.366815098,0.675481385,4.114209281,0.5725,11,11,7,8,0.3765,0.122
Resilient_hab_FAIL.db,36,38.30708583,16.97137206,42.45873369,23.77864249,74.57486397,36.53896361,19.86272581,46.8314346,35.7798156,40.45208394,35.76102444,26.16717746,15.77417089,67.83791717,10.41804758,10.73736561,17.25210811,6.359278732,23.20193258,18.80726941,14.04496496,25.02449698,24.32395835,50.10538374,31.38742951,24.44530981,23.5742525,93.38462251,TRUE,0.676093404,0.807374317,1.763066586,3.560727145,0.678355504,4.241555268,0.634,13,14,6,7,0.4845,0.201
Resilient_hab_FAIL.db,37,26.25125944,10.11072756,27.86062839,11.00985798,49.37824764,23.78352112,7.301891334,32.04176342,17.81103202,19.4176641,27.59061513,22.03228192,14.17577534,66.60620651,7.528752126,8.464243281,7.813493868,11.25793918,14.38956301,9.864772789,7.700758939,12.74695757,8.775360875,43.4174616,9.591615678,8.017734571,13.50780139,69.692905,TRUE,0.7047776,0.853007138,0.997656434,3.49697456,0.672447533,3.422819213,0.8425,14,15,0,1,0.4235,0.009
Resilient_hab_FAIL.db,38,39.51495207,25.19863,41.96673272,23.19025842,55.83431608,36.73958272,11.79486684,46.05837089,26.46396609,22.02067194,45.09989143,37.64044688,37.00462526,87.41371835,20.34899286,17.18306392,10.61586134,21.39599904,36.04969788,23.14593258,19.51742578,19.54825152,5.460517442,56.99504907,4.928569952,5.511369461,16.74364269,74.3561452,TRUE,0.576253013,0.881876387,0.980142952,4.919181205,0.666974441,2.74765969,0.8995,9,10,0,1,0.645,0.043
Resilient_hab_FAIL.db,39,44.71808977,23.87725788,49.79582706,27.30823047,73.71075757,40.89935877,10.99791874,56.00757362,35.0725237,32.61115283,49.55361394,37.16950513,32.16909421,93.25212669,14.5435992,8.205027286,11.32235366,9.398614151,35.53879039,21.03696211,16.95735188,25.40714756,7.283578578,63.64016205,10.51568198,7.152888807,18.64550085,94.22988441,TRUE,0.696139698,0.889143104,0.774003317,3.292292063,0.688445803,3.498145507,0.7425,7,8,0,1,0.666,0.0175
Resilient_hab_FAIL.db,40,31.19090078,13.12456479,32.02173801,13.8559791,54.44243533,29.90338209,13.94812432,34.64323235,21.79174217,24.57748474,30.02629874,26.02357987,15.27156874,68.3887207,11.27301162,15.49279205,11.53302293,16.96726739,17.05058815,15.29098636,11.53096687,14.50170949,14.4972747,47.17238495,16.01530663,14.3887531,18.98326642,75.27143353,TRUE,0.575245022,0.875123845,0.7089393,3.180167956,0.689167327,3.202085876,0.8635,18,19,0,1,0.4455,0.043
Resilient_hab_FAIL.db,41,20.21895852,32.16013029,21.1354237,24.48564693,22.22097309,17.73482468,21.10604139,26.90379562,17.36936191,15.44351778,34.79934388,33.96956307,44.06583772,66.69780009,37.58105848,31.29742075,33.69874877,44.02548456,30.73826066,24.11859908,31.24569369,34.2678793,32.23084241,37.050505,23.0589835,26.40157195,25.95869467,34.09224385,TRUE,0.575457796,0.074581355,0.683238667,2.284948799,0.875596169,2.025771123,0.9405,1,1,0,1,0.056,0.0995
Resilient_hab_FAIL.db,42,29.25526086,44.14248385,29.4449567,35.04346678,27.47413153,26.13461065,31.96460103,35.63893432,26.18021385,23.56413948,44.91062445,45.13823699,57.6418841,76.58842616,51.09129963,44.50695721,46.30650931,59.18356271,41.62574291,34.96813536,43.64893914,45.63448036,43.65839666,46.53767155,32.79109926,37.4529046,37.00524519,38.79339989,TRUE,0.591198292,0.080600444,1.198305288,2.180630032,0.880644145,0.830912138,0.9825,0,0,0,1,0,0.0615
Resilient_hab_FAIL.db,43,20.69633024,27.64143627,21.67198902,22.44691096,28.14003037,16.91563911,18.47378879,28.54118291,18.31569688,17.84886943,32.92684204,30.78350872,37.52550555,66.19247123,31.91636121,26.11815805,31.73064924,37.94922686,25.31154859,19.63530283,26.92019772,33.00584407,30.39255087,38.79747273,22.75910154,24.98274912,25.20856968,42.1928168,TRUE,0.729094014,0.461687103,0.092855147,1.918325616,0.682493123,2.807834764,0.907,2,3,0,1,0.036,0.009
Resilient_hab_FAIL.db,44,35.34162771,16.26161415,37.3473704,17.07372778,57.97154744,32.31507749,9.445586137,41.54328891,24.11251105,23.10945152,36.59529895,29.32959401,23.38831767,77.42806139,11.52823393,11.35804289,7.582593955,13.39372685,24.59969593,16.00845508,12.0850154,14.93661436,5.802280709,52.2058916,7.480564445,6.309452185,14.95696126,78.26474982,TRUE,0.722027109,0.424434062,0.522393482,1.918732504,0.676877768,3.356704713,0.8545,13,14,1,2,0.578,0.0105
Resilient_hab_FAIL.db,45,18.14473193,26.40347636,18.95801047,20.75114903,24.43199533,14.80074519,17.93393896,25.35013823,16.13963196,15.67582146,30.21411939,28.63958853,36.32964319,61.77087379,31.20837034,25.88642436,30.51808589,37.36757389,24.1147638,18.80557426,25.90819924,30.99301086,29.98626736,34.9423955,22.3382396,24.64058793,23.53876183,37.53861637,TRUE,0.738503871,0.475558185,0.082002007,1.820337825,0.673157447,2.91328557,0.909,2,3,1,2,0.0345,0.054
Resilient_hab_FAIL.db,46,19.0180784,27.76026035,19.6990176,21.99446791,24.9779113,15.60954311,19.55076915,26.15674036,17.22060611,16.90664217,31.1292065,29.80257946,37.60560019,62.46617835,32.90919034,27.67898745,32.50615287,39.4095455,25.01325894,20.0469275,27.46867401,32.62201365,32.07469906,35.85446052,24.20424001,26.61282723,25.22198957,38.03394497,TRUE,0.722593387,0.425136288,0.52242969,1.78312885,0.674264995,2.772906848,0.9125,2,3,1,2,0.0155,0.0485
Resilient_hab_FAIL.db,47,22.81871786,34.63942875,23.70853221,27.65472826,26.12988024,19.50564801,23.97156874,30.35225492,20.99228983,19.69469473,37.3150283,36.13873825,45.98412336,69.24426045,40.19115065,33.44000116,38.37573965,46.63657268,31.91631104,25.75519321,34.02565772,38.88587976,36.79082821,40.42669687,27.53870562,30.65399609,29.92530326,38.48953659,TRUE,0.630534853,0.393843787,0.543631733,1.952703683,0.699000017,2.598171131,0.928,0,1,0,1,0,0.0515
Resilient_hab_FAIL.db,48,23.96943912,34.41217941,24.91547876,28.06986186,28.57150687,20.08717211,23.61846239,32.05706472,22.0822617,20.87204672,38.06139038,36.33067291,45.67050278,70.67433534,39.51983608,32.54056957,38.40984278,45.70332247,31.67853225,25.26574273,33.69341606,39.40753406,36.38471661,42.1256549,27.45456852,30.38102536,30.22053102,41.53818279,TRUE,0.758809801,0.490752967,0.065890028,2.101738512,0.723801604,2.386682775,0.921,0,1,0,1,0,0.0175
Resilient_hab_FAIL.db,49,16.48030731,18.40554835,17.68488563,15.33884618,29.22362346,13.04805728,12.57827133,24.16309682,14.24963036,15.53933474,25.87426883,23.07062408,25.3337285,59.54154009,21.46386444,17.43784036,23.83165433,26.97593014,16.13194765,12.19087074,17.89497085,25.44935322,24.35626884,34.35235298,18.894107,19.60514535,19.57556036,44.8503887,TRUE,0.768029259,0.532700731,0.100171438,2.261292859,0.746948263,3.547544136,0.8685,5,6,0,1,0.068,0.009
Resilient_hab_FAIL.db,50,16.73510187,15.77157753,18.069825,11.7599651,27.76720448,14.03508384,6.998210775,23.23383331,10.71487354,9.61895021,25.72173822,22.33502782,25.10418203,61.47983686,17.13387818,13.54972567,14.02134354,21.94590624,17.76072336,10.93442744,13.70850572,17.1881651,12.6821094,33.93190306,7.945901514,9.308584351,12.51752623,43.42830349,TRUE,0.794059337,0.579320314,0.140198053,2.391328119,0.357466076,3.584687515,0.9025,6,7,0,1,0.2515,0.0515
Resilient_hab_FAIL.db,51,16.58148988,14.33817508,18.09557617,11.47876496,30.08965125,13.31022945,6.416424926,23.94724891,11.45706525,11.1741877,25.03147456,21.03014905,22.6510399,60.98514911,15.34984339,11.52435901,14.42183846,19.72516857,15.53597924,9.182858389,12.4580051,17.94677291,13.38040394,34.35693495,9.154795582,9.88964858,12.86025757,46.44488555,TRUE,0.77618506,0.55972099,0.068965597,2.475657979,0.784667741,3.746470195,0.8785,6,7,0,1,0.22,0.0175
Resilient_hab_FAIL.db,52,15.95058599,16.55501954,17.24607585,11.52611103,24.94164026,14.08717064,7.412106981,21.60019329,9.512293613,7.91812347,25.52456052,22.77211439,26.41911344,60.66023174,18.2759504,14.95502854,13.42446397,23.29748725,19.15786603,12.18033975,14.394807,16.195656,12.35021236,32.34599361,7.237925171,8.963031021,11.87804076,39.7559399,TRUE,0.8076984,0.681855455,0.074765715,2.602201715,0.61122895,3.610525723,0.9165,6,7,0,1,0.276,0.1025
Resilient_hab_FAIL.db,53,24.50890534,6.389202717,25.91054197,10.11466512,53.90393775,22.35468691,11.58100546,30.04678943,20.06452067,25.90942854,22.03788691,17.06927713,4.840376367,56.80269538,4.631488025,8.329201858,12.05662868,8.602402978,7.147633169,7.879302503,5.991321619,14.6562842,18.20138007,39.69906145,21.19169572,17.3302199,17.48559192,74.64285608,TRUE,0.772539442,0.611139027,0.064395983,2.396997259,0.777013903,4.521024272,0.77,17,18,2,3,0.3035,0.039
Resilient_hab_FAIL.db,54,15.38410543,14.69911577,16.22649827,12.34562051,30.09382433,12.52980214,11.98869604,21.92583063,12.89348392,15.50520164,22.52444891,20.30878253,19.5558178,55.96293076,17.82691763,16.04183212,21.41168246,24.2661767,11.97104501,10.18043816,14.77605701,22.04813717,23.59281384,32.70112974,19.15912592,19.32921108,18.65148587,46.5843683,TRUE,0.772868685,0.632062856,0.134710667,1.963464727,0.785319827,3.439346296,0.8655,8,9,0,1,0.0775,0.0175
Resilient_hab_FAIL.db,55,21.03645996,30.950041,21.96325983,24.68308414,26.07746255,17.70283386,21.2029067,28.55682789,19.07636275,18.25284767,34.53513032,33.07643322,41.47941334,66.81410159,36.04256798,29.85206701,34.96366939,42.35885288,28.32836867,22.59598626,30.35857286,35.65625318,33.76034124,38.68913837,25.21988743,27.90533343,27.33864534,39.06665773,TRUE,0.753676439,0.420059781,0.070428495,1.869231999,0.775524869,2.773285539,0.918,1,2,0,1,0.014,0.043
Resilient_hab_FAIL.db,56,16.40075396,22.52880932,17.49176763,18.21661692,25.44387888,12.52871315,14.73944465,24.36886909,14.95898138,14.90868576,27.36767685,24.80577139,31.8116463,58.57168864,26.45002905,20.99131871,27.12847856,31.48098664,20.54764965,15.01364543,21.89000328,28.30140835,26.91029163,32.88796729,20.4069038,21.91693577,20.52313145,38.91504498,TRUE,0.639040941,0.410350854,1.29272685,1.976969091,0.782345827,3.06891898,0.879,2,3,2,3,0.0455,0.0445
Resilient_hab_FAIL.db,57,21.1677136,5.4612776,22.67806315,7.276239348,46.27998149,19.6760876,7.393220914,26.09643957,15.06110297,18.72507873,20.57438079,15.88357324,6.727930885,55.59222933,3.682434091,6.47427712,6.645617397,7.361706075,8.458441488,6.79893325,4.18722547,9.815130377,11.32350464,35.71026999,13.36583229,10.58907557,11.91860174,65.62166698,TRUE,0.811232994,0.729676921,0.051505693,1.970426828,0.789268275,4.188827531,0.8035,16,16,2,3,0.3785,0.094
Resilient_hab_FAIL.db,58,20.5150674,4.962186971,22.78866306,7.396349427,46.74151094,18.41921487,4.786626712,26.97119104,15.14307051,17.99585592,20.82986402,14.55840914,7.255620995,55.4967838,1.967914914,2.748411623,4.770366038,3.326429584,9.125151641,5.233430017,2.836438124,9.64348099,8.583906987,34.85854578,11.09669011,7.843067914,9.409071506,65.48653553,TRUE,0.830166775,0.734315132,0.332184857,2.285588408,0.782920093,4.346072157,0.7715,13,14,3,4,0.403,0.104
Resilient_hab_FAIL.db,59,71.30234804,39.69538702,77.15629537,51.46482694,120.0296093,68.40188552,43.40341081,83.28686166,68.92429352,75.94357212,67.05160535,53.57414442,34.32597531,105.8360709,28.99036334,28.18115155,41.95653014,22.14716862,45.83477637,41.51000572,35.85589157,54.34581056,48.57785839,87.97205351,58.5733317,48.73210784,52.11336576,144.0192832,TRUE,0.610058269,0.801962519,1.261454968,2.500863392,0.840696711,4.474067571,0.542,15,16,2,3,0.5155,0.0515
Resilient_hab_FAIL.db,60,38.05574525,15.48380689,42.39227376,20.92359344,71.84278128,34.85184149,11.01224835,48.23514087,31.37747845,33.43935658,39.33368004,28.70663611,17.88508255,80.52782872,7.923247059,5.277911276,11.62404655,5.102170321,22.58094824,14.61803414,11.06857854,22.48767111,12.49418956,56.37087199,16.88027983,11.95663998,19.1130845,93.67610499,TRUE,0.599655917,1.117554946,1.272906457,2.610663932,0.89895877,3.804846281,0.7065,12,12,0,1,0.52,0.009
Resilient_hab_FAIL.db,61,41.4896969,19.89554186,46.45134937,27.36393588,80.41033846,39.03070652,20.48904865,52.46621003,39.31003651,44.88171583,42.11595221,31.5603754,17.53416044,80.3843158,12.85066879,10.65367634,22.93221247,9.196009701,23.57646581,19.3997124,16.83353717,32.84696633,27.98925827,59.25174869,33.37674792,26.30052041,29.17737453,102.2416681,TRUE,0.600073671,1.311500378,1.369005513,2.694654227,0.888853865,4.042155703,0.6265,12,13,0,1,0.3885,0.0515
Resilient_hab_FAIL.db,62,41.11692148,14.99748448,43.63556486,20.57542243,76.15828734,39.98503367,19.60922395,46.70151592,33.76703689,39.39374382,36.84174789,29.71989346,12.19292731,75.99789677,9.606215833,14.02742496,15.63473006,11.4171326,19.52670057,18.77331821,12.96139807,21.58322505,21.41390468,57.30661624,27.1162076,21.82516969,25.99287726,99.35480284,TRUE,0.607415385,1.210830736,0.47938128,2.684328462,0.860629565,3.993740444,0.74,20,21,0,1,0.494,0.0515
Resilient_hab_FAIL.db,63,22.88431419,8.199755573,25.76807604,11.96492513,52.61675463,20.19862429,8.837837648,31.46768416,20.11618934,25.01814123,24.85267362,18.05967392,8.039224459,61.39827657,5.47180922,4.659452637,13.45358605,6.813237533,8.897485272,6.737321519,6.766940344,18.94552568,17.70963103,40.48418058,19.44437026,15.30664455,16.78719626,72.95112752,TRUE,0.637281943,0.490660398,0.270936251,1.713624808,0.757578643,4.528963269,0.7325,12,13,0,1,0.2615,0.0175
Resilient_hab_FAIL.db,64,11.12909283,8.531729549,12.37527816,6.918467646,27.33872362,8.50816677,5.902516775,17.6593244,8.425928774,10.56968733,17.06616592,13.89938237,13.60017727,49.19389632,10.38026838,8.737778688,12.94844664,15.01694676,7.928421144,4.930458137,7.964290759,14.4619208,15.62798322,26.56900289,12.76427825,12.22927864,11.09974909,43.18986925,TRUE,0.665685413,0.516224369,0.371948677,1.741513281,0.750666304,3.936685783,0.8395,8,9,2,3,0.16,0.077
Resilient_hab_FAIL.db,65,26.50308672,7.622435644,29.05784702,11.08286529,55.61112156,24.38000171,7.740984831,33.39418002,20.27281901,23.71983332,26.27769157,19.36915672,8.761053249,63.83183353,3.645246948,4.675201089,7.516178101,5.034608499,11.84974773,8.302445472,5.304349867,13.5048972,11.0310154,42.6737946,14.11785916,10.36098749,13.86247508,76.24407486,TRUE,0.674090843,0.490294287,0.324643266,1.710296966,0.731888687,4.010061328,0.7635,15,15,1,2,0.4245,0.0535
Resilient_hab_FAIL.db,66,28.24522418,9.159168627,30.8452455,14.86309273,62.51205735,26.79160776,16.29771696,35.03496141,26.24418384,33.57273299,25.49725765,19.25613318,5.14546559,58.781911,6.137572529,9.182578169,16.49270738,7.476711617,9.951982443,11.18972994,8.677693256,20.40668611,25.05037937,42.55855526,29.75387698,23.85294377,22.00097943,83.0291888,TRUE,0.641873423,0.606926866,0.504180087,1.614694658,0.773169273,4.476124751,0.6915,17,17,3,3,0.3005,0.1055
Resilient_hab_FAIL.db,67,18.09881746,7.153704047,19.37301144,9.303560453,43.73871335,15.88566247,11.65379985,24.25656654,16.20252046,22.39672947,18.99475943,15.37140906,6.017935705,52.23674105,7.786228827,9.758619845,16.60766405,12.86360367,4.748561807,6.441280882,7.695534611,17.76609924,22.92610845,34.14401558,23.25876009,20.20789858,18.30202987,63.02976167,TRUE,0.65911534,0.634422962,0.472269179,1.683625499,0.776108824,4.389714793,0.7805,14,15,1,2,0.1475,0.034
Resilient_hab_FAIL.db,68,23.18745129,5.892239593,25.4808362,9.809720536,53.40916233,22.21275968,10.93819015,28.83775408,19.61299532,25.24466966,21.23541802,15.6113938,4.09816975,54.19711168,3.188849324,6.272688198,9.753956794,4.920782545,8.282214773,8.073570893,4.894397474,13.32009659,17.20647962,36.54418721,21.15572829,16.38252154,15.25336123,72.76498129,TRUE,0.649668518,0.692812939,0.478347932,1.96775959,0.774435259,4.152565502,0.731,16,17,3,4,0.3595,0.147
Resilient_hab_FAIL.db,69,14.39868091,4.645508278,15.96021757,5.162119875,36.66171752,13.08097393,5.894945979,19.82681158,10.48704031,14.46823084,16.72897051,13.01556122,6.063907715,50.5074298,4.6289644,5.914379135,8.689339946,8.922959062,5.170423929,4.243215334,4.016285813,10.84132021,13.63475085,29.61522891,13.58648162,11.33341789,11.01082642,54.77312469,TRUE,0.525825762,0.699269104,0.483161901,2.165081655,0.768924453,4.236042008,0.807,13,14,1,2,0.2575,0.1015
Resilient_hab_FAIL.db,70,12.06722253,4.629349781,12.41010642,3.826681605,30.98004943,11.60584474,9.193567235,14.96970456,8.409027921,13.03651301,12.78681587,11.50577944,5.50942697,42.88355994,6.84916352,10.89842186,10.28765585,13.49683485,4.043073812,5.715583203,5.280335611,9.049454277,17.35996193,24.56830995,16.95320708,15.38368925,11.93395684,47.63280939,TRUE,0.528485544,0.745137119,0.501519459,2.162417892,0.756984674,4.270658147,0.841,15,16,3,4,0.223,0.1665
Resilient_hab_FAIL.db,71,15.03823413,13.40731967,17.12173675,10.23006216,28.13345202,12.37845865,4.001128708,22.56252842,9.66509421,8.578248331,24.45883631,19.93650362,22.45964056,60.39474884,13.67494856,9.008653864,11.12822662,16.75273011,16.10277887,8.338191608,10.82412288,15.69710429,9.885357733,32.31609411,5.833420665,6.417216259,9.759919994,43.79066051,TRUE,0.568050331,0.350136641,1.083434649,2.328207072,0.752455936,3.543081306,0.8685,5,6,0,1,0.2725,0.0685
Resilient_hab_FAIL.db,72,19.69703972,8.031323337,21.90051739,8.078588381,40.44215988,17.04148093,2.421875654,26.68817872,12.67094838,13.03574343,23.74995106,17.68596588,14.09585511,61.06596002,5.616614715,3.944626479,4.78676784,7.684579599,12.74908748,6.049371735,5.112134673,10.47594963,5.000867996,36.21527802,4.845143014,3.536582921,8.053928837,58.73067457,TRUE,0.562246323,0.928685043,0.739224398,2.290947945,0.769500465,4.217237405,0.8285,10,11,1,2,0.4015,0.0535
Resilient_hab_FAIL.db,73,70.56519309,40.17883479,76.75085111,51.03711358,117.071857,68.10804469,41.56686054,82.40308233,67.29344687,72.6221666,67.31807896,53.51163526,36.8989747,105.4913831,28.931052,27.23429429,38.65263145,20.89305411,48.65100591,42.03562192,35.47059245,51.91432474,44.48835286,85.9762448,54.45563396,44.99334145,48.75496181,139.676227,TRUE,0.485472946,0.821643959,0.69772257,2.316437371,0.747884848,4.192269834,0.5485,14,14,3,4,0.5925,0.115
Resilient_hab_FAIL.db,74,37.2664161,12.87956691,39.61954976,17.69982056,70.35975348,35.89273974,16.35942278,42.90164483,29.83031919,34.8600372,33.92001939,27.08945753,11.14549195,72.99373563,8.014966031,11.86684028,13.2393303,10.18903326,17.2389341,15.95814693,10.83280335,18.95595327,18.27357058,53.63511041,23.14008938,18.45610809,22.7514839,93.08139669,TRUE,0.49690615,0.869557744,0.687937139,2.310258523,0.742331769,3.860241177,0.7565,19,20,0,1,0.477,0.043
Resilient_hab_FAIL.db,75,12.48799131,3.142003342,14.06801941,2.871298232,32.72875353,12.21985326,4.221987045,16.497792,7.752204407,10.42383069,13.90155337,10.34195846,5.918366422,44.67133204,2.689960698,4.798287343,3.133167102,5.800647315,6.587918024,4.275701583,1.90321346,5.054143765,8.877389841,24.11831146,9.871863152,7.661642899,5.993961667,48.71420437,TRUE,0.474978537,0.735021943,0.40967481,2.775568426,0.719183635,3.901667725,0.8085,13,14,4,5,0.3685,0.228
Resilient_hab_FAIL.db,76,20.77414341,29.85075435,21.45724304,23.45878455,25.60105453,17.59552949,20.54650211,27.69781321,18.13192428,17.29954193,33.61140155,32.44673636,40.30284357,66.10548515,34.99207836,29.57783913,33.41494557,41.83250737,27.47357047,22.05634486,29.31600396,33.77642942,32.27274117,38.25139231,23.8887548,26.72123426,26.42342845,38.82359426,TRUE,0.525710929,0.678594225,0.397363919,2.848472094,0.597480644,2.663656972,0.9295,2,3,0,1,0.033,0.043
Resilient_hab_FAIL.db,77,23.47536588,35.13633629,24.3176525,28.16237699,26.75206707,20.02820794,24.34874154,31.04889058,21.53111041,20.16914265,37.92395937,36.71580817,46.60108143,70.01385572,40.67968198,33.91050647,38.83534521,47.19921063,32.41469182,26.17534217,34.50974251,39.36463449,37.06227508,41.20090246,27.77979071,30.96252176,30.40601368,39.20599985,TRUE,0.53739218,0.596972618,0.388229074,2.840434362,0.613099949,2.224598308,0.9305,0,1,0,1,0,0.043
Resilient_hab_FAIL.db,78,23.59082643,15.46503791,26.63146434,13.77491751,40.22501121,20.29865645,2.622616864,32.32120223,15.33223765,12.37762925,32.0637553,24.64934339,26.12522745,71.62001854,12.13958602,6.346427673,6.963453451,12.34079579,22.58005797,10.82111333,10.77515513,15.369809,3.17061582,41.6194871,1.199056409,1.156438439,8.813075226,57.35303301,TRUE,0.562822841,0.525832418,0.37792862,1.443467828,0.606473012,3.722489837,0.8495,5,6,0,1,0.4555,0.043
Resilient_hab_FAIL.db,79,14.77861886,21.37974108,16.17020882,15.67281228,21.3842803,12.10812491,11.21111986,21.83878382,11.31018109,9.694019258,26.94421405,24.47910301,32.20553858,59.4278453,24.66812541,19.02627622,21.40090623,29.34064528,21.78465337,14.55189499,19.78159862,23.4589334,20.28191103,31.03302599,13.47636344,15.56127675,15.95643297,34.33762747,TRUE,0.652529494,0.361356578,0.367508499,1.459297233,0.648883775,3.356676688,0.9035,2,3,1,2,0.1455,0.1025
Resilient_hab_FAIL.db,80,15.6862147,10.18228207,18.21664302,11.24180131,38.27687498,12.43219531,7.774383998,24.80726191,14.84524094,18.27582314,21.72938342,16.25269389,13.19853829,55.35954176,10.06326545,6.643735009,16.5946763,12.08669815,9.162082199,5.801552685,9.182973526,20.62052329,19.64366874,32.81209596,18.18646101,15.78204367,15.13164626,55.58441558,TRUE,0.669164721,0.387626615,1.050704677,1.506344898,0.808709089,4.559670304,0.765,7,8,1,2,0.1395,0.0365
Resilient_hab_FAIL.db,81,24.85809127,9.066422298,27.89172236,14.3177204,57.74493571,23.10258483,14.30001203,32.74687478,24.16876151,30.82610153,24.16093958,17.51642598,6.276928969,56.36986318,6.25485763,7.272079484,16.44142815,6.476302535,9.729968812,9.600019393,8.334424183,20.87583389,24.43997863,39.05705698,28.33855954,22.5866412,20.00343125,76.98820822,TRUE,0.664003594,0.370845714,1.56571263,1.922704846,0.8025561,4.472446335,0.6785,14,14,3,4,0.2655,0.123
Resilient_hab_FAIL.db,82,13.39739271,15.94569807,15.74724289,12.13498446,24.17956871,10.33542502,4.927216342,21.84484839,9.658190677,7.644716022,24.59337504,19.89200467,26.76657733,57.81258719,16.7814856,10.18533362,13.61545011,18.61438165,18.76118507,9.443421793,13.24122097,18.23786686,12.15219069,29.31905533,7.381365541,8.214301178,9.666703658,37.65409193,TRUE,0.651729365,0.19474125,1.03444215,1.232352972,0.595554105,2.640220082,0.8555,2,2,2,3,0.2375,0.113
Resilient_hab_FAIL.db,83,30.00642846,19.32040923,32.53705146,17.0082067,45.44488527,27.34605189,6.629681845,37.02617942,19.05400861,15.33087075,36.96189435,30.13377133,30.61175192,77.58075439,15.69123905,11.76659863,7.641076935,16.91719031,28.30860063,16.38982587,14.3345126,15.75825221,3.493972244,47.37678023,2.031886767,2.54892029,11.67931251,63.01393243,TRUE,0.645024958,0.197943712,0.366131596,1.081992184,0.662110486,2.98530922,0.8865,8,8,0,1,0.553,0.06
Resilient_hab_FAIL.db,84,18.76129753,6.387603823,21.33467961,7.114669731,41.56101968,17.02627871,2.677200054,25.47995321,12.55788711,13.9442885,22.14592753,16.04893202,10.6824243,58.59825008,3.624106677,2.65011623,3.92059177,5.061897718,11.06158673,5.459499209,3.635382631,9.600079501,5.935262646,34.49990414,6.698376081,4.45084528,7.794490532,59.81449165,TRUE,0.675904292,0.305758318,0.374797732,1.090950188,0.673335522,4.304864657,0.7995,11,12,1,2,0.41,0.1045
Resilient_hab_FAIL.db,85,15.5785834,16.53545456,16.95486472,12.63367455,26.67847614,12.63403558,8.312817148,22.65981513,11.11716454,10.67139684,25.27029245,22.08110594,25.33742007,60.10040742,18.59604364,14.42347988,17.21852375,23.4824021,17.00422109,10.90313324,14.96111184,19.91954804,16.40365282,33.00509955,11.14724738,12.36858676,14.31269585,42.00984541,TRUE,0.621819164,0.308345487,0.350075213,1.104365111,0.665573347,3.696849729,0.89,5,6,0,1,0.18,0.043
Resilient_hab_FAIL.db,86,17.3910851,20.90689432,18.92915187,16.37278832,26.35438463,13.61695526,9.981420211,25.49011774,13.33482808,11.54510398,28.76811811,25.06602911,31.94229337,62.92867375,23.06802111,16.91910785,20.51602909,27.07687813,21.84093695,13.64086029,18.87471904,23.81036992,18.18929125,34.71207115,12.09305668,13.89420785,15.88960235,40.52446495,TRUE,0.694936727,0.463374395,0.373228306,1.748160456,0.674855226,3.443164891,0.8935,2,3,1,2,0.168,0.0375
Resilient_hab_FAIL.db,87,16.54063447,22.3593507,17.8685579,17.81881779,25.45600141,12.96935169,13.55874695,24.53830657,14.40060007,13.95689019,28.10756236,25.33213298,31.93816001,60.5645937,25.83965989,20.06139448,25.63733947,30.66621019,21.01571642,14.88653121,21.32902963,27.49449295,24.89149918,33.64478051,18.2670024,19.85656825,19.59948905,39.21691139,TRUE,0.606239503,0.596609566,0.626343882,1.795803722,0.681783973,3.416295091,0.8835,2,3,1,2,0.0745,0.0455
Resilient_hab_FAIL.db,88,30.14947352,9.931205128,32.10897999,12.79092558,58.41152415,28.57868026,11.00821245,35.5316547,22.37072563,26.00909733,28.89757701,22.95741478,10.58445733,67.55570995,6.342576126,9.17934841,9.287395101,9.432225744,14.10560141,11.75502905,7.863153214,14.30273521,12.89729786,46.59276064,15.87545935,12.60417976,17.0298202,79.85301526,TRUE,0.729785425,0.627666445,0.660465972,1.919182026,0.698764691,4.068343029,0.797,17,18,0,1,0.449,0.043
Resilient_hab_FAIL.db,89,35.14946212,12.47051745,37.18381975,19.9387673,72.56500014,33.5066093,24.27505868,40.82918547,34.0592126,42.70319054,27.77928944,21.50886551,6.583400199,56.75997045,9.201298857,15.02575487,21.27497461,10.07282638,13.67604862,16.62540555,12.64964042,23.60189695,32.5253952,45.71238009,39.90785716,32.85186337,27.6975349,92.54387305,TRUE,0.728778322,0.700216213,0.685015302,2.069695351,0.71624079,4.664421949,0.659,19,20,7,8,0.33,0.1595
Resilient_hab_FAIL.db,90,50.01843192,22.0818079,54.52731841,28.76777695,87.43874981,47.764125,19.73614833,59.0983072,41.8886291,44.63763727,48.4776686,37.32447872,22.60525398,90.53719362,12.91097961,12.44515397,16.39762977,9.563010286,30.92761135,23.69906083,17.29260413,27.81131919,18.51064646,67.52441745,25.11407433,19.14832609,27.14452721,110.5287835,TRUE,0.587683905,0.904688377,0.727359909,1.800565573,0.476718894,3.93638778,0.69,15,16,0,1,0.627,0.043
Resilient_hab_FAIL.db,91,39.13853368,15.33108141,43.16419092,21.02243227,73.36147154,36.37354049,12.85100153,48.1717689,32.39289054,34.77134208,38.39272756,28.09054747,17.0905591,77.45267595,7.732897198,6.731687223,11.08559256,4.865186949,23.11239738,15.88938364,11.10727886,21.00804979,13.31879927,55.28392964,18.84917622,13.58695964,19.28677743,94.6229669,TRUE,0.592616134,0.916602396,0.781779666,1.678924902,0.48640521,4.180493545,0.7015,13,14,2,3,0.558,0.062
Resilient_hab_FAIL.db,92,45.67926937,18.60106386,48.00790677,27.37145114,85.19290557,43.4961285,29.80327152,51.46220552,43.35671415,50.61751986,35.65053682,27.55781202,14.10149989,62.98911893,13.09135616,19.18505265,22.91067275,11.31015183,23.72163386,23.93642835,17.56955514,26.73971222,33.78929347,53.34332147,43.79783056,36.02858326,31.02592012,104.4694042,TRUE,0.593073515,1.63145394,0.841602723,1.591065014,0.483941382,4.467728589,0.6325,19,20,11,12,0.4805,0.213
Resilient_hab_FAIL.db,93,17.32958264,22.78202692,18.14814282,17.618961,25.25867481,14.37543535,15.11645332,24.03619412,14.23003798,14.15532337,28.30866856,26.62568323,31.76048801,61.42560064,26.9306958,22.66319191,26.24670797,33.38937566,20.98719481,16.23395344,22.16997404,27.04355874,25.91511337,34.6547111,18.97102066,20.97463121,21.04010546,39.53409685,TRUE,0.595486451,0.573379684,0.628634231,1.980070307,0.682580087,3.063171292,0.911,4,5,0,1,0.0765,0.043
Resilient_hab_FAIL.db,94,21.61932765,12.84644723,23.10519836,10.58749846,37.23414949,19.35592269,5.602238231,27.26414787,13.00603063,12.16877884,27.04375741,22.52637668,20.78693747,65.02876259,11.83521612,10.49290217,8.006347002,15.9498545,17.52896047,10.63443533,10.03539633,12.50318778,6.991213529,38.49086019,4.984206731,5.324980301,10.78795198,54.94396747,TRUE,0.60715474,0.575028916,0.283799962,2.226042848,0.676125572,3.534844108,0.8905,10,11,0,1,0.4005,0.0515
Resilient_hab_FAIL.db,95,15.8967051,9.201739721,17.59923928,7.78564802,33.28266957,13.38641234,3.928923502,22.57347179,10.23123023,11.09723512,21.83710497,17.43752787,15.25942151,58.18050578,9.033097256,7.086060429,9.083498901,12.977538,11.22395428,6.111971102,7.300862655,12.91765537,9.664483858,33.04086351,7.404244421,6.97137868,9.994032979,50.78557364,TRUE,0.608821416,0.585288554,0.28534964,2.273849117,0.690810123,4.281241271,0.8535,9,10,0,1,0.283,0.043
Resilient_hab.db,0,52.46770406,21.90761529,54.28981055,30.55535594,93.26042884,51.6146192,35.60484787,56.35882137,47.9765898,56.71755505,41.09189636,34.3450198,14.79187284,72.26032911,16.63599138,25.6186949,26.96244076,17.65241443,26.03664902,29.31115403,21.46156544,29.95057229,38.63024024,62.32013638,48.61043284,40.92297155,38.13370617,115.2293529,TRUE,0.15,3.5,0.2,3,0.15,4.43724739,0.6675,24,25,7,8,0.497,0.1705
Resilient_hab.db,1,46.40877091,19.91122022,48.8342364,24.31516163,75.71027798,42.43293936,16.03998447,53.09185957,35.73835376,34.87696314,41.98399253,32.05679525,26.28931455,78.25353692,12.20750582,13.39839899,9.05674475,10.01557455,32.03696814,21.87905572,14.94993749,17.66792389,9.174807449,58.22412625,15.81020146,12.33679593,18.47489109,95.22532101,TRUE,0.302458072,1.859655152,0.312348402,4.817122782,0.181480508,3.989980562,0.772,14,15,8,9,0.726,0.092
Resilient_hab.db,2,46.6792956,18.46144923,50.01448249,25.17178442,83.11339288,44.3745128,20.01325012,53.86281858,39.0298916,42.48353332,41.82008914,32.06202533,18.38970611,79.35660338,10.6335708,13.00352866,14.35612918,8.549798781,26.9197798,21.68731914,14.76035112,22.89795495,18.59564292,60.61006934,26.18158061,20.29751138,24.81589746,104.9184854,TRUE,0.312895624,2.79517751,0.171873557,5.687049601,0.068542675,4.263146094,0.7005,17,18,4,5,0.6175,0.094
Resilient_hab.db,3,72.38110552,35.91295858,73.82492168,48.20222427,120.6406514,70.69137554,56.51586996,76.40067234,70.07563606,82.09315447,55.63595844,48.4021978,24.43281213,84.00259315,30.24294161,42.08900331,46.61895547,31.06657417,38.29096459,45.17331514,36.82882262,48.36138191,61.81049354,80.44933197,74.9351297,65.09270407,58.94029947,143.9643847,TRUE,0.142827286,3.636490385,0.410482391,2.304153278,0.053641809,4.607342584,0.6035,28,28,10,11,0.45,0.1475
Resilient_hab.db,4,51.40910943,22.92505977,52.0640574,32.35196056,92.64456569,50.4625357,43.50820834,53.98947971,50.50173189,61.92000555,36.76513307,32.02073734,13.04570772,60.91205952,20.27796884,32.12105132,34.82006354,22.8030295,23.77658867,31.49246725,24.80413393,33.63709912,50.8965924,57.30368669,61.67574739,53.29337203,43.72803916,112.8326387,TRUE,0.145209445,4.044011943,0.573341384,2.771142617,0.12001389,4.528115381,0.6435,26,26,12,12,0.3625,0.23
Resilient_hab.db,5,37.58921006,12.1310804,38.82313218,17.90314986,70.10271045,35.59871268,20.24847163,41.33134718,31.49407139,36.15419179,28.43178887,21.94987496,11.3280719,57.34486482,7.722525312,14.57930136,11.66280691,8.416547393,19.00433227,17.65472942,10.687542,14.52824501,19.91833416,45.28738285,28.08326295,22.75912533,20.28029289,88.81135182,TRUE,0.250873391,3.555975184,0.214826825,5.549739042,0.150444565,4.303389938,0.7285,20,20,11,11,0.554,0.2045
Resilient_hab.db,6,40.56795194,13.43698942,41.82190238,20.78107054,75.96329357,37.74634912,23.39094206,45.04255071,35.86443003,41.4254406,29.71517254,22.52279184,11.59866546,56.91590139,8.68154956,15.74585066,15.04710753,8.520082944,19.80986599,18.97582382,12.31454897,17.82300777,24.23931954,47.33804838,33.62846737,27.42334688,23.36890918,94.72929994,TRUE,0.367147459,2.87738853,0.443250357,3.058330847,0.129951205,4.173215041,0.6935,20,20,13,13,0.529,0.1935
Resilient_hab.db,7,42.74301562,18.392971,45.42453668,22.12506174,70.85055864,39.19565165,13.57120262,49.60185389,32.43976753,31.38512057,39.9023909,30.19283835,25.04392835,76.41653973,10.99818242,11.37720725,7.479297776,8.740110448,30.21833276,19.84666569,13.36171616,16.25497157,7.47760284,55.04550551,13.30664782,10.02657302,16.20129191,89.95031514,TRUE,0.262049692,2.145726229,0.163526789,3.71117048,0.033071898,4.058329843,0.774,13,14,7,8,0.707,0.1075
Resilient_hab.db,8,81.02501302,41.95126054,82.25570708,55.51464431,131.5957864,78.74066137,64.43714591,85.0577444,79.0542055,91.66974124,61.98568802,54.30598819,29.68849881,89.03035038,35.85632438,48.67464755,53.51705658,36.28848582,44.50299723,51.87598056,43.08278715,54.97878605,69.47928364,87.91203951,83.9862354,73.52036466,66.37430735,155.1458219,TRUE,0.191921375,2.462566553,0.418589883,1.580352474,0.185143084,4.623229573,0.5845,29,29,12,13,0.4615,0.142
Resilient_hab.db,9,31.58953488,9.05770707,33.14754474,13.44946666,61.43182022,29.70370909,13.83364362,35.9624884,24.97982317,28.54751788,25.56257788,19.13811188,9.837410304,56.763099,4.910843923,9.842307113,7.347988759,5.815822835,15.80500868,13.0720994,7.133937995,11.08597163,13.73569068,41.36731989,20.0596153,15.63573137,15.09303394,80.11090045,TRUE,0.295613852,4.600179579,0.174640125,4.216147117,0.102284359,4.055433117,0.752,18,18,8,9,0.536,0.1785
Resilient_hab.db,10,30.08377461,9.251218834,31.01738296,14.94242127,62.88493396,29.44389121,22.73799491,32.97111269,27.94189703,35.83628293,21.11980061,16.89592001,4.504754281,46.3389781,7.528677156,15.86087149,16.24818167,9.954716636,11.55970835,15.24545827,9.961877348,15.94043664,28.7930269,36.93168828,36.16244315,30.0956842,22.58713342,80.71682479,TRUE,0.154350538,4.214863836,0.255606261,2.963266768,0.136376816,4.358231956,0.7025,21,21,10,11,0.377,0.2605
Resilient_hab.db,11,51.37804183,21.91214899,52.7100403,30.86259376,92.60693467,50.67629117,38.90155906,54.66321063,48.60567951,58.92574753,38.86038706,33.18826766,13.00064519,67.55778484,17.96514977,28.2821599,30.73956779,20.02350907,23.95960154,29.78778227,22.64946912,31.77772125,44.49932785,60.16668049,54.56375589,46.5416191,40.97412418,114.1887097,TRUE,0.174760927,4.680819845,0.455807678,3.685165661,0.147414836,4.408791131,0.658,25,26,8,9,0.418,0.1855
Resilient_hab.db,12,40.10261999,13.34850845,41.83637857,19.97537963,75.38257469,38.21300097,21.6585576,44.67606499,34.44350709,40.12312939,31.49190774,24.43311127,10.90399101,62.75517599,8.335605984,14.72599874,14.42189659,8.852543295,19.17725287,18.57154181,11.89105307,18.20150131,22.71784567,49.97045901,30.91038854,24.95431847,23.68325717,95.63775342,TRUE,0.114930359,4.70821288,0.578376363,3.024432438,0.111907613,4.240864309,0.709,20,21,8,9,0.525,0.1595
Resilient_hab.db,13,67.47977498,33.59096336,68.40566797,45.24628412,113.8248489,66.15310769,56.07607447,70.50852954,66.35760598,78.78670781,50.19853621,44.17182032,21.89729202,75.16603125,29.31790966,42.12728367,45.84045331,30.82541652,35.12548668,43.26964971,35.28917245,45.64409083,62.59747372,73.39214865,75.52291863,65.86153862,56.83504323,135.5888017,TRUE,0.119773399,3.758675626,0.567377436,1.966454235,0.191239282,4.348093473,0.6075,28,28,12,13,0.409,0.204
Resilient_hab.db,14,39.17020031,14.11379596,42.02232338,21.19758971,74.84444921,36.34555643,18.67343612,46.24887535,34.64960024,38.86244154,32.91905146,23.84285863,13.80854202,63.92903979,7.809289952,10.6490961,13.37236686,5.235386716,21.38002137,17.2545415,11.51526719,19.6835302,20.05315683,49.17968227,28.19893293,21.90117668,20.99815,93.95789643,TRUE,0.213697939,2.633830611,0.563191874,3.609215497,0.142837769,4.415155288,0.6705,16,16,9,10,0.539,0.168
Resilient_hab.db,15,80.72102275,43.79428871,82.58440937,57.84524466,132.3867673,78.39747864,66.22715531,86.02299264,80.92279804,94.11521117,63.03977498,54.84839184,30.90733365,89.01022442,37.72915105,49.04133978,57.30713068,36.91884867,45.34794777,52.71137149,45.03190338,59.25864168,73.96580056,87.73411329,88.28947362,77.1646241,68.62617864,155.3103479,TRUE,0.263097611,3.634540403,0.591019044,2.177468708,0.099873072,4.583426513,0.5475,27,27,12,13,0.403,0.159
Resilient_hab.db,16,34.61901052,10.57245211,36.05490622,16.28844639,67.5243837,33.14504001,19.41009192,38.51405926,29.53557109,35.09649175,26.40406613,20.33020759,8.562729965,55.60823495,6.670882516,13.34307308,12.08274447,7.721745362,16.04518817,15.88702532,9.543355145,14.68159739,21.1273153,43.17074259,28.74080687,23.18335665,20.20217539,86.44648535,TRUE,0.115203204,4.138060295,0.328214944,4.708443884,0.083114935,4.376612168,0.7195,20,20,9,10,0.5005,0.2055
Resilient_hab.db,17,20.64955575,5.490997821,21.96946845,7.461135525,45.1831706,20.4291686,10.89612696,23.50108659,15.86268653,19.35475681,16.68580963,12.39577706,6.65561215,43.57658474,3.657290585,8.722166706,4.642204027,5.299862565,11.15975212,9.554240148,4.306120659,5.999703335,12.98636195,27.9279151,17.69114305,13.9466166,9.719288219,60.75863338,TRUE,0.109951258,4.847216333,0.112630034,4.480764102,0.088885205,4.038996715,0.7665,16,17,9,10,0.475,0.3075
Resilient_hab.db,18,82.60224027,43.06230973,82.9029411,56.39751929,132.1678455,80.45204422,68.21711599,85.00627829,80.4187419,93.53296205,61.30440752,54.85672128,30.30893736,86.03545867,38.00189227,53.10613012,55.53435406,39.86723058,45.26039992,54.28319564,44.98091882,54.89667178,72.78918065,87.5057761,87.7537792,77.54690004,68.60017002,155.2174621,TRUE,0.244042575,3.795326904,0.188146431,1.921411685,0.192834175,4.549958874,0.6035,31,31,14,15,0.459,0.1665
Resilient_hab.db,19,44.33028718,18.04414786,45.04928908,26.7576129,83.31485728,42.77421206,36.25863594,47.44390017,43.60577837,53.63258637,30.82623759,25.66860598,10.33153588,53.79078392,15.42316836,25.80738421,28.32930246,17.06290897,19.74527111,25.44202592,19.42385786,27.46556672,43.1492619,49.47364616,53.39404725,45.58049663,35.8655466,102.1600255,TRUE,0.135715145,4.351112996,0.179881204,5.210548089,0.159512296,4.420829082,0.649,23,24,13,14,0.3705,0.243
Resilient_hab.db,20,22.48562235,8.412523324,24.65581701,8.721644896,43.83773095,21.53160073,5.60756221,27.27680513,14.62386185,14.87529421,23.41281409,17.65456784,13.8409674,57.09297743,5.185472567,6.190841599,1.874086448,6.131041596,16.20885503,9.738340118,5.245074649,6.927877889,4.763623915,34.40469742,7.105373469,4.945371322,7.185710034,60.55828764,TRUE,0.103630834,4.825989884,0.118080673,5.547148791,0.046869741,3.741922515,0.8115,13,13,5,5,0.5405,0.2105
Resilient_hab.db,21,28.94569853,8.628257729,29.4945128,14.66731104,61.99709094,27.72434413,23.54905853,31.93478897,27.87291428,36.47666266,19.28720188,15.42133332,3.341082645,43.12918654,7.677013014,16.3755046,18.07461184,10.66522731,9.58174251,14.32759495,10.00560227,16.74236696,31.21860269,35.41822601,38.53536095,32.42091155,23.48200461,79.68505695,TRUE,0.105778682,4.823060726,0.135411113,4.083544871,0.050371593,4.440836192,0.6985,21,21,11,12,0.3185,0.2405
Resilient_hab.db,22,51.89268227,19.64852762,53.50031112,28.22587864,91.48426971,49.31025659,29.94805392,56.70389059,45.47834037,52.16771786,40.5490654,32.68749883,15.61755493,73.3834833,13.53698893,21.24838577,21.59027617,14.12625473,25.60446289,25.84883453,18.29032084,25.89718948,30.11403553,62.43730566,39.94714711,33.1777202,32.9301742,113.7658977,TRUE,0.13173882,4.227121244,0.199409215,5.165678429,0.191140119,4.199533776,0.6935,23,23,8,9,0.553,0.0975
Resilient_hab.db,23,77.45276091,38.02743094,78.97729255,50.46990607,126.5211691,75.49219956,57.00740723,81.65030924,73.05362845,84.46900844,60.68841208,52.82745546,27.03234207,92.66539262,31.32249162,43.08319786,46.66213815,32.41981763,41.38257624,47.33737367,38.29480947,49.6999736,60.11350814,87.52457552,73.27594562,63.71284558,60.77601228,151.5427112,TRUE,0.113973641,4.460574222,0.171138283,2.941346535,0.080272433,4.45064133,0.6225,29,29,8,9,0.505,0.0855
Resilient_hab.db,24,3.204004903,8.360124061,4.580151204,4.342938294,16.18232445,7.856731517,15.55770857,3.64395585,4.096587155,9.494716793,7.904788022,9.620418157,7.755943004,29.21695786,13.20764243,17.28704467,14.57552358,18.42655514,7.419536677,11.23132819,9.853762067,10.72632269,27.9855702,9.734121854,26.42216035,24.13608641,12.55316222,26.57486888,TRUE,0.101950405,4.950524614,0.115140038,3.154707234,0.055407017,2.940415636,0.7985,13,13,5,5,0.1795,0.5335
Resilient_hab.db,25,37.48158746,11.37287386,38.58219128,18.37281527,72.54940168,34.91694065,21.89211948,41.72985497,33.15097854,39.40414735,27.19863425,20.65723431,8.67834817,55.06234359,7.329138591,14.63354798,14.70619195,8.210616346,16.28030864,16.70796038,10.71066529,16.81357665,24.16859734,45.29241883,32.80593224,26.77489448,22.74362134,91.790705,TRUE,0.183865164,4.714383934,0.100485462,3.954629749,0.056107864,4.435475342,0.7025,20,21,11,12,0.4785,0.172
Resilient_hab.db,26,59.17230903,25.58071467,60.52354774,36.34132042,103.210783,56.71178713,42.21598131,63.63609082,56.00076526,65.68527053,44.38830933,36.9409983,17.65890865,72.57473252,20.11960629,30.09054429,33.21386642,20.53293064,29.32442782,33.27066961,25.74131522,35.47901484,45.94358654,67.02526796,57.79204077,49.24887363,44.08130712,125.1268331,TRUE,0.169531107,3.418453156,0.129493462,3.209109878,0.012402506,4.564986546,0.6345,25,25,11,12,0.474,0.1445
Resilient_hab.db,27,26.14985993,66.75431902,27.43050216,48.10632422,7.661004588,37.22133379,62.48636318,22.29938409,28.72581836,27.81820579,48.7199899,58.46536861,75.92809129,63.21648684,80.37640796,78.70733091,66.53445854,89.19757675,64.63274601,65.40640931,68.40818732,57.70762586,78.87010916,29.82142404,65.18927369,69.51129587,53.16772701,6.225809008,TRUE,0.129566436,4.979333405,0.20502435,3.525293158,0.015088075,1.357283222,0.976,1,1,1,1,0.021,0.9325
Resilient_hab.db,28,71.10220822,35.45148833,72.36141215,47.59297213,118.7934095,69.52629777,56.85348283,74.75657349,69.28287638,81.45302594,53.99789167,47.15131414,23.88343868,80.88713865,30.23721528,42.48093732,46.67851063,31.19159104,37.6228919,44.93089317,36.64352715,47.70889099,62.53194829,78.16920861,75.72136269,65.88293125,58.52726432,141.4675996,TRUE,0.133404916,4.720073353,0.226935775,3.163220659,0.030877407,4.451891747,0.6025,28,28,11,12,0.4385,0.1725
Resilient_hab.db,29,57.10769215,23.97559011,59.41773305,33.44389028,99.92839425,55.39156456,35.47415758,62.48328541,51.56278211,59.83745139,46.44462725,38.32333128,17.36200103,81.31563743,17.37660803,24.96590999,27.99527867,17.75030436,28.6609411,30.45139067,22.80026591,33.09512898,37.66012156,69.574945,47.6519783,39.87098144,40.13075424,123.629745,TRUE,0.150665659,4.29959636,0.279334549,3.668370853,0.01781498,4.254602801,0.6635,24,24,5,6,0.52,0.087
Resilient_hab.db,30,34.00278621,16.10225477,34.98433434,22.69755627,69.20964038,34.57882256,35.41468106,36.50374063,36.1412052,47.42934257,24.36944491,21.55403532,6.980544498,45.36582306,16.15123395,25.8825903,30.18479189,19.06660313,14.60790409,22.91814565,18.68339618,27.44898907,47.47123804,39.32126286,55.15872835,47.60201227,34.73009486,86.18929709,TRUE,0.126033628,4.989859822,0.115326869,1.788031979,0.084849314,4.0989806,0.6495,22,22,11,11,0.2305,0.333
Resilient_hab.db,31,13.48745701,4.871879167,14.78059809,4.900260105,34.87907442,15.81929426,12.8347689,14.77561816,10.79234216,15.97014418,11.97588842,10.42653952,3.811056377,37.04965974,5.64809662,11.55201487,7.624650567,9.2287124,7.589519189,9.548940617,5.075427987,6.584698873,19.10459911,20.52540403,21.8596754,18.25382983,10.94513547,49.10172326,TRUE,0.246993298,4.886265037,0.281803009,3.906165009,0.048389916,3.79658214,0.7745,17,17,7,7,0.3635,0.4055
Resilient_hab.db,32,61.40259358,27.63127701,62.57727258,38.97989053,106.5861427,58.80126384,46.12052225,65.76671894,59.32744524,69.92947594,45.57648628,38.29196413,18.58621184,72.24046729,22.50202782,33.13382997,37.27366371,23.00622575,30.42976785,35.56583807,28.30622603,38.72037403,51.13438548,68.51034414,63.45731636,54.47878797,47.7840404,128.3894607,TRUE,0.195507221,4.251412465,0.115448744,2.01777761,0.098664318,4.673758285,0.6195,25,26,12,13,0.439,0.1495
Resilient_hab.db,33,56.24621899,24.8763507,57.90935388,35.05176959,99.57630293,54.64616533,41.43397849,60.57399732,53.847791,63.80872239,42.78279358,35.71981079,16.44125002,70.65676267,19.76895506,29.36047195,32.9404699,20.06981303,28.07688993,32.47672569,25.11082028,35.06386647,46.35012278,64.19987473,57.63296388,48.99318514,43.24412604,120.9829605,TRUE,0.104160057,4.734500094,0.122744864,1.835224178,0.109324066,4.51657637,0.6285,24,25,10,11,0.4515,0.1825
Resilient_hab.db,34,56.05129874,22.44212017,57.36618044,31.86211798,96.99916534,53.33274905,35.1561323,60.37542879,50.30423833,57.64678039,42.49233394,34.68666591,17.56200488,72.80705696,16.35526137,25.36669743,25.32227573,16.68635195,28.50335141,29.62261491,21.4851564,28.75434637,35.31667165,64.53320353,46.42201307,39.07209426,36.81969612,118.7884522,TRUE,0.330702716,4.633250458,0.346051458,3.264890615,0.049336036,4.191814388,0.676,24,24,11,11,0.5605,0.1295
Resilient_hab.db,35,32.23381821,9.268934429,33.97960575,15.80724182,66.40245083,29.8566446,18.01054505,37.59037244,29.04384491,34.96289462,24.51889174,17.70012527,7.167774892,52.51607093,5.360650421,10.64954789,12.83535067,5.339243595,13.80403424,13.31637184,8.378666448,15.79319799,21.95713256,40.8056837,29.60449567,23.57405013,19.37669833,84.90789547,TRUE,0.33018707,3.991525118,0.306646685,3.625383726,0.030201725,3.866802628,0.6885,18,18,10,11,0.4415,0.1875
Resilient_hab.db,36,36.98329252,12.19008291,38.63649029,16.72105293,66.1303992,32.88060572,11.89884646,42.99975209,28.23375245,29.12359264,31.4260321,22.94954661,16.78617491,65.05745277,6.378570719,9.035032445,6.125567036,5.895026504,21.46420485,14.33878389,8.738864906,12.20748913,8.267918743,47.94879965,14.57594816,11.03056407,14.12079675,85.29289128,TRUE,0.222777589,4.468501935,0.373708267,5.554085054,0.021561278,4.203386138,0.7715,15,16,9,10,0.615,0.087
Resilient_hab.db,37,7.378122606,4.818487295,8.777331709,3.884118301,26.46164795,10.11585312,13.20213853,8.962856976,7.626654248,13.39814359,8.04464108,7.447428585,3.494350695,29.96639793,7.327579563,12.1003594,10.70613639,10.91041899,5.327866577,8.256417644,5.78966653,8.299671804,23.51724897,13.59373449,24.86366538,21.35301427,10.88053039,38.70383822,TRUE,0.168056683,4.989673124,0.117175169,2.559438887,0.057470287,3.813127568,0.7605,14,15,7,8,0.249,0.457
Resilient_hab.db,38,35.68296936,14.19261916,36.40969951,21.06607157,70.99707747,35.35663302,31.83764943,38.01330937,35.55005122,45.34037755,24.44482459,20.64109777,6.894403332,46.40957971,12.93912037,22.96620624,24.55920804,15.3171807,15.17759838,21.35496161,15.86180808,22.72161545,39.96900718,40.51227588,48.64288035,41.47896814,30.68975081,88.42903032,TRUE,0.102430552,4.907637018,0.106180804,2.480304715,0.048557582,4.124482418,0.6675,22,23,12,13,0.3335,0.3045
Resilient_hab.db,39,82.16406967,44.71605479,81.77578398,57.9401315,131.0433406,80.43171533,73.6560815,83.3947694,81.88284548,96.46928888,59.48791171,54.58889769,30.37846671,80.29774047,41.42967846,58.30094786,60.82510694,44.49289226,44.95992275,56.73519831,47.98834219,57.5350951,80.70926474,84.85353911,95.74966862,85.35207753,72.58422038,152.8999238,TRUE,0.150782686,4.605905372,0.110349858,3.001221676,0.023017901,4.351300059,0.5985,32,32,16,17,0.382,0.216
Resilient_hab.db,40,2.213176044,15.62332416,4.110668608,7.744052526,7.015668987,8.191674713,16.6733811,2.374669002,2.36542177,4.671563352,12.57408459,15.07678504,19.22931632,33.95526923,21.35875006,22.41977225,16.84114297,26.10247931,16.29662926,16.72146016,15.98907398,13.61374251,28.01557145,8.78882166,23.39330378,22.98775624,12.48593998,14.53525502,TRUE,0.210223671,4.937115452,0.381617244,3.898368379,0.066467643,3.092608564,0.8445,8,9,3,4,0.207,0.624
Resilient_hab.db,41,35.5658057,10.95797078,37.68963951,16.96219831,69.77888554,33.80197075,17.43730474,40.91043886,30.11004187,35.4608894,29.28155819,22.19939829,9.063030324,62.10301344,6.149718291,11.03062664,12.09437531,6.650675839,16.26366688,15.06796413,9.32233987,16.6110465,19.53421787,47.08419554,26.50460415,20.8695783,20.5571477,90.11470279,TRUE,0.270170632,4.776755546,0.25351753,4.511792734,0.066392938,4.208638825,0.7135,19,19,6,7,0.4935,0.1415
Resilient_hab.db,42,57.08879897,25.70675301,58.16069235,35.67782744,100.1063688,56.0083926,44.7656889,60.16708386,54.79654043,65.76861347,42.44274855,36.60818678,15.96042745,69.44938812,21.60831659,33.01251285,35.55788004,23.45433289,27.76187191,34.32094143,26.77401365,36.01777997,50.34610054,64.4844398,61.61976766,53.04598184,46.12297393,121.6605387,TRUE,0.218565403,4.835394918,0.351861431,3.367429854,0.055815044,4.336768493,0.6415,26,27,10,11,0.4225,0.1925
Resilient_hab.db,43,44.91177112,15.55090007,46.21255084,23.83658411,82.94991737,42.0008223,26.74677915,49.6003297,40.29185776,46.99747931,33.31324283,25.89410283,11.98772682,62.14503926,10.45302344,18.08299571,18.89287314,10.71623243,20.90095354,21.33771629,14.68144429,21.817548,28.4051919,53.10374837,38.18002976,31.46733934,28.1771169,103.2794547,TRUE,0.240555366,4.65147297,0.340018958,4.274866974,0.095305686,4.313345026,0.6835,21,22,11,12,0.507,0.1455
Resilient_hab.db,44,32.57103975,9.169985017,33.78461897,16.15761489,67.25993198,29.87619184,20.22489994,37.44693461,30.09059236,36.85845157,23.22989411,16.9542249,6.190097965,49.42867513,5.951937107,12.47084576,14.81363542,6.644465546,12.73126101,13.69614997,9.007241088,16.43670809,25.05912189,40.07294778,33.15291317,26.94893723,21.0477127,85.62632966,TRUE,0.164772266,4.216227716,0.478001933,3.380341511,0.0454787,4.473381344,0.686,19,19,12,12,0.407,0.1855
Resilient_hab.db,45,31.70595967,10.82230445,32.35759535,16.97449059,65.15295633,30.99923131,26.35761061,34.16577082,30.60622812,39.19010655,21.28434102,17.32348996,5.261694627,43.98886419,9.479584512,18.75690627,19.27106597,11.85101539,12.66024808,17.35626784,12.02372597,17.87420109,33.17701993,36.85575211,41.26410937,34.80251384,25.20564212,82.33752391,TRUE,0.247637087,4.847194402,0.240085987,3.253717282,0.024013255,4.310338495,0.6885,21,22,12,13,0.3585,0.2895
Resilient_hab.db,46,54.26076037,24.32191408,55.80050303,34.03056392,97.23112539,53.44336598,42.19564037,58.05038361,52.3917436,63.43450569,41.4804122,35.48675652,14.43450426,69.93581117,20.19914015,30.4009856,34.58862465,21.84403625,25.75340688,32.12632064,25.24237732,35.7823859,48.97413521,63.20211192,59.42578415,50.83890261,44.69444025,119.0830232,TRUE,0.182859614,4.869818322,0.173644876,2.608893845,0.0649781,4.192778483,0.6365,25,26,8,9,0.3935,0.1795
Resilient_hab.db,47,38.41837683,15.64802854,39.72807153,23.30106185,75.78815256,37.82845443,32.34077319,41.94159463,38.28015643,48.18245763,27.90681494,23.1332956,8.041496386,51.95874818,13.47527408,22.41281042,25.99684801,15.03859784,16.71870808,22.26655544,16.92122707,25.68809068,40.76361229,44.88372233,49.57499258,41.95232183,32.56996908,94.22782727,TRUE,0.206837602,4.97099309,0.254376171,1.834472873,0.055686513,4.709058502,0.6495,22,22,11,11,0.3365,0.268
Resilient_hab.db,48,73.75822474,36.53346768,76.03442716,49.23476241,122.8450403,71.29063676,53.53143836,79.46663972,71.01357569,81.55534685,58.35485031,49.20234723,26.85143805,88.23099164,29.15388624,38.60030025,44.30141116,27.7056815,40.78131888,44.50505927,36.13588935,48.525784,57.39065081,82.65988863,70.7600514,60.77501285,56.662762,146.1967813,TRUE,0.314074006,2.569355803,0.555605558,1.786867661,0.02523204,4.572223339,0.5855,25,26,10,11,0.506,0.1285
Resilient_hab.db,49,12.62934093,43.63742731,13.66695845,29.02606728,2.683209757,22.15508173,43.95885915,9.354687506,15.10523729,16.36854317,29.43851105,37.48138587,49.58454332,44.43272977,55.300018,56.09918742,45.97293655,63.50498563,41.52622807,44.02680366,45.64303967,37.61850802,59.56134503,16.06987106,49.48471868,51.8920963,35.63209262,4.11989763,TRUE,0.177911293,4.88430992,0.529517222,4.953954113,0.05266268,1.313471565,0.9265,5,5,3,3,0.0555,0.846
Resilient_hab.db,50,42.1839895,17.76680692,46.18211722,22.4057483,74.77325082,40.15041154,13.68224971,50.37536505,33.25796183,34.73570966,42.1464662,32.17464449,20.33931496,83.7298139,9.861274568,9.16756171,10.64822708,7.725107216,26.72839825,18.85442193,13.00682895,21.07038438,11.76813653,59.36468383,16.75974549,12.17683137,20.27161769,96.65954378,TRUE,0.35362376,1.538091476,0.554011837,5.184535626,0.152472808,4.176264335,0.7355,14,15,0,1,0.6205,0.06
Resilient_hab.db,51,2.30940388,15.48976101,3.3895396,7.82197196,7.145844219,8.470974909,20.1893762,1.097387662,3.201638051,6.716663062,10.31999264,14.0530425,17.6921381,28.83817817,22.4015548,25.75891373,19.15407844,28.43936396,15.02990583,17.85022448,16.9409593,13.64556582,32.39093655,6.881837639,28.37655804,27.81798208,14.6615377,14.19339529,TRUE,0.215362591,4.858386478,0.568861431,5.207956288,0.081368589,2.554980742,0.8475,10,11,5,6,0.173,0.6515
Resilient_hab.db,52,31.14305047,9.169555483,32.38114332,14.77170379,64.32759805,30.37480938,20.70140923,34.61622504,27.75605866,35.18992739,23.30180791,18.5392957,4.825090331,51.89291306,6.737047409,14.23867218,14.91459611,9.256725553,11.79217113,14.63449201,9.329183691,15.95047284,25.89490356,40.31406643,32.75102904,26.92378461,22.14905675,83.4913499,TRUE,0.204200307,4.85519725,0.43133779,4.168432348,0.039217656,3.969411616,0.7145,21,21,8,8,0.3975,0.2065
Resilient_hab.db,53,8.451156179,33.92118204,9.979587949,20.99891673,2.888136186,17.48991602,33.72312072,6.015357788,9.522225991,10.97553011,24.01458109,30.3813364,39.00259516,42.52418339,43.46255624,44.25922632,34.91065915,50.71650271,32.96140795,34.71904866,35.13464323,28.61090511,47.44905152,13.75951234,38.76856874,40.39656731,27.13111578,6.675788039,TRUE,0.166074698,4.917420417,0.593498105,4.541958117,0.04320822,1.673103799,0.9085,6,7,1,2,0.1235,0.78
Resilient_hab.db,54,11.84386834,38.34254254,13.21659079,24.31327255,2.426492745,19.03221621,32.74044369,10.55773985,11.04721047,9.317653235,28.98862182,34.31801137,48.26844606,48.49716402,47.40346718,45.73889985,34.92381895,53.89933094,39.67754584,37.027976,38.33332095,30.07297721,43.42511161,17.49523016,33.70615995,36.8792722,26.06407675,5.345558406,TRUE,0.122210777,4.890260969,0.539533198,5.42910415,0.030619108,1.791960481,0.9465,3,3,3,3,0.1785,0.7265
Resilient_hab.db,55,33.01639827,10.07804924,35.06692912,15.10598198,65.78270469,32.03952509,16.44419339,37.73836561,27.37329819,32.97359476,27.89608817,21.69222296,7.752322047,61.71053445,5.96950824,11.06556803,11.63734116,7.560021723,14.48965169,14.21222048,8.674005326,15.61463998,19.2035594,45.51269112,25.1460489,19.9154978,20.04360744,86.32932385,TRUE,0.130236962,4.789441618,0.55927163,5.390402638,0.017249712,4.189938887,0.7325,19,20,4,5,0.468,0.144
Resilient_hab.db,56,17.01935295,50.40552314,18.52669138,34.18449081,3.953530857,26.96687927,46.60757049,14.07210347,18.16336511,17.59948305,36.84144082,44.67944962,58.65734805,54.07941293,61.75512613,60.65624201,49.24364907,69.56529245,49.62913057,49.75915344,51.42426505,42.27104533,60.71095788,21.82448626,49.18724957,52.52561084,38.66047284,4.989431499,TRUE,0.246678976,4.91910317,0.568153492,5.424809956,0.049555618,1.209308178,0.9525,3,3,1,1,0.0965,0.8525
Resilient_hab.db,57,41.07729424,14.50188591,42.91339717,19.70147544,72.57433175,38.2689474,16.97653861,46.2454734,32.45733949,34.77632583,34.35219039,26.3029197,16.64652959,68.12847894,8.474752302,12.7480391,9.42687966,8.236269876,23.5260219,18.39212556,11.43917098,15.21870446,13.66370018,51.76441355,20.91792845,16.47602076,18.91779233,92.42777688,TRUE,0.21143472,3.677949081,0.583992862,5.918855052,0.066684701,4.023834018,0.7535,18,18,8,9,0.63,0.1275
Resilient_hab.db,58,6.412248713,30.27015697,8.24159202,18.24916047,2.239244504,14.10809838,28.25563349,5.535192134,7.267818521,7.997331159,22.09787667,27.04967285,36.50708037,41.74910377,38.78768469,38.10845223,30.47118599,44.86524106,30.05942612,29.95164348,30.88826997,25.72507386,41.38764006,12.57903919,33.04388647,34.55303029,22.59266549,6.537323456,TRUE,0.202312574,4.89559458,0.50699334,4.360236213,0.066042002,2.707225653,0.896,5,5,2,2,0.1385,0.724
Resilient_hab.db,59,4.137468312,16.95635777,5.597935754,8.158968118,6.088293445,9.031083785,14.7933815,4.260199865,2.024503264,2.110293994,14.63468071,16.75164566,23.77631618,37.08629557,22.34124759,22.77321691,14.42535146,27.23964323,19.57790886,17.34813064,16.50459931,11.76749916,22.809256,10.76291689,17.72278262,18.58404573,10.28100512,13.39959905,TRUE,0.219379437,4.914607524,0.569200004,3.918470286,0.073756821,2.602157206,0.8865,7,8,4,5,0.2735,0.5845
Resilient_hab.db,60,45.94466922,16.97532283,47.43178914,24.48005006,83.18986846,44.28079279,27.93211936,49.82185158,40.45714543,47.150509,35.17617855,28.31219316,12.99110831,65.38331477,11.86576182,19.91887722,19.11870435,12.61494937,22.66385516,23.50218782,15.95006565,22.16783885,28.89842416,54.73117202,38.27604186,31.6973083,29.33122708,103.7918723,TRUE,0.137976374,4.295925439,0.533195906,4.952238038,0.111309501,4.331845059,0.6965,22,23,9,10,0.5355,0.1755
Resilient_hab.db,61,57.02389481,24.06759032,57.5440837,34.59901054,99.65451973,54.1739136,42.52142214,60.45983885,54.33137946,64.12681329,40.44617252,33.82779803,16.38695275,65.36490664,19.62739808,30.98102242,32.64482605,20.7852009,27.47152097,32.24996045,24.86559237,32.97482978,46.25889086,62.51806359,58.43566712,50.19495084,42.73023958,120.4180066,TRUE,0.251918708,4.371561684,0.546768781,4.422665555,0.089504627,4.529524946,0.6455,25,26,14,15,0.457,0.1695
Resilient_hab.db,62,35.29621704,10.51720054,36.49434261,16.18811438,67.2023696,32.80593234,17.82166147,39.44932975,29.38355311,33.64250291,26.51516816,19.84063393,10.48233039,55.16643421,6.204317671,12.4287313,10.00376069,6.713554196,17.38713696,15.38197686,8.992978969,12.96231029,17.64667871,43.01454031,25.53809744,20.45025386,17.96876003,85.61344531,TRUE,0.242943169,4.412701572,0.562882031,5.071405912,0.129350069,4.295380272,0.7305,19,19,11,12,0.5425,0.191
Resilient_hab.db,63,40.67919331,13.84973738,42.31132543,19.41758468,72.51528385,37.4902598,17.21727071,45.83069189,32.55253449,35.055249,33.03099765,24.96613286,15.91781494,65.38577031,7.9737709,12.5971997,9.452010419,7.61406439,22.75513973,17.84650738,11.01022991,14.77271278,14.14025978,50.39381423,21.83511094,17.2334734,18.59582455,91.99264616,TRUE,0.24561128,4.524045134,0.588466905,5.664236496,0.112972144,4.231574388,0.7465,18,18,10,10,0.6215,0.133
Resilient_hab.db,64,34.39985378,11.4153209,35.16497397,18.0766726,69.09875538,33.34319209,26.36563199,37.29309854,32.39906871,40.87251364,23.77411647,19.26722474,5.883729279,48.50123152,9.390432647,18.51554199,19.2635989,11.73777058,13.65065199,17.91032902,12.32946467,18.76640449,32.33137334,40.7686728,40.64254348,34.1220247,26.16111012,87.39810797,TRUE,0.242440676,4.815027941,0.56184559,3.525684865,0.083446449,4.210639691,0.6905,22,22,11,12,0.381,0.246
Resilient_hab.db,65,41.4037435,15.04561927,42.59489851,23.44655401,79.64959076,39.17209196,29.4940521,45.71438458,39.55804544,47.99717397,29.652397,23.33837421,9.436962576,55.01021175,11.41458137,19.75249129,22.54122636,12.04703039,18.11801478,21.11529827,15.36893264,23.60428447,34.86032117,48.08817629,44.53528633,37.20476137,30.10323794,98.79488636,TRUE,0.207515219,4.401398636,0.582652707,3.955875247,0.085816076,4.472102626,0.6575,21,22,12,13,0.411,0.203
Resilient_hab.db,66,49.67552385,18.88471082,50.6875394,27.28445744,88.41487525,47.62687019,32.40638962,53.15718554,44.54583475,52.15750335,36.73357918,30.14477512,13.82886233,65.61806451,14.06315336,23.55814904,22.81392685,15.35960104,23.99242934,26.20703058,18.49435715,24.88701524,33.71971341,57.47338255,43.99768648,37.03683536,33.3367136,109.2826961,TRUE,0.139401536,4.642259316,0.531399165,3.977562023,0.075826106,4.239776564,0.6895,24,24,11,11,0.5205,0.1665
Resilient_hab.db,67,2.438843031,11.07377094,3.722077404,4.933635401,10.34126515,7.528225375,15.19103256,2.170582135,2.2024509,5.371821901,8.928528165,11.1314843,13.55521508,29.20091828,16.33971269,19.51513745,13.32618987,21.3421537,12.03464301,13.53721173,11.87592458,9.437834765,25.41549779,7.628937558,22.75448715,21.70491684,10.38454068,18.72074253,TRUE,0.147982637,4.908866188,0.450585783,3.754876603,0.087463598,3.195065402,0.8335,11,11,6,6,0.2345,0.5965
Resilient_hab.db,68,44.10387797,18.02080758,45.56178636,26.08013549,83.02143946,43.6031391,33.99901216,47.49568329,42.23060866,51.90536912,32.97495515,27.56870739,10.21357427,59.78590538,14.66551019,24.0069363,26.46843903,16.19420463,20.17402619,25.23192747,18.7037888,27.22969406,40.30599691,51.82823877,49.68484342,41.97317641,35.09758692,102.9668634,TRUE,0.195431557,4.821201234,0.579709739,4.460945932,0.016695531,4.217385595,0.657,23,24,9,10,0.4005,0.234
Resilient_hab.db,69,41.65965447,13.48485794,43.06393442,20.876448,77.82680826,38.76049658,22.47944738,46.50101186,36.2139297,41.91325071,31.53878003,24.09113967,11.28970568,61.65261514,8.360291967,15.05969225,15.14157152,8.688000691,19.38579406,18.61128366,12.16442245,18.63830933,23.31975296,50.69768546,32.21538313,26.14664111,24.23182619,98.04504292,TRUE,0.113105869,4.327422007,0.422306023,3.483070558,0.103624593,4.133918619,0.703,20,21,10,11,0.5225,0.1355
Resilient_hab.db,70,58.15331518,27.80470267,58.24536029,38.55447802,101.3045271,56.40210856,51.50853378,60.45037371,58.36073982,70.71840667,40.46726055,35.70913976,16.96484448,61.35373537,25.39484933,38.73924475,41.85424926,27.82814369,28.24403306,37.12691769,30.38060866,39.34814602,59.44122708,61.7161752,71.72027681,62.72617801,50.55564252,121.0653056,TRUE,0.105857777,4.789536504,0.439178569,3.337702044,0.117120933,4.259377674,0.6225,27,27,15,16,0.345,0.2375
Resilient_hab.db,71,41.9069348,15.07936924,44.34409787,21.27463867,76.10344486,39.54867003,18.86886206,47.721865,34.76665676,38.24229505,35.26328899,26.75217985,15.43194994,68.69676865,8.620599616,12.6294138,11.7309106,7.403817953,23.42562959,19.15317095,12.16356143,18.01801833,17.36893587,52.71391949,25.24602447,19.72998488,21.19650396,96.16759106,TRUE,0.367419881,2.607936213,0.221627047,4.79060855,0.115606469,4.200298781,0.714,18,18,8,8,0.6055,0.1495
Resilient_hab.db,72,15.50512524,48.19815292,16.82063434,32.56062014,4.097675203,26.14321274,47.61954014,11.77235556,17.54195167,18.58885845,33.93760753,42.50532973,54.15145313,50.06669556,60.05384363,60.59625536,49.53092636,68.56551643,46.19108734,48.74024169,50.02441459,41.37823257,63.13264684,19.66742995,52.22845481,54.90600627,39.37571303,5.431479445,TRUE,0.188658698,4.988320492,0.495261299,3.509143087,0.099198847,1.104538233,0.9385,5,5,1,1,0.065,0.876
Resilient_hab.db,73,35.48164404,14.93115132,36.5727833,21.11477728,70.68908675,36.48111849,32.39953872,37.4871961,34.98762719,45.46239803,26.05558137,22.91830499,6.312031171,50.85036356,13.91504017,23.92502301,25.81153987,17.25037289,14.9053363,22.30045672,16.69917125,24.25916516,41.48733854,42.59361879,49.11692137,41.98920699,32.64376127,89.20551558,TRUE,0.171506909,4.843496324,0.468038282,4.202387491,0.083386019,4.042050574,0.6775,23,24,8,9,0.3125,0.2995
Resilient_hab.db,74,58.03490434,28.46022817,58.75669229,39.69575028,101.9400223,55.6577482,50.40639694,61.7676667,59.26554234,71.01229141,41.3234423,35.2827916,18.50392373,61.54098405,25.23512774,36.68098086,41.88085089,25.71128137,29.53406546,36.6129555,30.42517579,40.65649939,58.79539657,61.39721619,71.30099675,61.92464989,49.58727361,121.0090421,TRUE,0.308357719,3.106629628,0.260036784,1.518581283,0.059941758,4.547815715,0.5935,24,25,16,17,0.3475,0.2445
Resilient_hab.db,75,50.64705076,24.17673457,54.72655145,28.4628164,82.43195742,48.4158845,17.57627768,58.71114006,39.39709946,39.20816829,50.53249843,39.81157798,28.66775358,93.93700897,15.08563396,14.08354668,12.82989415,12.39517464,35.62070442,25.4635976,18.36167706,24.56525107,12.05029891,68.013789,17.35001028,13.27044233,23.87900483,104.6224537,TRUE,0.285511611,1.59738414,0.300194138,5.992281837,0.128621904,4.258356851,0.7565,14,15,0,1,0.722,0.0515
Resilient_hab.db,76,49.53522959,23.1755826,50.4965994,32.5650937,90.87001741,48.88662318,44.04153759,52.58634886,50.08893049,62.08215561,36.02286616,31.42011839,12.63671942,59.47302441,20.97026721,32.10287328,36.77474175,23.21402731,22.9431891,31.20382811,25.33801717,35.46480314,53.57385058,55.62872917,63.88624639,55.22931247,44.58001458,110.6137579,TRUE,0.255236334,4.92443439,0.544060442,2.258493151,0.010894554,4.249757498,0.6265,25,25,11,12,0.31,0.2465
Resilient_hab.db,77,28.57511149,10.04148474,30.89900148,15.37911681,60.36800005,27.55850544,17.97748197,33.69244182,26.62589464,32.03774418,22.94610049,16.54597443,8.479720511,48.57109872,6.55307543,10.84610443,12.51951792,5.380509205,15.13895773,14.03863656,8.938899024,15.43311189,22.73798574,35.49698531,29.82316488,23.71561663,17.63231806,76.64769243,TRUE,0.16118153,1.698399765,0.4799928,3.006781051,0.079353029,4.314236524,0.6745,16,16,11,11,0.445,0.301
Resilient_hab.db,78,72.41453391,35.97263053,74.67150507,48.20172318,121.1829684,70.75939419,53.66898688,77.58959498,69.64940027,80.87344501,57.66573999,49.29824066,25.234132,88.57183973,29.14621328,39.09305988,44.75389788,28.7171042,39.20552879,44.27238816,35.93814269,48.51142008,58.43114881,82.29072489,71.16663514,61.25566951,57.370153,145.0474527,TRUE,0.230532343,2.725553851,0.384090731,3.616674957,0.187090355,4.57842905,0.595,26,27,8,9,0.479,0.129
Resilient_hab.db,79,44.95898183,19.74353511,48.97995556,25.05762116,78.0037375,42.35938786,15.88059449,53.29445381,36.50337343,37.26403695,43.32272041,32.52953728,23.34357464,81.66563811,11.16701658,10.46244408,11.1210275,7.287578846,30.48494244,21.17492668,14.61694577,21.66514451,12.6272422,59.20831438,19.06912744,14.06592551,20.40951876,98.37974314,TRUE,0.397497989,1.628646072,0.544679621,3.664293543,0.04694027,4.055643184,0.712,13,14,4,5,0.6735,0.115
Resilient_hab.db,80,35.06943991,80.45127655,36.35591327,59.7626748,12.48964603,47.46272849,75.24073048,30.29187152,37.87945993,36.45015326,59.98286669,71.08823845,90.36646511,73.61862164,95.35413401,93.33020013,79.58559503,104.8886557,78.00731592,78.95537287,82.25153536,69.88234506,92.30340896,38.33710657,77.02606559,82.12265193,64.97967933,9.555731164,TRUE,0.18013455,4.952098557,0.538809412,5.931524554,0.091060113,0,0.9995,0,0,0,0,0,1
Resilient_hab.db,81,38.93697499,13.42486628,40.73823476,18.54557284,69.59530082,35.55931107,15.18293403,44.43880264,30.89698061,32.57993071,32.20644997,23.80758668,16.6644961,64.16432354,7.411578881,11.04346191,7.863357131,6.376874682,22.91341137,16.73872516,10.18460575,13.57765899,11.79167973,48.40363147,19.15635497,14.82602969,16.33178911,88.35697131,TRUE,0.252249289,2.309479561,0.12296719,4.25998119,0.192840666,4.03425436,0.7475,16,17,10,11,0.631,0.1445
Resilient_hab.db,82,34.47419678,11.06278424,36.55161364,15.56072924,65.64712135,33.10665479,14.94400817,39.24044297,27.34530599,31.21370864,29.57618215,22.75936915,11.00136068,63.76328962,6.223942031,10.64011183,9.050666209,7.071392639,17.60935987,14.96476077,8.78063533,13.92907726,14.94977942,46.45187137,20.97336505,16.31644184,17.81173351,85.67568532,TRUE,0.192949807,4.598022497,0.485447239,4.908858698,0.062678163,4.156519789,0.749,18,19,5,6,0.543,0.1505
Resilient_hab.db,83,4.58023791,8.79613173,6.267256475,5.151799081,18.88031502,9.661311919,16.25708091,5.013030806,5.495476206,11.19490818,9.111391269,10.48701555,7.44441684,30.8313274,13.06085219,17.2597364,14.70184083,17.75299535,8.165922713,12.0941359,10.09041942,11.30413877,28.50849045,11.20620512,27.44107182,24.70175315,13.38303849,29.59762151,TRUE,0.199185522,4.886347125,0.498324589,4.642227045,0.08669176,3.41889804,0.785,13,14,4,5,0.2,0.548
Resilient_hab.db,84,50.38348014,19.46714283,51.84297661,27.87478602,89.67931319,48.47678277,31.64714387,54.41197507,45.04191282,52.45631911,38.50625284,31.36940219,14.44236746,69.0331363,14.03679754,22.6484507,22.67638507,14.80887662,24.79252134,26.34896988,18.62856655,25.76611997,32.88854982,59.41525732,42.93576207,35.88505364,33.51651119,111.0702743,TRUE,0.228838776,4.639591907,0.454583795,4.912950559,0.072546202,4.119542751,0.6845,23,24,9,10,0.5305,0.1525
Resilient_hab.db,85,54.81394573,22.80144954,56.95081307,32.05419848,96.95796424,53.34387435,35.25306855,59.74631254,49.89406124,58.39681177,43.86263419,36.23324465,15.99130414,77.04297663,16.75476848,24.78697917,27.4737063,17.27651939,27.19518629,29.55377387,21.95659745,31.75073841,37.99996368,66.15783315,48.02157411,40.21977296,39.04759918,119.8868769,TRUE,0.134990086,4.717783253,0.389985292,4.496550994,0.063106744,4.451666862,0.6615,24,24,6,7,0.505,0.12
Resilient_hab.db,86,35.06943991,80.45127655,36.35591327,59.7626748,12.48964603,47.46272849,75.24073048,30.29187152,37.87945993,36.45015326,59.98286669,71.08823845,90.36646511,73.61862164,95.35413401,93.33020013,79.58559503,104.8886557,78.00731592,78.95537287,82.25153536,69.88234506,92.30340896,38.33710657,77.02606559,82.12265193,64.97967933,9.555731164,TRUE,0.211098026,4.976854262,0.592264563,4.422522702,0.086143509,0,0.9995,0,0,0,0,0,1
Resilient_hab.db,87,36.23049258,10.91269302,37.76941685,16.504495,68.45372365,33.52332029,16.22501853,41.09178759,29.57637799,33.38731659,28.66406086,21.36142327,11.31852353,59.9635971,5.950215287,11.11892455,9.429046672,6.266238162,17.95974011,15.01999962,8.849362104,13.60464479,15.61697777,45.9276107,23.00283075,18.09805345,17.84577506,87.84045764,TRUE,0.170196025,4.546212665,0.592746576,4.718206587,0.078331084,4.468517429,0.7365,18,19,9,10,0.5525,0.145
,,,,,,,,,,,,,,,,,,,,,,,,,,,,,,,,,,,,,,,,,,,
,,,,,,,,,,,,,,,,,,,,,,,,,,,,,,,,,,,,,,,,,,,
,,,,,,,,,,,,,,,,,,,,,,,,,,,,,,,,,,,,,,,,,,,
,,,,,,,,,,,,,,,,,,,,,,,,,,,,,,,,,,,,,,,,,,,
,,,,,,,,,,,,,,,,,,,,,,,,,,,,,,,,,,,,,,,,,,,
,,,,,,,,,,,,,,,,,,,,,,,,,,,,,,,,,,,,,,,,,,,
db,id,loss,param_id_threshold,param_k_shelter,param_k_threat,param_delta_stay,param_sensory_prec_slope,mouse,metric_entropy,metric_laziness,metric_n_ch_co,metric_n_co_ch,metric_n_co_sh,metric_n_sh_co,metric_t_investigating,metric_t_shelter,,,,,,,,,,,,,,,,,,,,,,,,,,,
Resilient_def.db,78,1.1469,0.180407764,6.861623272,0.826247438,1.630272862,0,13_def1,3.20400457,0.814,10,10,5,5,0.148,0.565,,,,,,,,,,,,,,,,,,,,,,,,,,,
Resilient_hab_FAIL.db,18,2.3003,0.600207615,0.720644735,1.120970781,2.314835569,0.768483092,13_def3,4.395300543,0.756,12,12,7,8,0.195,0.221,,,,,,,,,,,,,,,,,,,,,,,,,,,
Resilient_def.db,55,3.1273,0.201111731,5.942374128,0.960001603,1.762287243,0,14_def1,3.555217019,0.8525,9,9,2,3,0.0845,0.585,,,,,,,,,,,,,,,,,,,,,,,,,,,
Resilient_hab_FAIL.db,75,2.8713,0.474978537,0.735021943,0.40967481,2.775568426,0.719183635,14_def3,3.901667725,0.8085,13,14,4,5,0.3685,0.228,,,,,,,,,,,,,,,,,,,,,,,,,,,
Resilient_def.db,14,1.3467,0.126221686,6.323842398,1.484498111,1.808775671,0,15_def1,2.613338322,0.903,6,6,4,4,0.098,0.672,,,,,,,,,,,,,,,,,,,,,,,,,,,
Resilient_def.db,42,6.3457,0.143695616,6.66008529,1.476698564,1.305955879,0,15_def3,3.022716129,0.783,13,13,9,10,0.147,0.5215,,,,,,,,,,,,,,,,,,,,,,,,,,,
Susceptible_hab_FINAL.db,49,2.348,0.562116301,0.513166255,1.064224019,4.241777657,0.779599742,16_def1,3.984038799,0.7835,10,10,1,2,0.4275,0.07,,,,,,,,,,,,,,,,,,,,,,,,,,,
Resilient_hab.db,51,1.0974,0.215362591,4.858386478,0.568861431,5.207956288,0.081368589,16_def3,2.554980742,0.8475,10,11,5,6,0.173,0.6515,,,,,,,,,,,,,,,,,,,,,,,,,,,
Resilient_hab.db,67,2.2025,0.147982637,4.908866188,0.450585783,3.754876603,0.087463598,17_def1,3.195065402,0.8335,11,11,6,6,0.2345,0.5965,,,,,,,,,,,,,,,,,,,,,,,,,,,
Resilient_hab.db,59,2.1103,0.219379437,4.914607524,0.569200004,3.918470286,0.073756821,17_def3,2.602157206,0.8865,7,8,4,5,0.2735,0.5845,,,,,,,,,,,,,,,,,,,,,,,,,,,
Resilient_def.db,57,7.4037,0.135512367,5.145068594,0.708029413,1.798279975,0,18_def1,3.433378673,0.775,15,15,8,8,0.1955,0.5645,,,,,,,,,,,,,,,,,,,,,,,,,,,
Control_hab_FINAL.db,34,6.381,0.513798117,0.271078611,1.133015332,1.060739951,0.87705756,18_def3,4.666456582,0.7555,11,12,7,8,0.1535,0.228,,,,,,,,,,,,,,,,,,,,,,,,,,,
Control_hab_FINAL.db,62,1.3093,0.515727116,0.298897194,1.155770898,1.009888668,0.816352739,19_def1,4.296422916,0.7375,15,15,8,9,0.1535,0.3055,,,,,,,,,,,,,,,,,,,,,,,,,,,
Resilient_def.db,28,24.9872,0.013192306,5.268041907,1.341752991,1.309428528,0,19_def3,3.695187819,0.695,19,19,16,16,0.182,0.4895,,,,,,,,,,,,,,,,,,,,,,,,,,,
Susceptible_hab_FINAL.db,5,1.8026,0.568142213,0.412685096,1.037225998,2.613226977,0.776791986,20_def1,4.177511677,0.7475,14,14,4,5,0.3715,0.0745,,,,,,,,,,,,,,,,,,,,,,,,,,,
Susceptible_hab_FINAL.db,24,1.2768,0.531651953,0.41390964,1.182777538,2.089778287,0.622883386,20_def3,4.439213218,0.7345,5,6,2,3,0.357,0.1065,,,,,,,,,,,,,,,,,,,,,,,,,,,
Resilient_hab.db,20,1.8741,0.103630834,4.825989884,0.118080673,5.547148791,0.046869741,21_def1,3.741922515,0.8115,13,13,5,5,0.5405,0.2105,,,,,,,,,,,,,,,,,,,,,,,,,,,
Susceptible_hab_FINAL.db,22,2.3349,0.746882201,0.602892196,1.351583253,2.124068703,0.602753783,21_def3,4.360964179,0.7055,13,13,4,4,0.4225,0.159,,,,,,,,,,,,,,,,,,,,,,,,,,,
Control_hab_FINAL.db,62,2.1188,0.515727116,0.298897194,1.155770898,1.009888668,0.816352739,22_def1,4.296422916,0.7375,15,15,8,9,0.1535,0.3055,,,,,,,,,,,,,,,,,,,,,,,,,,,
Resilient_hab_FAIL.db,25,3.0018,0.665375015,0.718894487,0.562195376,2.60938758,0.690246688,22_def3,4.281682272,0.8295,10,11,3,4,0.23,0.0975,,,,,,,,,,,,,,,,,,,,,,,,,,,
Resilient_hab_FAIL.db,58,2.8364,0.830166775,0.734315132,0.332184857,2.285588408,0.782920093,23_def1,4.346072157,0.7715,13,14,3,4,0.403,0.104,,,,,,,,,,,,,,,,,,,,,,,,,,,
Resilient_hab.db,17,5.9997,0.109951258,4.847216333,0.112630034,4.480764102,0.088885205,23_def3,4.038996715,0.7665,16,17,9,10,0.475,0.3075,,,,,,,,,,,,,,,,,,,,,,,,,,,
calibration.db,33,2.7163,0.582953175,0.472766494,0,1.419451408,0.582095713,24_def1,3.464592897,0.858,4,5,0,1,0.6085,0.077,,,,,,,,,,,,,,,,,,,,,,,,,,,
Resilient_def.db,77,6.558,0.19465149,5.735824491,1.196772465,1.747892392,0,24_def3,3.340437851,0.8135,10,10,6,6,0.0745,0.6445,,,,,,,,,,,,,,,,,,,,,,,,,,,
Control_hab_FINAL.db,51,1.6646,0.801735408,0.303597354,0.074175372,1.529782747,0.428132801,25_def1,3.755710101,0.882,2,3,0,1,0.4245,0.094,,,,,,,,,,,,,,,,,,,,,,,,,,,
Control_hab_FINAL.db,27,0.9424,0.568834512,0.651145654,1.496086078,3.22191556,0.200144416,25_def3,3.6980664,0.835,7,8,0,1,0.55,0.06,,,,,,,,,,,,,,,,,,,,,,,,,,,
Resilient_hab_FAIL.db,84,7.7945,0.675904292,0.305758318,0.374797732,1.090950188,0.673335522,26_def1,4.304864657,0.7995,11,12,1,2,0.41,0.1045,,,,,,,,,,,,,,,,,,,,,,,,,,,
Resilient_def.db,26,3.6624,0.134363192,5.178042798,1.382055521,2.284639358,0,26_def3,1.555892085,0.932,3,3,3,3,0.0225,0.867,,,,,,,,,,,,,,,,,,,,,,,,,,,
,,,,,,,,,,,,,,,,,,,,,,,,,,,,,,,,,,,,,,,,,,,
,,,,,,,,,,,,,,,,,,,,,,,,,,,,,,,,,,,,,,,,,,,
,,,scared,,,,,,,,,,,,,,,,,,,,,,,,,,,,,,,,,,,,,,,,
,,,explorer,,,,,,,,,,,,,,,,,,,,,,,,,,,,,,,,,,,,,,,,
